timestamp,open,high,low,close,volume
2026-07-10T00:30:00+00:00,63102.01,63168.0,62926.01,63049.8,275.88076
2026-07-10T00:45:00+00:00,63049.8,63117.51,62994.97,63113.93,73.24816
2026-07-10T01:00:00+00:00,63113.92,63128.72,62962.0,63126.98,82.23359
2026-07-10T01:15:00+00:00,63126.99,63394.41,63126.98,63393.78,158.01609
2026-07-10T01:30:00+00:00,63393.78,63460.1,63330.64,63394.0,103.55678
2026-07-10T01:45:00+00:00,63394.01,63999.99,63384.0,63749.86,885.29583
2026-07-10T02:00:00+00:00,63749.86,63892.49,63692.76,63871.04,287.14791
2026-07-10T02:15:00+00:00,63871.05,63951.68,63810.0,63815.9,157.1733
2026-07-10T02:30:00+00:00,63815.91,63920.0,63778.2,63872.18,323.89363
2026-07-10T02:45:00+00:00,63872.17,64050.23,63842.01,63961.99,249.63842
2026-07-10T03:00:00+00:00,63961.99,63986.79,63843.82,63928.37,138.11921
2026-07-10T03:15:00+00:00,63928.36,63928.37,63843.82,63850.3,100.24291
2026-07-10T03:30:00+00:00,63850.31,63937.0,63822.8,63934.0,76.89469
2026-07-10T03:45:00+00:00,63934.0,64050.0,63910.01,63947.2,95.67797
2026-07-10T04:00:00+00:00,63947.2,64030.91,63938.0,63974.0,92.29072
2026-07-10T04:15:00+00:00,63974.01,64049.0,63892.49,63892.49,85.37511
2026-07-10T04:30:00+00:00,63892.49,64156.0,63857.64,64100.0,297.55705
2026-07-10T04:45:00+00:00,64100.0,64176.86,64037.7,64047.88,92.58321
2026-07-10T05:00:00+00:00,64047.89,64047.89,63956.33,63984.4,93.48667
2026-07-10T05:15:00+00:00,63984.39,64016.79,63944.05,63979.72,155.46563
2026-07-10T05:30:00+00:00,63979.73,64200.0,63962.02,64179.37,138.06034
2026-07-10T05:45:00+00:00,64179.37,64185.3,64084.21,64115.99,120.92336
2026-07-10T06:00:00+00:00,64116.0,64162.0,64032.0,64033.28,91.76559
2026-07-10T06:15:00+00:00,64033.28,64042.0,63866.0,63906.0,104.97513
2026-07-10T06:30:00+00:00,63906.01,63947.5,63866.44,63887.62,69.55822
2026-07-10T06:45:00+00:00,63887.62,63926.51,63836.0,63854.71,86.6094
2026-07-10T07:00:00+00:00,63854.71,63916.0,63802.02,63916.0,65.48512
2026-07-10T07:15:00+00:00,63915.99,64011.9,63864.2,63964.87,79.48466
2026-07-10T07:30:00+00:00,63964.88,63964.88,63905.63,63948.28,151.74176
2026-07-10T07:45:00+00:00,63948.28,63999.0,63920.19,63963.0,269.38686
2026-07-10T08:00:00+00:00,63963.0,64035.2,63962.99,64024.0,203.84649
2026-07-10T08:15:00+00:00,64023.99,64392.0,64023.99,64331.99,412.02182
2026-07-10T08:30:00+00:00,64331.99,64367.96,64174.01,64200.0,195.10731
2026-07-10T08:45:00+00:00,64200.01,64287.16,64140.74,64246.01,134.91002
2026-07-10T09:00:00+00:00,64246.0,64270.62,64102.0,64216.73,241.87884
2026-07-10T09:15:00+00:00,64216.73,64421.94,64210.0,64417.05,381.18125
2026-07-10T09:30:00+00:00,64417.06,64480.01,64357.79,64466.12,292.29742
2026-07-10T09:45:00+00:00,64466.11,64478.42,64382.03,64385.09,135.65099
2026-07-10T10:00:00+00:00,64385.09,64406.0,64274.47,64294.64,93.59536
2026-07-10T10:15:00+00:00,64294.65,64438.76,64282.69,64437.49,121.97218
2026-07-10T10:30:00+00:00,64437.48,64494.84,64370.0,64476.0,88.39057
2026-07-10T10:45:00+00:00,64476.0,64491.89,64407.8,64407.8,96.89996
2026-07-10T11:00:00+00:00,64407.8,64479.61,64396.97,64449.54,94.45583
2026-07-10T11:15:00+00:00,64449.54,64467.99,64364.0,64427.01,89.77076
2026-07-10T11:30:00+00:00,64427.02,64427.02,64341.83,64395.61,79.19098
2026-07-10T11:45:00+00:00,64395.62,64480.0,64387.99,64425.18,73.87086
2026-07-10T12:00:00+00:00,64425.18,64608.0,63999.0,64542.48,481.22153
2026-07-10T12:15:00+00:00,64542.48,64542.49,64372.0,64500.84,274.18521
2026-07-10T12:30:00+00:00,64500.84,64525.29,64356.0,64369.99,201.51366
2026-07-10T12:45:00+00:00,64369.99,64390.09,64265.59,64286.64,125.03023
2026-07-10T13:00:00+00:00,64286.65,64343.11,64244.9,64244.9,132.72046
2026-07-10T13:15:00+00:00,64244.91,64274.06,64156.56,64161.86,151.29728
2026-07-10T13:30:00+00:00,64161.86,64442.0,64152.84,64381.15,245.49051
2026-07-10T13:45:00+00:00,64381.16,64692.83,64374.73,64484.0,297.17121
2026-07-10T14:00:00+00:00,64484.0,64516.0,64194.29,64210.0,215.5331
2026-07-10T14:15:00+00:00,64210.0,64254.9,63960.87,64135.77,320.2431
2026-07-10T14:30:00+00:00,64135.77,64322.0,63793.43,64099.55,479.40684
2026-07-10T14:45:00+00:00,64099.56,64144.0,63896.31,63914.87,323.54889
2026-07-10T15:00:00+00:00,63914.88,64079.62,63898.0,63990.0,222.22987
2026-07-10T15:15:00+00:00,63990.01,64210.0,63990.0,64143.31,169.3372
2026-07-10T15:30:00+00:00,64143.3,64169.07,63944.0,63955.84,194.53329
2026-07-10T15:45:00+00:00,63955.84,64040.0,63936.0,64040.0,151.72677
2026-07-10T16:00:00+00:00,64039.99,64087.23,63956.66,64056.02,146.75618
2026-07-10T16:15:00+00:00,64056.01,64155.19,63988.67,64012.04,148.41065
2026-07-10T16:30:00+00:00,64012.03,64036.0,63826.57,63937.91,175.3859
2026-07-10T16:45:00+00:00,63937.92,64220.0,63914.0,64140.01,200.91313
2026-07-10T17:00:00+00:00,64140.0,64158.58,63942.45,63960.0,114.82822
2026-07-10T17:15:00+00:00,63960.01,64017.03,63864.95,63978.0,125.70132
2026-07-10T17:30:00+00:00,63978.0,63978.01,63852.38,63881.99,124.23365
2026-07-10T17:45:00+00:00,63882.0,63936.76,63821.88,63823.99,126.8159
2026-07-10T18:00:00+00:00,63824.0,64003.99,63823.99,63890.18,180.34933
2026-07-10T18:15:00+00:00,63890.18,63982.41,63848.24,63924.57,102.98836
2026-07-10T18:30:00+00:00,63924.57,63940.0,63858.7,63883.99,108.6959
2026-07-10T18:45:00+00:00,63883.99,63884.0,63732.66,63810.0,174.14708
2026-07-10T19:00:00+00:00,63809.99,63900.0,63784.0,63882.05,86.42292
2026-07-10T19:15:00+00:00,63882.04,63922.38,63780.0,63861.09,100.9894
2026-07-10T19:30:00+00:00,63861.1,64077.56,63851.01,63986.01,272.43783
2026-07-10T19:45:00+00:00,63986.0,64020.0,63889.99,63917.88,767.68037
2026-07-10T20:00:00+00:00,63917.88,63920.0,63819.72,63819.72,380.64523
2026-07-10T20:15:00+00:00,63819.73,63946.36,63656.0,63732.25,605.96554
2026-07-10T20:30:00+00:00,63732.26,63904.0,63719.3,63883.84,88.12008
2026-07-10T20:45:00+00:00,63883.85,63883.85,63840.89,63841.25,52.08453
2026-07-10T21:00:00+00:00,63841.25,63985.51,63835.05,63947.99,72.6421
2026-07-10T21:15:00+00:00,63948.0,64018.0,63936.0,64010.15,61.83091
2026-07-10T21:30:00+00:00,64010.14,64099.56,63989.36,64039.89,116.09533
2026-07-10T21:45:00+00:00,64039.88,64040.0,63989.05,64011.99,56.73213
2026-07-10T22:00:00+00:00,64012.0,64054.75,63981.37,64051.83,93.97334
2026-07-10T22:15:00+00:00,64051.82,64138.99,64018.0,64132.07,128.35781
2026-07-10T22:30:00+00:00,64132.08,64160.0,64119.23,64123.97,94.68751
2026-07-10T22:45:00+00:00,64123.97,64169.39,64074.7,64112.29,191.12316
2026-07-10T23:00:00+00:00,64112.3,64120.0,64024.0,64120.0,76.11842
2026-07-10T23:15:00+00:00,64120.0,64203.09,64115.84,64190.0,51.1383
2026-07-10T23:30:00+00:00,64190.0,64222.61,64165.0,64222.0,260.26594
2026-07-10T23:45:00+00:00,64222.0,64222.01,64118.91,64161.72,302.73127
2026-07-11T00:00:00+00:00,64161.72,64168.49,64059.27,64068.76,156.93118
2026-07-11T00:15:00+00:00,64068.77,64130.76,64028.43,64109.54,28.26401
2026-07-11T00:30:00+00:00,64109.55,64147.27,64050.0,64147.27,87.8634
2026-07-11T00:45:00+00:00,64147.27,64147.27,64090.0,64124.0,42.72643
2026-07-11T01:00:00+00:00,64123.99,64162.0,64100.0,64138.0,89.03494
2026-07-11T01:15:00+00:00,64137.99,64310.0,64128.76,64228.82,162.93928
2026-07-11T01:30:00+00:00,64228.82,64269.01,64006.0,64060.0,106.90057
2026-07-11T01:45:00+00:00,64060.01,64109.08,64004.01,64012.95,46.54908
2026-07-11T02:00:00+00:00,64012.95,64058.0,63984.07,64006.98,46.52451
2026-07-11T02:15:00+00:00,64006.98,64070.2,64004.15,64032.55,28.82718
2026-07-11T02:30:00+00:00,64032.55,64145.81,64027.53,64145.57,59.00048
2026-07-11T02:45:00+00:00,64145.56,64166.0,64136.22,64158.04,71.13801
2026-07-11T03:00:00+00:00,64158.04,64188.01,64115.66,64188.01,42.44373
2026-07-11T03:15:00+00:00,64188.0,64195.04,64068.0,64116.44,73.81608
2026-07-11T03:30:00+00:00,64116.44,64184.24,64116.43,64159.1,23.67911
2026-07-11T03:45:00+00:00,64159.11,64190.0,64150.42,64150.42,34.85346
2026-07-11T04:00:00+00:00,64150.42,64150.43,64087.45,64119.35,29.2789
2026-07-11T04:15:00+00:00,64119.35,64169.99,64080.26,64140.45,98.76792
2026-07-11T04:30:00+00:00,64140.44,64213.55,64136.2,64154.43,43.50225
2026-07-11T04:45:00+00:00,64154.44,64170.0,64120.0,64152.0,51.97644
2026-07-11T05:00:00+00:00,64152.0,64198.12,64121.07,64164.04,117.36765
2026-07-11T05:15:00+00:00,64164.04,64200.01,64140.0,64200.0,94.34787
2026-07-11T05:30:00+00:00,64200.0,64221.99,64158.0,64200.01,272.8466
2026-07-11T05:45:00+00:00,64200.01,64200.01,64140.4,64176.01,51.41256
2026-07-11T06:00:00+00:00,64176.0,64210.0,64124.0,64174.99,95.98496
2026-07-11T06:15:00+00:00,64175.0,64278.0,64174.99,64228.71,60.12934
2026-07-11T06:30:00+00:00,64228.72,64265.74,64218.25,64218.25,57.03753
2026-07-11T06:45:00+00:00,64218.26,64237.59,64200.27,64219.1,89.69324
2026-07-11T07:00:00+00:00,64219.09,64227.58,64176.0,64218.0,147.92084
2026-07-11T07:15:00+00:00,64218.01,64256.55,64194.0,64204.99,190.35209
2026-07-11T07:30:00+00:00,64205.0,64232.0,64174.6,64174.61,42.96927
2026-07-11T07:45:00+00:00,64174.61,64177.91,64152.0,64162.18,41.42852
2026-07-11T08:00:00+00:00,64162.18,64250.0,64153.87,64230.77,51.26858
2026-07-11T08:15:00+00:00,64230.77,64274.81,64229.2,64250.56,41.10952
2026-07-11T08:30:00+00:00,64250.57,64300.0,64242.8,64286.86,44.80388
2026-07-11T08:45:00+00:00,64286.87,64286.87,64235.62,64265.98,31.93245
2026-07-11T09:00:00+00:00,64265.98,64275.81,64217.78,64217.79,46.71145
2026-07-11T09:15:00+00:00,64217.79,64270.21,64217.78,64270.19,27.09318
2026-07-11T09:30:00+00:00,64270.19,64300.0,64189.18,64189.18,144.41996
2026-07-11T09:45:00+00:00,64189.19,64189.19,64159.7,64167.34,129.31487
2026-07-11T10:00:00+00:00,64167.35,64204.02,64157.96,64204.01,77.34694
2026-07-11T10:15:00+00:00,64204.02,64204.02,64152.65,64184.01,107.11734
2026-07-11T10:30:00+00:00,64184.0,64186.58,64129.99,64130.0,183.24604
2026-07-11T10:45:00+00:00,64130.0,64196.0,64129.99,64196.0,53.54202
2026-07-11T11:00:00+00:00,64196.0,64215.32,64178.0,64210.0,128.36473
2026-07-11T11:15:00+00:00,64210.0,64212.01,64167.99,64175.85,97.74397
2026-07-11T11:30:00+00:00,64175.84,64213.57,64169.99,64185.0,134.3857
2026-07-11T11:45:00+00:00,64185.0,64198.0,64179.96,64198.0,56.94656
2026-07-11T12:00:00+00:00,64197.99,64225.99,64158.11,64214.25,217.80908
2026-07-11T12:15:00+00:00,64214.26,64228.0,64172.62,64181.72,90.35169
2026-07-11T12:30:00+00:00,64181.72,64181.72,64130.65,64141.99,63.27429
2026-07-11T12:45:00+00:00,64141.99,64198.0,64141.99,64195.49,36.87893
2026-07-11T13:00:00+00:00,64195.48,64203.89,64169.78,64186.43,91.24072
2026-07-11T13:15:00+00:00,64186.44,64213.78,64159.99,64190.7,110.83298
2026-07-11T13:30:00+00:00,64190.71,64266.0,64190.7,64239.93,102.29724
2026-07-11T13:45:00+00:00,64239.94,64265.66,64234.0,64235.66,47.81361
2026-07-11T14:00:00+00:00,64235.67,64276.21,64235.66,64264.01,44.39749
2026-07-11T14:15:00+00:00,64264.0,64450.0,64264.0,64380.9,193.46112
2026-07-11T14:30:00+00:00,64380.91,64504.11,64380.9,64419.78,203.64434
2026-07-11T14:45:00+00:00,64419.79,64431.86,64350.0,64350.07,109.92866
2026-07-11T15:00:00+00:00,64350.07,64484.01,64347.91,64463.99,130.71702
2026-07-11T15:15:00+00:00,64463.99,64474.59,64410.14,64429.83,109.88437
2026-07-11T15:30:00+00:00,64429.83,64450.0,63896.18,64094.69,678.31889
2026-07-11T15:45:00+00:00,64094.7,64191.04,64008.0,64175.75,266.70429
2026-07-11T16:00:00+00:00,64175.75,64214.0,64084.0,64186.68,174.03571
2026-07-11T16:15:00+00:00,64186.68,64230.96,64148.84,64220.0,114.80606
2026-07-11T16:30:00+00:00,64220.01,64273.63,64114.74,64146.0,116.0185
2026-07-11T16:45:00+00:00,64145.99,64180.01,64102.2,64180.01,63.66604
2026-07-11T17:00:00+00:00,64180.0,64224.0,64164.08,64206.67,47.77097
2026-07-11T17:15:00+00:00,64206.67,64300.0,64192.0,64300.0,58.51364
2026-07-11T17:30:00+00:00,64299.99,64402.0,64299.99,64359.51,101.39949
2026-07-11T17:45:00+00:00,64359.52,64388.82,64312.82,64315.53,65.26835
2026-07-11T18:00:00+00:00,64315.53,64342.3,64288.91,64304.99,101.88492
2026-07-11T18:15:00+00:00,64305.0,64395.17,64304.99,64341.3,77.4067
2026-07-11T18:30:00+00:00,64341.31,64360.01,64330.0,64353.29,55.11732
2026-07-11T18:45:00+00:00,64353.29,64353.3,64294.0,64327.99,39.83597
2026-07-11T19:00:00+00:00,64327.99,64328.0,64298.97,64323.19,57.84002
2026-07-11T19:15:00+00:00,64323.19,64338.0,64233.69,64233.69,61.23016
2026-07-11T19:30:00+00:00,64233.69,64285.9,64233.23,64270.63,52.15961
2026-07-11T19:45:00+00:00,64270.63,64290.0,64260.95,64286.0,31.09328
2026-07-11T20:00:00+00:00,64286.0,64350.0,64285.99,64324.61,81.5978
2026-07-11T20:15:00+00:00,64324.62,64360.0,64324.62,64350.0,25.98985
2026-07-11T20:30:00+00:00,64350.0,64463.83,64346.0,64415.05,63.86359
2026-07-11T20:45:00+00:00,64415.05,64425.87,64382.04,64382.45,25.77959
2026-07-11T21:00:00+00:00,64382.44,64427.56,64354.45,64354.45,29.91619
2026-07-11T21:15:00+00:00,64354.45,64396.0,64353.13,64367.22,30.2385
2026-07-11T21:30:00+00:00,64367.21,64372.95,64342.0,64350.0,32.55963
2026-07-11T21:45:00+00:00,64350.0,64380.0,64338.09,64355.99,23.80451
2026-07-11T22:00:00+00:00,64355.99,64424.03,64330.0,64357.17,71.48242
2026-07-11T22:15:00+00:00,64357.17,64364.65,64203.08,64251.3,91.42731
2026-07-11T22:30:00+00:00,64251.29,64302.0,64167.33,64211.57,106.80037
2026-07-11T22:45:00+00:00,64211.57,64222.0,64144.47,64203.08,33.60885
2026-07-11T23:00:00+00:00,64203.09,64246.0,64083.82,64139.1,74.06303
2026-07-11T23:15:00+00:00,64139.09,64181.3,63821.42,63932.8,458.51282
2026-07-11T23:30:00+00:00,63932.8,63959.87,63820.0,63955.36,278.4237
2026-07-11T23:45:00+00:00,63955.36,64018.85,63819.0,63819.0,66.45008
2026-07-12T00:00:00+00:00,63819.01,63909.92,63781.81,63782.0,217.12438
2026-07-12T00:15:00+00:00,63781.99,63906.0,63766.0,63829.87,417.2268
2026-07-12T00:30:00+00:00,63829.87,63864.03,63702.16,63796.01,671.93807
2026-07-12T00:45:00+00:00,63796.0,63874.27,63762.0,63828.47,996.21427
2026-07-12T01:00:00+00:00,63828.48,64045.18,63812.0,63918.75,165.36429
2026-07-12T01:15:00+00:00,63918.75,64002.0,63896.0,63947.96,83.28978
2026-07-12T01:30:00+00:00,63947.95,64172.66,63929.69,64156.01,89.43142
2026-07-12T01:45:00+00:00,64156.0,64165.03,64096.0,64133.61,56.16519
2026-07-12T02:00:00+00:00,64133.61,64133.62,64029.51,64053.2,256.83231
2026-07-12T02:15:00+00:00,64053.2,64131.97,64042.56,64110.77,262.06013
2026-07-12T02:30:00+00:00,64110.77,64120.0,64071.4,64080.26,54.50117
2026-07-12T02:45:00+00:00,64080.27,64121.87,64060.0,64070.39,335.176
2026-07-12T03:00:00+00:00,64070.4,64124.0,64035.68,64089.21,263.07165
2026-07-12T03:15:00+00:00,64089.22,64161.9,64089.21,64135.76,89.19172
2026-07-12T03:30:00+00:00,64135.77,64216.0,64135.77,64174.29,88.94444
2026-07-12T03:45:00+00:00,64174.29,64223.74,64155.25,64223.73,47.74338
2026-07-12T04:00:00+00:00,64223.73,64245.87,64170.11,64175.92,79.40626
2026-07-12T04:15:00+00:00,64175.91,64215.63,64069.99,64070.0,117.39341
2026-07-12T04:30:00+00:00,64070.0,64070.0,63943.68,64025.17,154.53863
2026-07-12T04:45:00+00:00,64025.17,64025.18,63963.26,63999.93,61.5749
2026-07-12T05:00:00+00:00,63999.94,64024.48,63980.93,63991.23,74.65911
2026-07-12T05:15:00+00:00,63991.22,63991.23,63911.28,63912.33,85.18367
2026-07-12T05:30:00+00:00,63912.34,63981.21,63900.0,63965.99,54.52701
2026-07-12T05:45:00+00:00,63965.99,63997.27,63959.93,63959.93,76.96965
2026-07-12T06:00:00+00:00,63959.93,63962.85,63732.0,63752.0,191.36529
2026-07-12T06:15:00+00:00,63751.99,63786.21,63640.83,63668.51,140.77048
2026-07-12T06:30:00+00:00,63668.51,63787.2,63640.83,63773.83,126.17217
2026-07-12T06:45:00+00:00,63773.83,63822.59,63722.0,63762.46,68.21287
2026-07-12T07:00:00+00:00,63762.47,63824.01,63740.12,63824.0,55.36641
2026-07-12T07:15:00+00:00,63823.99,63882.27,63803.02,63865.46,52.62745
2026-07-12T07:30:00+00:00,63865.46,63891.63,63850.55,63870.01,171.6627
2026-07-12T07:45:00+00:00,63870.02,63908.39,63846.84,63885.27,227.06926
2026-07-12T08:00:00+00:00,63885.28,64100.32,63884.2,64051.52,284.89122
2026-07-12T08:15:00+00:00,64051.53,64096.12,64000.0,64000.01,219.53587
2026-07-12T08:30:00+00:00,64000.0,64015.39,64000.0,64015.38,394.83513
2026-07-12T08:45:00+00:00,64015.39,64015.39,63930.0,63983.18,450.50937
2026-07-12T09:00:00+00:00,63983.18,63991.57,63890.0,63890.0,518.07993
2026-07-12T09:15:00+00:00,63890.0,63890.01,63764.0,63828.14,705.29112
2026-07-12T09:30:00+00:00,63828.14,64062.17,63828.14,64007.91,986.83627
2026-07-12T09:45:00+00:00,64007.92,64021.99,63953.76,63961.61,879.29071
2026-07-12T10:00:00+00:00,63961.6,63961.6,63896.99,63928.84,31.95227
2026-07-12T10:15:00+00:00,63928.82,63939.05,63884.01,63884.01,28.50065
2026-07-12T10:30:00+00:00,63884.01,63910.06,63848.98,63873.99,55.37344
2026-07-12T10:45:00+00:00,63874.0,63893.87,63843.4,63865.76,134.54542
2026-07-12T11:00:00+00:00,63865.76,63915.0,63826.01,63848.01,28.89956
2026-07-12T11:15:00+00:00,63848.0,63911.42,63848.0,63911.42,25.48414
2026-07-12T11:30:00+00:00,63911.41,64030.0,63911.41,64003.75,66.46976
2026-07-12T11:45:00+00:00,64003.75,64028.31,63989.42,64018.01,37.81456
2026-07-12T12:00:00+00:00,64018.0,64135.0,63970.55,64103.5,79.86614
2026-07-12T12:15:00+00:00,64103.5,64124.84,64024.46,64054.13,67.37652
2026-07-12T12:30:00+00:00,64054.14,64070.0,64000.0,64028.28,69.60507
2026-07-12T12:45:00+00:00,64028.27,64050.0,63986.14,64026.0,103.21499
2026-07-12T13:00:00+00:00,64026.01,64050.0,64004.0,64034.99,32.81471
2026-07-12T13:15:00+00:00,64035.0,64097.99,64009.7,64043.5,178.40786
2026-07-12T13:30:00+00:00,64043.49,64086.5,64034.0,64040.01,101.13208
2026-07-12T13:45:00+00:00,64040.0,64042.84,63987.4,64023.14,57.56183
2026-07-12T14:00:00+00:00,64023.13,64035.0,63958.71,63975.01,79.84101
2026-07-12T14:15:00+00:00,63975.01,63998.11,63960.0,63997.93,28.35887
2026-07-12T14:30:00+00:00,63997.92,64082.0,63997.92,64070.22,48.22847
2026-07-12T14:45:00+00:00,64070.22,64290.11,64070.0,64203.08,105.01991
2026-07-12T15:00:00+00:00,64203.08,64262.15,64149.97,64190.92,57.88815
2026-07-12T15:15:00+00:00,64190.91,64241.51,64136.0,64223.36,56.30652
2026-07-12T15:30:00+00:00,64223.36,64248.0,64117.97,64152.9,72.87206
2026-07-12T15:45:00+00:00,64152.9,64213.77,64134.93,64176.0,43.63352
2026-07-12T16:00:00+00:00,64176.0,64209.64,64042.0,64061.23,118.86901
2026-07-12T16:15:00+00:00,64061.22,64177.41,64061.22,64176.77,46.84243
2026-07-12T16:30:00+00:00,64176.77,64180.0,64108.0,64119.51,58.90001
2026-07-12T16:45:00+00:00,64119.51,64177.71,64110.51,64177.7,35.71794
2026-07-12T17:00:00+00:00,64177.7,64177.71,64136.43,64140.8,35.80722
2026-07-12T17:15:00+00:00,64140.8,64164.7,64132.0,64132.78,30.67605
2026-07-12T17:30:00+00:00,64132.77,64177.74,64115.63,64162.12,25.6839
2026-07-12T17:45:00+00:00,64162.12,64164.35,64029.12,64078.0,151.79885
2026-07-12T18:00:00+00:00,64078.0,64106.57,64026.86,64038.88,77.46012
2026-07-12T18:15:00+00:00,64038.89,64091.08,64018.69,64066.0,57.63537
2026-07-12T18:30:00+00:00,64066.0,64133.09,64066.0,64129.99,46.46762
2026-07-12T18:45:00+00:00,64130.0,64150.0,64118.9,64147.99,26.18415
2026-07-12T19:00:00+00:00,64148.0,64232.56,64147.99,64178.04,60.80646
2026-07-12T19:15:00+00:00,64178.04,64213.18,64178.03,64206.29,22.27014
2026-07-12T19:30:00+00:00,64206.3,64206.3,64147.3,64158.75,28.91593
2026-07-12T19:45:00+00:00,64158.75,64270.0,64158.75,64228.59,66.33437
2026-07-12T20:00:00+00:00,64228.59,64254.0,64182.25,64191.73,41.77476
2026-07-12T20:15:00+00:00,64191.73,64209.13,64178.03,64203.26,21.9342
2026-07-12T20:30:00+00:00,64203.27,64219.63,64178.03,64213.92,53.85391
2026-07-12T20:45:00+00:00,64213.92,64230.0,64192.0,64198.89,40.67753
2026-07-12T21:00:00+00:00,64198.9,64232.02,64198.82,64208.05,33.20408
2026-07-12T21:15:00+00:00,64208.05,64208.06,64086.0,64106.0,67.18526
2026-07-12T21:30:00+00:00,64106.0,64106.01,64022.66,64053.25,61.3749
2026-07-12T21:45:00+00:00,64053.24,64053.24,63891.84,63920.4,155.52589
2026-07-12T22:00:00+00:00,63920.4,63920.4,63686.12,63792.01,227.15309
2026-07-12T22:15:00+00:00,63792.01,63835.0,63668.0,63826.0,100.02886
2026-07-12T22:30:00+00:00,63825.99,63869.56,63766.61,63780.0,42.12221
2026-07-12T22:45:00+00:00,63780.0,63923.99,63704.4,63886.87,56.61556
2026-07-12T23:00:00+00:00,63886.86,63914.85,63739.33,63824.99,87.6688
2026-07-12T23:15:00+00:00,63825.0,63849.42,63787.23,63826.99,33.56492
2026-07-12T23:30:00+00:00,63826.98,63862.0,63750.0,63812.0,83.82317
2026-07-12T23:45:00+00:00,63812.0,63824.0,63726.62,63780.0,55.74892
2026-07-13T00:00:00+00:00,63780.0,64295.0,63725.37,64295.0,317.60469
2026-07-13T00:15:00+00:00,64295.0,64425.0,64174.39,64181.65,212.59475
2026-07-13T00:30:00+00:00,64181.65,64204.0,63568.0,63786.0,434.66956
2026-07-13T00:45:00+00:00,63786.0,64117.64,63780.0,64072.01,170.03408
2026-07-13T01:00:00+00:00,64072.0,64072.01,63659.73,63856.05,205.59727
2026-07-13T01:15:00+00:00,63856.04,63991.54,63664.51,63720.0,200.76786
2026-07-13T01:30:00+00:00,63720.0,63768.38,63542.33,63693.97,295.45647
2026-07-13T01:45:00+00:00,63693.98,63698.0,63376.53,63412.01,411.83969
2026-07-13T02:00:00+00:00,63412.01,63450.0,63237.26,63412.12,274.17119
2026-07-13T02:15:00+00:00,63412.12,63541.94,63365.08,63468.25,191.85366
2026-07-13T02:30:00+00:00,63468.24,63496.5,63394.13,63468.01,109.03908
2026-07-13T02:45:00+00:00,63468.01,63469.53,63343.29,63375.99,46.93081
2026-07-13T03:00:00+00:00,63376.0,63382.95,62892.65,63024.66,413.2011
2026-07-13T03:15:00+00:00,63024.67,63123.77,62808.0,63072.01,291.06991
2026-07-13T03:30:00+00:00,63072.0,63072.0,62741.04,62821.52,224.59294
2026-07-13T03:45:00+00:00,62821.53,62870.0,62788.0,62806.41,139.95876
2026-07-13T04:00:00+00:00,62806.41,62869.02,62688.6,62817.97,198.38307
2026-07-13T04:15:00+00:00,62817.96,62911.94,62817.96,62874.97,109.51235
2026-07-13T04:30:00+00:00,62874.97,62874.97,62620.13,62718.0,217.01959
2026-07-13T04:45:00+00:00,62718.0,62782.0,62662.0,62672.0,145.34106
2026-07-13T05:00:00+00:00,62672.0,62905.68,62500.76,62809.59,332.28622
2026-07-13T05:15:00+00:00,62809.6,62836.0,62614.46,62636.0,260.59393
2026-07-13T05:30:00+00:00,62636.0,62820.3,62563.56,62804.16,111.88247
2026-07-13T05:45:00+00:00,62804.15,62826.95,62763.97,62799.0,111.38586
2026-07-13T06:00:00+00:00,62799.01,62864.16,62731.5,62746.27,158.52757
2026-07-13T06:15:00+00:00,62746.27,62843.92,62710.45,62843.91,96.83299
2026-07-13T06:30:00+00:00,62843.92,62870.91,62767.2,62840.8,55.98002
2026-07-13T06:45:00+00:00,62840.8,62880.0,62790.83,62797.55,73.77448
2026-07-13T07:00:00+00:00,62797.55,62876.33,62753.69,62808.09,170.89677
2026-07-13T07:15:00+00:00,62808.1,63024.12,62790.53,62964.01,251.15634
2026-07-13T07:30:00+00:00,62964.0,63064.07,62916.0,62978.55,676.64333
2026-07-13T07:45:00+00:00,62978.55,63070.01,62959.32,62985.52,377.49146
2026-07-13T08:00:00+00:00,62985.53,63105.28,62935.92,63038.64,625.2501
2026-07-13T08:15:00+00:00,63038.63,63120.03,62982.0,63100.0,512.37732
2026-07-13T08:30:00+00:00,63100.01,63127.87,63000.73,63127.86,393.95774
2026-07-13T08:45:00+00:00,63127.86,63302.88,63122.21,63206.97,361.45411
2026-07-13T09:00:00+00:00,63206.98,63210.0,63138.75,63155.26,119.32965
2026-07-13T09:15:00+00:00,63155.26,63155.27,63098.59,63131.0,85.04434
2026-07-13T09:30:00+00:00,63131.0,63134.01,63090.67,63109.32,229.95585
2026-07-13T09:45:00+00:00,63109.33,63127.01,63086.12,63100.02,229.10591
2026-07-13T10:00:00+00:00,63100.02,63115.79,63080.0,63085.82,144.90341
2026-07-13T10:15:00+00:00,63085.81,63157.85,63068.11,63100.0,160.33664
2026-07-13T10:30:00+00:00,63100.0,63121.94,62884.29,62932.45,393.69853
2026-07-13T10:45:00+00:00,62932.45,62975.54,62862.28,62867.89,89.35506
2026-07-13T11:00:00+00:00,62867.9,63135.55,62867.9,63083.52,140.86006
2026-07-13T11:15:00+00:00,63083.51,63100.68,62992.21,63028.32,112.68901
2026-07-13T11:30:00+00:00,63028.31,63028.31,62956.52,62962.08,69.09974
2026-07-13T11:45:00+00:00,62962.08,62964.0,62893.69,62901.99,135.65242
2026-07-13T12:00:00+00:00,62901.99,62990.04,62807.14,62842.37,218.68081
2026-07-13T12:15:00+00:00,62842.37,62882.0,62720.79,62747.08,205.91843
2026-07-13T12:30:00+00:00,62747.09,62783.93,62576.47,62614.01,145.16492
2026-07-13T12:45:00+00:00,62614.01,62662.49,62570.0,62625.15,119.92821
2026-07-13T13:00:00+00:00,62625.15,62660.0,62518.0,62518.01,145.03218
2026-07-13T13:15:00+00:00,62518.0,62589.88,62374.01,62531.02,365.98274
2026-07-13T13:30:00+00:00,62531.01,62766.37,62256.0,62332.01,803.51943
2026-07-13T13:45:00+00:00,62332.0,62401.29,62164.0,62318.0,860.81376
2026-07-13T14:00:00+00:00,62318.01,62418.37,62256.64,62415.99,399.58574
2026-07-13T14:15:00+00:00,62416.0,62654.0,62101.0,62556.01,676.48671
2026-07-13T14:30:00+00:00,62556.0,62678.39,62460.03,62619.14,423.91086
2026-07-13T14:45:00+00:00,62619.14,62794.97,62584.0,62791.85,280.87693
2026-07-13T15:00:00+00:00,62791.85,62863.48,62683.16,62794.01,299.96149
2026-07-13T15:15:00+00:00,62794.0,62983.83,62787.2,62814.0,189.18042
2026-07-13T15:30:00+00:00,62814.01,62853.44,62568.0,62650.9,205.3639
2026-07-13T15:45:00+00:00,62650.91,62684.97,62559.58,62618.01,531.49493
2026-07-13T16:00:00+00:00,62618.0,62629.35,62525.28,62537.23,308.22193
2026-07-13T16:15:00+00:00,62537.22,62537.23,62275.77,62347.93,314.67518
2026-07-13T16:30:00+00:00,62347.92,62389.67,62212.0,62366.49,187.83143
2026-07-13T16:45:00+00:00,62366.49,62420.0,62249.99,62276.0,159.96254
2026-07-13T17:00:00+00:00,62276.01,62370.0,62252.7,62318.85,141.11074
2026-07-13T17:15:00+00:00,62318.85,62318.85,62176.46,62182.0,189.32474
2026-07-13T17:30:00+00:00,62182.0,62224.0,61981.0,62102.0,575.95733
2026-07-13T17:45:00+00:00,62102.01,62184.56,61900.0,61904.99,255.38771
2026-07-13T18:00:00+00:00,61904.99,62056.35,61877.76,61927.99,222.78679
2026-07-13T18:15:00+00:00,61928.0,62007.97,61824.97,61948.0,217.89022
2026-07-13T18:30:00+00:00,61948.0,62000.0,61904.02,61999.99,114.56142
2026-07-13T18:45:00+00:00,62000.0,62100.0,61980.0,62020.0,107.27652
2026-07-13T19:00:00+00:00,62020.0,62087.17,61990.0,62073.04,109.38608
2026-07-13T19:15:00+00:00,62073.03,62110.0,61999.41,62014.0,121.94528
2026-07-13T19:30:00+00:00,62014.0,62173.91,62013.99,62173.9,156.14092
2026-07-13T19:45:00+00:00,62173.91,62292.84,62134.0,62288.23,115.96034
2026-07-13T20:00:00+00:00,62288.23,62324.74,62206.0,62221.98,58.80519
2026-07-13T20:15:00+00:00,62221.98,62221.99,62084.0,62217.67,95.28301
2026-07-13T20:30:00+00:00,62217.66,62266.0,62182.48,62182.48,79.8562
2026-07-13T20:45:00+00:00,62182.49,62211.0,62050.71,62210.99,60.48586
2026-07-13T21:00:00+00:00,62211.0,62216.35,62050.0,62108.0,85.08139
2026-07-13T21:15:00+00:00,62108.0,62152.49,61992.0,62025.99,98.58022
2026-07-13T21:30:00+00:00,62025.99,62067.11,61897.45,61976.0,126.19896
2026-07-13T21:45:00+00:00,61976.0,62123.34,61923.87,62065.06,75.32265
2026-07-13T22:00:00+00:00,62065.05,62208.0,62052.02,62177.6,90.39292
2026-07-13T22:15:00+00:00,62177.6,62224.0,62135.69,62156.0,84.86358
2026-07-13T22:30:00+00:00,62156.0,62180.01,62026.0,62061.55,77.63678
2026-07-13T22:45:00+00:00,62061.55,62070.76,61911.31,61924.0,133.55928
2026-07-13T23:00:00+00:00,61924.0,62079.09,61882.88,62060.47,67.02997
2026-07-13T23:15:00+00:00,62060.46,62240.0,62054.24,62164.77,77.32154
2026-07-13T23:30:00+00:00,62164.77,62213.98,62101.61,62122.04,95.57952
2026-07-13T23:45:00+00:00,62122.04,62347.46,62106.0,62334.52,116.02512
2026-07-14T00:00:00+00:00,62334.52,62484.0,62272.2,62436.61,305.84055
2026-07-14T00:15:00+00:00,62436.62,62436.62,62316.0,62372.76,132.12667
2026-07-14T00:30:00+00:00,62372.76,62452.0,62289.9,62309.35,135.2412
2026-07-14T00:45:00+00:00,62309.35,62666.66,62309.35,62549.54,254.77394
2026-07-14T01:00:00+00:00,62549.55,62574.0,62460.03,62495.35,100.3798
2026-07-14T01:15:00+00:00,62495.34,62640.0,62492.0,62525.74,143.09136
2026-07-14T01:30:00+00:00,62525.75,62568.0,62468.78,62494.11,108.92205
2026-07-14T01:45:00+00:00,62494.12,62555.48,62477.0,62540.42,118.92726
2026-07-14T02:00:00+00:00,62540.41,62616.0,62491.24,62504.0,103.21701
2026-07-14T02:15:00+00:00,62503.99,62522.0,62329.98,62384.0,225.11727
2026-07-14T02:30:00+00:00,62384.0,62600.01,62384.0,62593.19,81.63954
2026-07-14T02:45:00+00:00,62593.18,62645.0,62526.21,62544.0,100.12945
2026-07-14T03:00:00+00:00,62544.0,62604.0,62369.12,62393.89,158.51495
2026-07-14T03:15:00+00:00,62393.9,62469.47,62314.0,62469.47,178.46757
2026-07-14T03:30:00+00:00,62469.48,62548.71,62438.47,62470.01,58.32244
2026-07-14T03:45:00+00:00,62470.01,62572.89,62466.0,62572.89,44.59119
2026-07-14T04:00:00+00:00,62572.88,62657.75,62539.71,62564.49,54.55066
2026-07-14T04:15:00+00:00,62564.49,62656.0,62548.46,62645.04,58.61862
2026-07-14T04:30:00+00:00,62645.04,62768.95,62645.03,62708.69,138.70205
2026-07-14T04:45:00+00:00,62708.7,62766.86,62697.36,62745.23,62.84646
2026-07-14T05:00:00+00:00,62745.24,62862.0,62706.0,62824.16,169.58045
2026-07-14T05:15:00+00:00,62824.15,62872.0,62760.75,62842.01,142.18965
2026-07-14T05:30:00+00:00,62842.01,62871.67,62716.79,62753.96,108.87692
2026-07-14T05:45:00+00:00,62753.97,62753.97,62697.69,62737.0,204.77768
2026-07-14T06:00:00+00:00,62737.0,62737.01,62647.99,62647.99,348.98238
2026-07-14T06:15:00+00:00,62648.0,62708.11,62647.99,62688.81,222.21739
2026-07-14T06:30:00+00:00,62688.82,62772.48,62623.41,62690.0,58.73291
2026-07-14T06:45:00+00:00,62690.0,62700.0,62566.01,62624.05,112.09907
2026-07-14T07:00:00+00:00,62624.06,62652.0,62556.01,62600.0,52.07317
2026-07-14T07:15:00+00:00,62600.0,62655.99,62572.0,62636.71,103.81497
2026-07-14T07:30:00+00:00,62636.72,62652.0,62564.18,62575.99,124.57448
2026-07-14T07:45:00+00:00,62576.0,62590.02,62516.93,62560.92,125.69961
2026-07-14T08:00:00+00:00,62560.92,62583.6,62500.0,62547.99,110.25033
2026-07-14T08:15:00+00:00,62547.99,62672.2,62547.99,62664.01,55.27942
2026-07-14T08:30:00+00:00,62664.0,62807.94,62631.75,62780.97,155.69223
2026-07-14T08:45:00+00:00,62780.96,62790.09,62686.0,62713.85,56.64061
2026-07-14T09:00:00+00:00,62713.85,62742.0,62668.32,62699.27,61.42336
2026-07-14T09:15:00+00:00,62699.27,62730.69,62652.64,62674.27,156.56675
2026-07-14T09:30:00+00:00,62674.27,62678.23,62538.0,62564.18,294.13971
2026-07-14T09:45:00+00:00,62564.18,62649.15,62534.29,62629.55,102.42339
2026-07-14T10:00:00+00:00,62629.56,62732.01,62625.06,62718.0,64.55601
2026-07-14T10:15:00+00:00,62717.99,62734.33,62668.32,62668.32,122.99027
2026-07-14T10:30:00+00:00,62668.32,62808.0,62609.47,62807.99,104.64817
2026-07-14T10:45:00+00:00,62807.99,62908.8,62789.01,62800.0,145.02639
2026-07-14T11:00:00+00:00,62800.01,62804.01,62713.6,62792.09,71.0521
2026-07-14T11:15:00+00:00,62792.09,62876.63,62762.45,62865.76,74.45567
2026-07-14T11:30:00+00:00,62865.76,62923.06,62815.27,62862.0,108.84222
2026-07-14T11:45:00+00:00,62862.01,62883.79,62840.0,62844.99,48.55009
2026-07-14T12:00:00+00:00,62844.99,62868.0,62780.84,62852.75,261.00996
2026-07-14T12:15:00+00:00,62852.75,63108.0,62818.26,62957.97,295.3716
2026-07-14T12:30:00+00:00,62957.96,63672.52,62949.69,63554.22,1751.82343
2026-07-14T12:45:00+00:00,63554.21,63989.54,63554.21,63960.0,801.58367
2026-07-14T13:00:00+00:00,63959.99,63976.0,63757.7,63792.75,380.51648
2026-07-14T13:15:00+00:00,63792.76,64181.99,63792.75,63958.68,510.0945
2026-07-14T13:30:00+00:00,63958.68,63980.15,63722.0,63788.8,367.85283
2026-07-14T13:45:00+00:00,63788.79,63920.86,63699.03,63840.01,264.25032
2026-07-14T14:00:00+00:00,63840.01,63876.0,63580.99,63872.21,332.33424
2026-07-14T14:15:00+00:00,63872.2,63928.89,63778.0,63915.06,211.00141
2026-07-14T14:30:00+00:00,63915.07,64088.88,63858.26,64025.99,217.56254
2026-07-14T14:45:00+00:00,64026.0,64346.49,63928.0,64305.02,328.95494
2026-07-14T15:00:00+00:00,64305.01,64420.0,64194.64,64208.9,413.61548
2026-07-14T15:15:00+00:00,64208.89,64554.05,64196.0,64499.08,441.03357
2026-07-14T15:30:00+00:00,64499.08,64966.43,64495.7,64781.78,1057.25234
2026-07-14T15:45:00+00:00,64781.77,64861.98,64589.95,64743.99,1162.36379
2026-07-14T16:00:00+00:00,64744.0,64896.86,64606.0,64734.0,533.69613
2026-07-14T16:15:00+00:00,64734.0,64885.05,64674.0,64822.87,327.26876
2026-07-14T16:30:00+00:00,64822.86,64893.92,64783.23,64783.23,223.77564
2026-07-14T16:45:00+00:00,64783.23,64853.94,64714.28,64730.0,179.33913
2026-07-14T17:00:00+00:00,64730.01,64730.01,64231.77,64601.24,558.88683
2026-07-14T17:15:00+00:00,64601.24,64666.05,64389.52,64522.65,326.56907
2026-07-14T17:30:00+00:00,64522.65,64525.99,64430.0,64520.2,121.57807
2026-07-14T17:45:00+00:00,64520.19,64700.0,64489.99,64621.43,148.97536
2026-07-14T18:00:00+00:00,64621.43,64626.0,64489.66,64489.67,104.94875
2026-07-14T18:15:00+00:00,64489.67,64556.43,64479.34,64518.14,146.47588
2026-07-14T18:30:00+00:00,64518.15,64635.99,64477.23,64578.72,156.95739
2026-07-14T18:45:00+00:00,64578.72,64648.88,64545.81,64571.98,93.86769
2026-07-14T19:00:00+00:00,64571.99,64640.0,64548.0,64622.0,72.74398
2026-07-14T19:15:00+00:00,64622.01,64704.0,64533.08,64562.01,104.43242
2026-07-14T19:30:00+00:00,64562.0,64562.0,64487.38,64542.0,104.17462
2026-07-14T19:45:00+00:00,64541.99,64661.89,64541.99,64569.59,86.61077
2026-07-14T20:00:00+00:00,64569.59,64590.0,64460.01,64460.01,121.83589
2026-07-14T20:15:00+00:00,64460.02,64508.0,64445.44,64448.01,46.88938
2026-07-14T20:30:00+00:00,64448.0,64491.98,64419.99,64487.42,50.28309
2026-07-14T20:45:00+00:00,64487.41,64599.0,64458.1,64572.02,62.24238
2026-07-14T21:00:00+00:00,64572.02,64615.02,64526.0,64615.02,58.19763
2026-07-14T21:15:00+00:00,64615.02,64679.03,64615.01,64662.01,59.41602
2026-07-14T21:30:00+00:00,64662.0,64893.92,64662.0,64737.19,182.11481
2026-07-14T21:45:00+00:00,64737.2,64770.0,64632.0,64676.9,127.76881
2026-07-14T22:00:00+00:00,64676.89,64676.9,64516.0,64538.0,112.65959
2026-07-14T22:15:00+00:00,64538.0,65100.0,64538.0,64930.0,803.55245
2026-07-14T22:30:00+00:00,64930.0,65030.0,64909.44,64917.21,209.12302
2026-07-14T22:45:00+00:00,64917.22,64978.0,64860.88,64860.89,142.72816
2026-07-14T23:00:00+00:00,64860.89,65048.0,64782.0,65020.0,202.73024
2026-07-14T23:15:00+00:00,65020.0,65020.01,64890.0,64917.69,46.08784
2026-07-14T23:30:00+00:00,64917.69,65013.74,64905.09,65003.99,80.9614
2026-07-14T23:45:00+00:00,65003.99,65044.12,64988.75,65043.98,88.7261
2026-07-15T00:00:00+00:00,65043.99,65065.01,64916.72,64922.0,138.34435
2026-07-15T00:15:00+00:00,64922.0,64935.99,64835.62,64890.01,96.37563
2026-07-15T00:30:00+00:00,64890.01,64890.01,64765.12,64781.78,89.97931
2026-07-15T00:45:00+00:00,64781.78,64845.87,64781.78,64824.58,27.75414
2026-07-15T01:00:00+00:00,64824.57,64834.0,64722.0,64746.01,66.32912
2026-07-15T01:15:00+00:00,64746.01,64853.08,64697.97,64830.61,159.05211
2026-07-15T01:30:00+00:00,64830.61,64844.0,64655.57,64719.4,193.82186
2026-07-15T01:45:00+00:00,64719.39,64719.4,64644.48,64674.35,190.99722
2026-07-15T02:00:00+00:00,64674.35,64755.99,64646.31,64710.0,66.73511
2026-07-15T02:15:00+00:00,64709.99,64710.0,64517.56,64517.58,89.29367
2026-07-15T02:30:00+00:00,64517.58,64562.49,64488.0,64562.0,155.29331
2026-07-15T02:45:00+00:00,64562.0,64563.59,64490.86,64490.87,39.66976
2026-07-15T03:00:00+00:00,64490.87,64664.0,64490.86,64630.4,121.25423
2026-07-15T03:15:00+00:00,64630.39,64630.4,64580.0,64615.18,62.52328
2026-07-15T03:30:00+00:00,64615.18,64769.01,64608.0,64701.08,110.48236
2026-07-15T03:45:00+00:00,64701.08,64840.0,64674.05,64792.01,85.53457
2026-07-15T04:00:00+00:00,64792.0,64885.99,64764.37,64826.01,86.75067
2026-07-15T04:15:00+00:00,64826.0,64848.0,64762.0,64762.0,49.65642
2026-07-15T04:30:00+00:00,64762.01,64830.0,64714.0,64805.57,70.06122
2026-07-15T04:45:00+00:00,64805.57,64867.85,64730.92,64746.01,82.77915
2026-07-15T05:00:00+00:00,64746.01,64815.99,64602.5,64621.99,133.60973
2026-07-15T05:15:00+00:00,64622.0,64696.0,64621.99,64649.99,190.24994
2026-07-15T05:30:00+00:00,64649.99,64751.83,64644.85,64704.58,258.4574
2026-07-15T05:45:00+00:00,64704.58,64964.96,64695.88,64944.06,104.19233
2026-07-15T06:00:00+00:00,64944.06,65061.77,64878.0,65044.01,173.76163
2026-07-15T06:15:00+00:00,65044.0,65046.07,64937.41,64985.13,144.27539
2026-07-15T06:30:00+00:00,64985.13,65277.37,64972.0,65038.0,473.54582
2026-07-15T06:45:00+00:00,65038.0,65071.76,64814.0,64814.0,182.47859
2026-07-15T07:00:00+00:00,64814.01,64876.0,64746.03,64868.02,265.30681
2026-07-15T07:15:00+00:00,64868.02,64875.41,64485.0,64529.73,264.04891
2026-07-15T07:30:00+00:00,64529.74,64640.0,64512.0,64610.01,340.25902
2026-07-15T07:45:00+00:00,64610.0,64617.29,64549.33,64549.34,340.13242
2026-07-15T08:00:00+00:00,64549.33,64680.47,64549.33,64587.99,205.93536
2026-07-15T08:15:00+00:00,64588.0,64653.75,64574.0,64647.14,104.16664
2026-07-15T08:30:00+00:00,64647.14,64742.0,64614.0,64738.07,131.51053
2026-07-15T08:45:00+00:00,64738.07,64797.02,64728.0,64768.01,516.858
2026-07-15T09:00:00+00:00,64768.0,64852.97,64760.0,64839.99,146.32991
2026-07-15T09:15:00+00:00,64839.99,64917.94,64833.11,64833.11,233.73232
2026-07-15T09:30:00+00:00,64833.11,64833.12,64699.5,64716.19,91.5871
2026-07-15T09:45:00+00:00,64716.2,64732.62,64653.18,64671.83,70.82908
2026-07-15T10:00:00+00:00,64671.84,64855.56,64642.0,64796.0,103.67078
2026-07-15T10:15:00+00:00,64796.0,64798.0,64618.02,64636.18,86.52284
2026-07-15T10:30:00+00:00,64636.17,64692.65,64614.0,64666.01,80.73736
2026-07-15T10:45:00+00:00,64666.0,64680.0,64632.26,64663.0,45.37111
2026-07-15T11:00:00+00:00,64663.0,64767.37,64616.11,64729.86,138.27937
2026-07-15T11:15:00+00:00,64729.85,64738.44,64622.05,64641.18,130.01701
2026-07-15T11:30:00+00:00,64641.18,64721.93,64641.17,64697.12,101.55624
2026-07-15T11:45:00+00:00,64697.12,64755.28,64684.98,64732.15,130.28601
2026-07-15T12:00:00+00:00,64732.15,64742.0,64626.73,64732.57,192.71828
2026-07-15T12:15:00+00:00,64732.57,64768.17,64606.0,64688.52,144.11389
2026-07-15T12:30:00+00:00,64688.51,64984.0,64682.74,64787.99,777.9184
2026-07-15T12:45:00+00:00,64788.0,65249.9,64786.0,65164.0,722.65086
2026-07-15T13:00:00+00:00,65164.0,65438.85,65156.0,65380.31,540.92679
2026-07-15T13:15:00+00:00,65380.31,65577.0,65281.13,65312.72,570.80715
2026-07-15T13:30:00+00:00,65312.72,65518.0,65250.0,65280.0,340.37014
2026-07-15T13:45:00+00:00,65279.99,65279.99,64888.0,65117.99,490.01949
2026-07-15T14:00:00+00:00,65118.0,65399.81,65072.0,65292.48,280.8993
2026-07-15T14:15:00+00:00,65292.49,65422.89,65070.0,65326.0,394.5922
2026-07-15T14:30:00+00:00,65326.01,65517.05,65298.06,65370.0,361.72665
2026-07-15T14:45:00+00:00,65370.0,65496.4,65322.6,65399.81,149.91454
2026-07-15T15:00:00+00:00,65399.8,65491.68,65261.71,65399.51,194.00983
2026-07-15T15:15:00+00:00,65399.51,65436.0,65294.0,65405.71,176.32467
2026-07-15T15:30:00+00:00,65405.7,65565.0,65338.0,65488.0,368.33488
2026-07-15T15:45:00+00:00,65487.99,65600.0,65369.87,65427.61,414.58873
2026-07-15T16:00:00+00:00,65427.6,65470.0,65048.09,65089.22,410.97185
2026-07-15T16:15:00+00:00,65089.22,65185.91,65040.29,65166.22,278.64155
2026-07-15T16:30:00+00:00,65166.22,65182.91,64784.83,64940.33,350.32721
2026-07-15T16:45:00+00:00,64940.33,65136.08,64930.04,65120.79,383.25604
2026-07-15T17:00:00+00:00,65120.8,65160.0,65015.24,65030.03,215.41004
2026-07-15T17:15:00+00:00,65030.03,65076.44,64980.02,65045.69,252.65527
2026-07-15T17:30:00+00:00,65045.7,65120.0,64972.95,65042.14,345.31968
2026-07-15T17:45:00+00:00,65042.13,65194.72,64980.89,65056.1,306.31213
2026-07-15T18:00:00+00:00,65056.1,65143.57,64965.24,65126.55,423.90159
2026-07-15T18:15:00+00:00,65126.56,65126.56,64999.99,65058.06,406.6776
2026-07-15T18:30:00+00:00,65058.07,65114.0,64971.36,64975.02,105.83268
2026-07-15T18:45:00+00:00,64975.01,65016.23,64847.42,64860.0,140.44344
2026-07-15T19:00:00+00:00,64860.0,64950.26,64855.5,64936.42,80.81474
2026-07-15T19:15:00+00:00,64936.42,64936.42,64738.49,64858.0,101.824
2026-07-15T19:30:00+00:00,64858.01,64988.76,64846.0,64988.76,96.63238
2026-07-15T19:45:00+00:00,64988.75,65000.0,64892.88,64977.34,98.69809
2026-07-15T20:00:00+00:00,64977.34,64988.0,64899.0,64948.01,82.23404
2026-07-15T20:15:00+00:00,64948.01,65022.0,64946.87,65009.92,36.97205
2026-07-15T20:30:00+00:00,65009.91,65055.39,64990.87,64998.0,69.70345
2026-07-15T20:45:00+00:00,64998.01,64998.01,64968.0,64968.01,50.61019
2026-07-15T21:00:00+00:00,64968.02,65018.74,64843.74,64899.0,92.81918
2026-07-15T21:15:00+00:00,64898.99,64932.88,64860.52,64870.88,52.90181
2026-07-15T21:30:00+00:00,64870.87,64880.55,64789.89,64812.01,79.08055
2026-07-15T21:45:00+00:00,64812.0,64835.0,64790.95,64834.31,64.4349
2026-07-15T22:00:00+00:00,64834.31,64880.0,64793.08,64804.56,106.82421
2026-07-15T22:15:00+00:00,64804.56,64896.66,64772.0,64896.66,44.58118
2026-07-15T22:30:00+00:00,64896.66,64952.94,64859.99,64880.0,52.70478
2026-07-15T22:45:00+00:00,64879.99,64982.47,64864.0,64866.93,71.05554
2026-07-15T23:00:00+00:00,64866.93,64938.0,64866.92,64914.03,45.52568
2026-07-15T23:15:00+00:00,64914.02,64934.0,64843.56,64843.57,51.80574
2026-07-15T23:30:00+00:00,64843.57,64862.0,64708.0,64735.99,96.45649
2026-07-15T23:45:00+00:00,64735.99,64819.99,64691.89,64756.28,116.15839
2026-07-16T00:00:00+00:00,64756.28,64845.5,64747.69,64823.99,311.28816
2026-07-16T00:15:00+00:00,64823.99,64842.51,64565.98,64565.98,165.25603
2026-07-16T00:30:00+00:00,64565.99,64600.0,64500.0,64519.99,169.17396
2026-07-16T00:45:00+00:00,64520.0,64650.0,64512.84,64584.07,116.48809
2026-07-16T01:00:00+00:00,64584.07,64658.0,64555.01,64604.01,70.66112
2026-07-16T01:15:00+00:00,64604.01,64604.01,64392.01,64559.25,206.15102
2026-07-16T01:30:00+00:00,64559.26,64730.0,64559.25,64612.0,58.63468
2026-07-16T01:45:00+00:00,64612.0,64830.0,64599.99,64730.01,127.42976
2026-07-16T02:00:00+00:00,64730.0,64735.09,64636.36,64655.99,52.70761
2026-07-16T02:15:00+00:00,64655.99,64689.3,64594.22,64669.99,67.45767
2026-07-16T02:30:00+00:00,64670.0,64687.11,64580.63,64592.0,143.06299
2026-07-16T02:45:00+00:00,64592.0,64664.75,64574.02,64642.01,64.26272
2026-07-16T03:00:00+00:00,64642.0,64718.43,64602.0,64700.87,52.67633
2026-07-16T03:15:00+00:00,64700.86,64700.87,64586.71,64686.0,73.31708
2026-07-16T03:30:00+00:00,64686.0,64745.55,64660.36,64666.88,47.124
2026-07-16T03:45:00+00:00,64666.87,64666.88,64555.0,64619.95,47.93147
2026-07-16T04:00:00+00:00,64619.96,64666.23,64589.03,64653.75,49.55733
2026-07-16T04:15:00+00:00,64653.75,64658.0,64544.04,64650.0,202.12289
2026-07-16T04:30:00+00:00,64650.0,64692.0,64592.41,64616.0,45.15167
2026-07-16T04:45:00+00:00,64615.99,64650.06,64581.16,64650.05,318.78529
2026-07-16T05:00:00+00:00,64650.05,64770.0,64592.67,64770.0,194.06047
2026-07-16T05:15:00+00:00,64770.0,64950.88,64757.97,64931.99,157.97912
2026-07-16T05:30:00+00:00,64931.99,64997.52,64860.0,64911.4,149.33726
2026-07-16T05:45:00+00:00,64911.39,64940.75,64877.76,64917.99,117.22845
2026-07-16T06:00:00+00:00,64917.99,64978.0,64844.09,64862.0,146.67983
2026-07-16T06:15:00+00:00,64862.0,64892.0,64808.0,64823.48,59.60631
2026-07-16T06:30:00+00:00,64823.47,64828.0,64630.01,64729.16,78.33612
2026-07-16T06:45:00+00:00,64729.16,64794.0,64700.0,64777.32,71.00332
2026-07-16T07:00:00+00:00,64777.33,64777.33,64650.5,64656.0,70.92419
2026-07-16T07:15:00+00:00,64656.0,64656.0,64500.01,64500.01,196.13557
2026-07-16T07:30:00+00:00,64500.01,64502.54,64200.0,64234.24,461.42942
2026-07-16T07:45:00+00:00,64234.24,64286.83,64086.12,64238.0,410.27427
2026-07-16T08:00:00+00:00,64238.0,64271.9,63928.81,63943.99,653.86347
2026-07-16T08:15:00+00:00,63944.0,64171.91,63888.0,64160.51,875.72225
2026-07-16T08:30:00+00:00,64160.52,64380.0,64134.0,64143.91,1246.27241
2026-07-16T08:45:00+00:00,64143.91,64222.98,64064.79,64126.85,1191.74837
2026-07-16T09:00:00+00:00,64126.86,64186.83,64102.1,64112.01,610.87232
2026-07-16T09:15:00+00:00,64112.02,64146.0,64028.0,64032.87,1252.98508
2026-07-16T09:30:00+00:00,64032.86,64126.6,64019.02,64109.77,970.583
2026-07-16T09:45:00+00:00,64109.76,64130.0,64032.05,64090.0,553.29849
2026-07-16T10:00:00+00:00,64090.0,64185.0,64077.75,64145.49,69.84368
2026-07-16T10:15:00+00:00,64145.5,64229.25,64126.68,64224.57,100.42421
2026-07-16T10:30:00+00:00,64224.56,64269.42,64188.01,64194.53,84.17685
2026-07-16T10:45:00+00:00,64194.53,64229.0,64171.68,64221.34,96.73701
2026-07-16T11:00:00+00:00,64221.34,64228.94,64116.0,64170.01,83.50608
2026-07-16T11:15:00+00:00,64170.01,64259.91,64101.0,64185.02,110.67444
2026-07-16T11:30:00+00:00,64185.02,64267.87,64154.0,64263.16,89.40126
2026-07-16T11:45:00+00:00,64263.16,64269.42,64101.01,64256.53,93.43663
2026-07-16T12:00:00+00:00,64256.52,64256.52,64142.21,64164.0,95.22096
2026-07-16T12:15:00+00:00,64164.0,64184.24,64086.01,64184.23,239.60613
2026-07-16T12:30:00+00:00,64184.24,64211.85,63872.0,63888.0,225.97734
2026-07-16T12:45:00+00:00,63888.0,64049.53,63838.28,63966.01,167.50244
2026-07-16T13:00:00+00:00,63966.01,64108.96,63961.14,64085.22,122.73191
2026-07-16T13:15:00+00:00,64085.22,64249.99,64054.04,64249.99,142.3728
2026-07-16T13:30:00+00:00,64249.99,64480.0,64155.73,64157.22,367.27315
2026-07-16T13:45:00+00:00,64157.22,64393.2,64111.09,64376.0,194.67211
2026-07-16T14:00:00+00:00,64375.99,64709.99,64332.57,64635.43,318.56662
2026-07-16T14:15:00+00:00,64635.44,64863.07,64571.99,64766.02,341.51445
2026-07-16T14:30:00+00:00,64766.01,64836.0,64660.0,64741.08,162.04073
2026-07-16T14:45:00+00:00,64741.09,64744.0,64375.21,64543.51,171.85462
2026-07-16T15:00:00+00:00,64543.51,64580.24,64320.0,64359.98,169.08622
2026-07-16T15:15:00+00:00,64359.99,64896.0,64340.0,64824.97,200.71011
2026-07-16T15:30:00+00:00,64824.97,64838.5,64677.41,64728.16,108.98834
2026-07-16T15:45:00+00:00,64728.15,64825.71,64624.0,64704.73,141.78896
2026-07-16T16:00:00+00:00,64704.73,64712.0,64480.0,64512.01,138.31813
2026-07-16T16:15:00+00:00,64512.01,64577.71,64398.0,64546.0,160.87776
2026-07-16T16:30:00+00:00,64546.0,64658.38,64373.47,64380.0,95.99188
2026-07-16T16:45:00+00:00,64380.01,64536.0,64333.33,64484.0,128.39169
2026-07-16T17:00:00+00:00,64484.01,64484.01,64166.0,64166.02,174.68515
2026-07-16T17:15:00+00:00,64166.02,64235.38,64092.57,64218.38,149.56998
2026-07-16T17:30:00+00:00,64218.37,64282.6,64126.17,64146.0,103.80688
2026-07-16T17:45:00+00:00,64145.99,64155.99,63984.09,64069.03,188.06017
2026-07-16T18:00:00+00:00,64069.04,64221.38,64052.14,64192.32,69.48818
2026-07-16T18:15:00+00:00,64192.31,64330.0,64158.0,64220.88,66.69627
2026-07-16T18:30:00+00:00,64220.87,64230.38,64097.03,64151.98,68.51114
2026-07-16T18:45:00+00:00,64151.98,64326.0,64142.0,64246.01,70.88763
2026-07-16T19:00:00+00:00,64246.01,64301.99,64218.0,64221.99,63.0556
2026-07-16T19:15:00+00:00,64222.0,64281.36,64162.16,64261.52,127.07865
2026-07-16T19:30:00+00:00,64261.52,64282.6,64194.09,64204.02,114.7794
2026-07-16T19:45:00+00:00,64204.01,64278.0,64152.0,64271.84,63.68604
2026-07-16T20:00:00+00:00,64271.85,64276.0,64184.0,64186.0,41.10697
2026-07-16T20:15:00+00:00,64186.0,64243.65,64158.0,64182.01,42.67283
2026-07-16T20:30:00+00:00,64182.0,64203.82,64130.77,64145.99,33.64113
2026-07-16T20:45:00+00:00,64145.99,64162.0,64108.0,64114.27,52.29812
2026-07-16T21:00:00+00:00,64114.25,64201.99,64101.18,64180.65,43.91014
2026-07-16T21:15:00+00:00,64180.64,64205.92,64160.0,64168.33,30.12177
2026-07-16T21:30:00+00:00,64168.33,64253.25,64152.63,64214.0,74.74783
2026-07-16T21:45:00+00:00,64214.0,64216.4,64140.66,64161.99,39.31806
2026-07-16T22:00:00+00:00,64162.0,64240.12,64154.86,64205.75,114.15735
2026-07-16T22:15:00+00:00,64205.75,64206.42,64016.0,64019.99,62.42107
2026-07-16T22:30:00+00:00,64020.0,64175.31,64019.99,64084.57,111.14787
2026-07-16T22:45:00+00:00,64084.56,64084.57,63950.01,63968.0,63.88023
2026-07-16T23:00:00+00:00,63968.01,64010.58,63905.72,63922.8,105.23885
2026-07-16T23:15:00+00:00,63922.79,63922.79,63754.0,63812.85,231.23329
2026-07-16T23:30:00+00:00,63812.84,63847.6,63748.74,63840.01,114.63629
2026-07-16T23:45:00+00:00,63840.0,63906.0,63800.0,63830.2,64.4238
2026-07-17T00:00:00+00:00,63830.2,63850.0,63750.0,63790.57,129.15253
2026-07-17T00:15:00+00:00,63790.57,63912.0,63764.7,63800.0,51.30674
2026-07-17T00:30:00+00:00,63800.0,63802.0,63612.62,63786.69,166.96679
2026-07-17T00:45:00+00:00,63786.68,63886.0,63786.68,63886.0,87.94278
2026-07-17T01:00:00+00:00,63886.0,64067.69,63872.06,63992.01,145.847
2026-07-17T01:15:00+00:00,63992.01,64016.0,63828.0,63970.61,108.40929
2026-07-17T01:30:00+00:00,63970.61,63980.0,63730.0,63730.01,115.74008
2026-07-17T01:45:00+00:00,63730.01,63730.01,63476.0,63546.24,365.7786
2026-07-17T02:00:00+00:00,63546.25,63628.78,63430.4,63618.29,231.20923
2026-07-17T02:15:00+00:00,63618.28,63657.99,63502.0,63542.0,114.14282
2026-07-17T02:30:00+00:00,63542.0,63578.3,63413.0,63456.24,267.79234
2026-07-17T02:45:00+00:00,63456.24,63496.0,63380.28,63482.0,205.25026
2026-07-17T03:00:00+00:00,63482.0,63691.45,63482.0,63624.0,185.68075
2026-07-17T03:15:00+00:00,63624.0,63720.0,63622.0,63678.93,88.76859
2026-07-17T03:30:00+00:00,63678.94,63699.6,63608.0,63618.0,330.10373
2026-07-17T03:45:00+00:00,63617.99,63628.0,63532.0,63570.0,71.49468
2026-07-17T04:00:00+00:00,63570.0,63570.0,63489.14,63496.44,61.96078
2026-07-17T04:15:00+00:00,63496.45,63534.88,63320.0,63383.5,219.38141
2026-07-17T04:30:00+00:00,63383.51,63489.89,63333.59,63478.01,113.37541
2026-07-17T04:45:00+00:00,63478.0,63576.0,63474.99,63486.01,96.11749
2026-07-17T05:00:00+00:00,63486.01,63486.01,63358.67,63434.04,85.25481
2026-07-17T05:15:00+00:00,63434.05,63436.35,63190.84,63206.68,244.36639
2026-07-17T05:30:00+00:00,63206.68,63226.0,62968.82,62971.99,420.52811
2026-07-17T05:45:00+00:00,62972.0,62981.42,62804.3,62839.76,440.29827
2026-07-17T06:00:00+00:00,62839.77,62998.52,62765.94,62826.8,594.58482
2026-07-17T06:15:00+00:00,62826.81,62944.0,62710.0,62931.23,324.32407
2026-07-17T06:30:00+00:00,62931.23,62962.0,62867.73,62876.89,173.34175
2026-07-17T06:45:00+00:00,62876.89,62948.0,62853.91,62948.0,107.99824
2026-07-17T07:00:00+00:00,62948.0,62948.0,62869.9,62904.91,160.51793
2026-07-17T07:15:00+00:00,62904.92,62939.3,62800.0,62935.03,184.93523
2026-07-17T07:30:00+00:00,62935.02,62983.99,62875.56,62929.99,349.85033
2026-07-17T07:45:00+00:00,62930.0,62958.74,62823.07,62828.11,593.17147
2026-07-17T08:00:00+00:00,62828.11,62892.0,62767.28,62892.0,206.71557
2026-07-17T08:15:00+00:00,62891.99,62896.15,62740.92,62804.0,237.89104
2026-07-17T08:30:00+00:00,62804.01,62804.01,62666.0,62788.0,271.93684
2026-07-17T08:45:00+00:00,62788.0,62939.04,62787.99,62888.0,121.61225
2026-07-17T09:00:00+00:00,62888.01,62967.8,62852.89,62965.47,270.42866
2026-07-17T09:15:00+00:00,62965.46,62980.0,62863.15,62953.39,91.13055
2026-07-17T09:30:00+00:00,62953.38,63067.84,62930.0,63062.0,127.88407
2026-07-17T09:45:00+00:00,63061.99,63069.06,62968.27,62989.46,114.01494
2026-07-17T10:00:00+00:00,62989.47,63138.78,62989.47,63098.0,145.6353
2026-07-17T10:15:00+00:00,63097.99,63129.78,63050.0,63098.01,114.17561
2026-07-17T10:30:00+00:00,63098.0,63191.3,63082.0,63191.29,134.73056
2026-07-17T10:45:00+00:00,63191.29,63201.91,63165.16,63179.92,140.02515
2026-07-17T11:00:00+00:00,63179.91,63212.89,63076.51,63088.06,168.94771
2026-07-17T11:15:00+00:00,63088.05,63136.25,63063.67,63136.24,159.91845
2026-07-17T11:30:00+00:00,63136.24,63313.33,63106.0,63302.0,168.85459
2026-07-17T11:45:00+00:00,63302.0,63361.7,63261.7,63298.01,119.47899
2026-07-17T12:00:00+00:00,63298.0,63348.0,63236.0,63250.0,94.44137
2026-07-17T12:15:00+00:00,63249.99,63300.0,63162.02,63193.58,165.88025
2026-07-17T12:30:00+00:00,63193.58,63200.0,63078.0,63118.75,160.45997
2026-07-17T12:45:00+00:00,63118.74,63169.04,63069.09,63099.75,197.86667
2026-07-17T13:00:00+00:00,63099.75,63105.04,62770.0,62817.37,400.13478
2026-07-17T13:15:00+00:00,62817.38,62960.0,62810.0,62853.99,182.61848
2026-07-17T13:30:00+00:00,62854.0,62941.89,62538.15,62568.18,459.3002
2026-07-17T13:45:00+00:00,62568.17,63180.0,62537.56,63153.99,339.44681
2026-07-17T14:00:00+00:00,63154.0,63518.0,63147.67,63389.99,362.87862
2026-07-17T14:15:00+00:00,63390.0,63490.0,63195.04,63242.68,250.9086
2026-07-17T14:30:00+00:00,63242.69,63355.99,63081.27,63279.12,204.41408
2026-07-17T14:45:00+00:00,63279.13,63298.0,63051.77,63174.0,381.18032
2026-07-17T15:00:00+00:00,63174.01,63186.0,62856.16,62917.3,245.38519
2026-07-17T15:15:00+00:00,62917.31,63268.53,62907.98,63268.52,169.46954
2026-07-17T15:30:00+00:00,63268.52,63302.86,63115.07,63212.34,155.88318
2026-07-17T15:45:00+00:00,63212.34,63452.0,63146.97,63452.0,132.10268
2026-07-17T16:00:00+00:00,63452.0,63562.01,63342.0,63461.99,290.47588
2026-07-17T16:15:00+00:00,63462.0,63543.96,63312.01,63480.0,251.99489
2026-07-17T16:30:00+00:00,63480.0,63536.0,63376.0,63527.98,107.47924
2026-07-17T16:45:00+00:00,63527.99,63706.75,63486.07,63594.0,231.80052
2026-07-17T17:00:00+00:00,63594.0,64153.52,63594.0,63962.0,416.64534
2026-07-17T17:15:00+00:00,63962.0,64126.0,63908.26,64024.0,287.43032
2026-07-17T17:30:00+00:00,64024.0,64108.0,63980.0,64029.99,287.64836
2026-07-17T17:45:00+00:00,64029.99,64228.27,64000.0,64049.86,218.46487
2026-07-17T18:00:00+00:00,64049.85,64113.4,63968.13,64092.0,164.39002
2026-07-17T18:15:00+00:00,64092.0,64092.0,63894.0,63961.2,126.46679
2026-07-17T18:30:00+00:00,63961.2,64151.42,63952.0,64151.41,146.8094
2026-07-17T18:45:00+00:00,64151.41,64387.99,64148.83,64259.73,324.19714
2026-07-17T19:00:00+00:00,64259.73,64259.73,64054.0,64076.0,171.29591
2026-07-17T19:15:00+00:00,64076.0,64094.0,63981.2,64088.0,138.78715
2026-07-17T19:30:00+00:00,64087.99,64182.91,64070.0,64182.91,122.25448
2026-07-17T19:45:00+00:00,64182.9,64210.01,64142.0,64160.8,146.11492
2026-07-17T20:00:00+00:00,64160.8,64160.8,64001.55,64006.55,112.61882
2026-07-17T20:15:00+00:00,64006.55,64069.99,63982.8,64034.99,173.3117
2026-07-17T20:30:00+00:00,64034.99,64111.16,63958.19,64111.16,90.45843
2026-07-17T20:45:00+00:00,64111.99,64192.57,64040.0,64120.0,79.7941
2026-07-17T21:00:00+00:00,64120.01,64185.1,64117.51,64164.01,63.34332
2026-07-17T21:15:00+00:00,64164.0,64216.61,64125.35,64142.59,78.79884
2026-07-17T21:30:00+00:00,64142.59,64146.24,64075.0,64097.61,51.60599
2026-07-17T21:45:00+00:00,64097.6,64110.01,64064.0,64110.0,90.4633
2026-07-17T22:00:00+00:00,64110.01,64147.0,64054.68,64077.57,63.95717
2026-07-17T22:15:00+00:00,64077.56,64077.56,63964.0,63966.57,57.98451
2026-07-17T22:30:00+00:00,63966.57,63971.91,63903.63,63947.09,89.63206
2026-07-17T22:45:00+00:00,63947.09,63994.11,63945.0,63986.0,44.30632
2026-07-17T23:00:00+00:00,63986.01,63986.01,63884.35,63899.96,56.90165
2026-07-17T23:15:00+00:00,63899.95,63965.5,63894.06,63965.49,36.24853
2026-07-17T23:30:00+00:00,63965.5,64011.08,63965.49,63976.0,105.21882
2026-07-17T23:45:00+00:00,63976.0,63996.0,63930.0,63931.67,231.65136
2026-07-18T00:00:00+00:00,63931.67,63970.0,63895.33,63968.0,115.59572
2026-07-18T00:15:00+00:00,63968.01,64012.39,63961.69,63993.6,42.3891
2026-07-18T00:30:00+00:00,63993.61,63993.61,63902.23,63927.13,27.57956
2026-07-18T00:45:00+00:00,63927.14,63952.38,63895.56,63910.04,32.36485
2026-07-18T01:00:00+00:00,63910.05,63924.95,63886.65,63921.94,99.88982
2026-07-18T01:15:00+00:00,63921.93,64000.0,63921.93,63999.99,27.34723
2026-07-18T01:30:00+00:00,64000.0,64000.0,63917.21,63953.28,32.43649
2026-07-18T01:45:00+00:00,63953.27,63985.53,63942.01,63952.98,41.25804
2026-07-18T02:00:00+00:00,63952.97,63970.0,63930.54,63970.0,47.3434
2026-07-18T02:15:00+00:00,63969.99,64009.49,63969.99,63999.39,40.01549
2026-07-18T02:30:00+00:00,63999.39,64032.6,63954.58,63968.5,136.56872
2026-07-18T02:45:00+00:00,63968.51,63980.01,63950.0,63967.61,148.57219
2026-07-18T03:00:00+00:00,63967.61,63990.61,63947.37,63989.31,152.76826
2026-07-18T03:15:00+00:00,63989.3,63992.0,63945.66,63952.01,30.4872
2026-07-18T03:30:00+00:00,63952.01,63964.01,63931.99,63931.99,207.46303
2026-07-18T03:45:00+00:00,63932.0,64017.85,63928.15,64017.84,188.2774
2026-07-18T04:00:00+00:00,64017.84,64017.85,63982.0,63998.37,42.29135
2026-07-18T04:15:00+00:00,63998.38,64003.01,63954.99,63986.0,205.54585
2026-07-18T04:30:00+00:00,63985.99,63986.0,63947.09,63947.1,24.22213
2026-07-18T04:45:00+00:00,63947.09,63974.01,63947.09,63967.99,39.68461
2026-07-18T05:00:00+00:00,63968.0,63977.4,63926.39,63926.39,43.89435
2026-07-18T05:15:00+00:00,63926.39,63977.89,63926.39,63967.95,33.75196
2026-07-18T05:30:00+00:00,63967.96,63997.07,63961.06,63969.99,29.64603
2026-07-18T05:45:00+00:00,63970.0,63998.0,63942.65,63967.95,45.99227
2026-07-18T06:00:00+00:00,63967.95,63970.0,63954.75,63965.43,60.24564
2026-07-18T06:15:00+00:00,63965.43,64005.99,63965.43,63988.44,57.93355
2026-07-18T06:30:00+00:00,63988.44,63988.45,63950.0,63974.01,29.5184
2026-07-18T06:45:00+00:00,63974.01,63984.0,63974.0,63979.67,45.98774
2026-07-18T07:00:00+00:00,63979.67,64018.58,63974.94,64000.55,54.8111
2026-07-18T07:15:00+00:00,64000.54,64026.03,64000.54,64026.03,69.29642
2026-07-18T07:30:00+00:00,64026.03,64026.03,64003.18,64025.58,71.97638
2026-07-18T07:45:00+00:00,64025.59,64025.59,64002.75,64002.75,94.3023
2026-07-18T08:00:00+00:00,64002.75,64018.0,63960.0,63979.99,86.71183
2026-07-18T08:15:00+00:00,63979.99,64013.73,63979.61,64013.05,105.72213
2026-07-18T08:30:00+00:00,64013.04,64019.64,63983.72,63983.72,25.15649
2026-07-18T08:45:00+00:00,63983.72,64006.01,63983.72,64006.01,75.84483
2026-07-18T09:00:00+00:00,64006.01,64006.01,63967.36,63974.56,99.22117
2026-07-18T09:15:00+00:00,63974.55,63974.56,63887.73,63941.84,144.97579
2026-07-18T09:30:00+00:00,63941.84,63970.01,63941.84,63970.0,23.95096
2026-07-18T09:45:00+00:00,63970.0,63987.77,63970.0,63987.76,18.38715
2026-07-18T10:00:00+00:00,63987.77,63999.79,63982.34,63995.0,61.42126
2026-07-18T10:15:00+00:00,63995.01,64022.55,63995.0,64011.4,65.75747
2026-07-18T10:30:00+00:00,64011.4,64026.39,64004.0,64004.01,102.40626
2026-07-18T10:45:00+00:00,64004.01,64022.25,64004.0,64016.43,34.50971
2026-07-18T11:00:00+00:00,64016.43,64024.0,64010.99,64020.03,45.14963
2026-07-18T11:15:00+00:00,64020.03,64030.09,64014.99,64015.0,53.54874
2026-07-18T11:30:00+00:00,64014.99,64031.01,64014.99,64025.0,41.66195
2026-07-18T11:45:00+00:00,64025.01,64097.22,64019.96,64069.89,119.07471
2026-07-18T12:00:00+00:00,64069.89,64225.35,64069.89,64138.0,255.68863
2026-07-18T12:15:00+00:00,64138.0,64147.99,64057.27,64100.0,136.99541
2026-07-18T12:30:00+00:00,64100.0,64204.0,64071.89,64188.34,81.69302
2026-07-18T12:45:00+00:00,64188.34,64274.47,64188.34,64218.0,80.56759
2026-07-18T13:00:00+00:00,64218.01,64218.01,63982.76,64012.74,165.18848
2026-07-18T13:15:00+00:00,64012.74,64060.73,63963.0,64054.18,73.18314
2026-07-18T13:30:00+00:00,64054.17,64099.64,64028.31,64055.99,40.73551
2026-07-18T13:45:00+00:00,64056.0,64106.0,64042.0,64106.0,21.79914
2026-07-18T14:00:00+00:00,64105.99,64172.0,64101.42,64163.02,43.86638
2026-07-18T14:15:00+00:00,64163.02,64172.0,64124.73,64171.91,28.51267
2026-07-18T14:30:00+00:00,64171.9,64195.01,64156.0,64177.07,81.4935
2026-07-18T14:45:00+00:00,64177.08,64180.0,64115.91,64126.0,28.95436
2026-07-18T15:00:00+00:00,64126.0,64135.58,64082.16,64095.38,46.31509
2026-07-18T15:15:00+00:00,64095.37,64132.0,64080.0,64080.01,54.56365
2026-07-18T15:30:00+00:00,64080.0,64086.0,64045.88,64045.89,63.57302
2026-07-18T15:45:00+00:00,64045.88,64163.99,64037.45,64123.12,38.45855
2026-07-18T16:00:00+00:00,64123.13,64157.63,64091.48,64147.03,46.18336
2026-07-18T16:15:00+00:00,64147.04,64151.71,64114.11,64151.71,67.32639
2026-07-18T16:30:00+00:00,64151.71,64169.15,64135.0,64143.91,36.88861
2026-07-18T16:45:00+00:00,64143.92,64314.0,64124.85,64303.47,175.36747
2026-07-18T17:00:00+00:00,64303.48,64323.97,64280.22,64323.97,77.28673
2026-07-18T17:15:00+00:00,64323.96,64449.83,64286.58,64299.88,207.80567
2026-07-18T17:30:00+00:00,64299.88,64460.28,64294.9,64450.0,183.63162
2026-07-18T17:45:00+00:00,64450.0,64492.0,64409.43,64480.29,103.67852
2026-07-18T18:00:00+00:00,64480.28,64491.31,64462.0,64471.93,65.13104
2026-07-18T18:15:00+00:00,64471.93,64669.5,64464.0,64576.15,315.45964
2026-07-18T18:30:00+00:00,64576.16,64577.95,64475.57,64475.58,106.63153
2026-07-18T18:45:00+00:00,64475.58,64534.0,64475.57,64512.41,43.78533
2026-07-18T19:00:00+00:00,64512.41,64554.98,64512.41,64541.5,48.88821
2026-07-18T19:15:00+00:00,64541.5,64597.9,64482.0,64482.01,126.83082
2026-07-18T19:30:00+00:00,64482.0,64535.0,64482.0,64520.84,37.19094
2026-07-18T19:45:00+00:00,64520.84,64570.0,64520.84,64552.79,81.10498
2026-07-18T20:00:00+00:00,64552.8,64639.4,64528.69,64618.01,213.69034
2026-07-18T20:15:00+00:00,64618.01,64739.64,64618.01,64648.06,156.6512
2026-07-18T20:30:00+00:00,64648.06,64648.07,64590.0,64606.68,54.89064
2026-07-18T20:45:00+00:00,64606.68,64713.67,64562.02,64693.01,129.32508
2026-07-18T21:00:00+00:00,64693.02,64759.99,64646.04,64759.99,75.89644
2026-07-18T21:15:00+00:00,64759.99,64846.83,64725.02,64725.02,140.11299
2026-07-18T21:30:00+00:00,64725.02,64725.02,64636.24,64647.22,61.75102
2026-07-18T21:45:00+00:00,64647.22,64808.0,64614.36,64731.72,87.52988
2026-07-18T22:00:00+00:00,64731.73,64865.0,64724.67,64800.26,117.80211
2026-07-18T22:15:00+00:00,64800.26,64833.57,64738.0,64738.01,60.24314
2026-07-18T22:30:00+00:00,64738.02,64785.51,64712.29,64775.86,55.2937
2026-07-18T22:45:00+00:00,64775.87,64853.21,64752.0,64805.05,269.78996
2026-07-18T23:00:00+00:00,64805.04,64818.89,64709.28,64733.52,58.37061
2026-07-18T23:15:00+00:00,64733.51,64838.89,64733.51,64828.61,74.78544
2026-07-18T23:30:00+00:00,64828.6,64839.88,64799.2,64827.39,43.72451
2026-07-18T23:45:00+00:00,64827.4,64843.3,64807.3,64834.22,43.5874
2026-07-19T00:00:00+00:00,64834.21,64855.19,64815.0,64844.35,79.70678
2026-07-19T00:15:00+00:00,64844.36,64906.4,64788.03,64790.63,227.79338
2026-07-19T00:30:00+00:00,64790.64,64810.65,64771.48,64777.26,68.17011
2026-07-19T00:45:00+00:00,64777.26,64805.0,64769.47,64792.08,67.37019
2026-07-19T01:00:00+00:00,64792.08,64792.09,64775.39,64778.56,20.34292
2026-07-19T01:15:00+00:00,64778.57,64782.17,64770.75,64776.96,51.34989
2026-07-19T01:30:00+00:00,64776.95,64776.96,64769.93,64769.93,49.89544
2026-07-19T01:45:00+00:00,64769.93,64782.19,64765.99,64765.99,89.45087
2026-07-19T02:00:00+00:00,64766.0,64967.25,64700.84,64892.08,313.17912
2026-07-19T02:15:00+00:00,64892.08,64920.0,64799.96,64822.26,62.4548
2026-07-19T02:30:00+00:00,64822.25,64950.0,64822.25,64835.76,121.47972
2026-07-19T02:45:00+00:00,64835.77,64862.39,64822.24,64826.01,76.97763
2026-07-19T03:00:00+00:00,64826.01,64842.92,64725.57,64731.9,109.99426
2026-07-19T03:15:00+00:00,64731.91,64731.91,64620.44,64662.63,144.82455
2026-07-19T03:30:00+00:00,64662.64,64689.33,64648.1,64661.99,125.99191
2026-07-19T03:45:00+00:00,64661.99,64706.18,64661.99,64706.18,35.30312
2026-07-19T04:00:00+00:00,64706.18,64706.18,64610.89,64644.06,57.28331
2026-07-19T04:15:00+00:00,64644.05,64715.53,64644.05,64713.88,58.76925
2026-07-19T04:30:00+00:00,64713.88,64795.43,64694.72,64762.01,106.3422
2026-07-19T04:45:00+00:00,64762.0,64782.06,64714.54,64720.17,26.92108
2026-07-19T05:00:00+00:00,64720.17,64794.0,64720.17,64794.0,62.80996
2026-07-19T05:15:00+00:00,64794.0,64815.65,64714.0,64714.01,51.29834
2026-07-19T05:30:00+00:00,64714.0,64714.01,64676.0,64699.99,31.37178
2026-07-19T05:45:00+00:00,64699.99,64746.71,64699.99,64724.01,60.79525
2026-07-19T06:00:00+00:00,64724.0,64724.01,64694.66,64721.49,78.85862
2026-07-19T06:15:00+00:00,64721.5,64759.33,64721.49,64730.01,34.04455
2026-07-19T06:30:00+00:00,64730.01,64758.83,64716.57,64729.05,74.72965
2026-07-19T06:45:00+00:00,64729.05,64731.4,64704.98,64711.69,57.1625
2026-07-19T07:00:00+00:00,64711.69,64718.0,64690.0,64693.88,53.87083
2026-07-19T07:15:00+00:00,64693.87,64718.0,64691.28,64717.99,85.3202
2026-07-19T07:30:00+00:00,64717.99,64784.0,64711.1,64768.23,69.46617
2026-07-19T07:45:00+00:00,64768.23,64768.23,64675.0,64711.05,192.61733
2026-07-19T08:00:00+00:00,64711.04,64726.52,64670.65,64705.15,347.09051
2026-07-19T08:15:00+00:00,64705.15,64705.16,64631.54,64670.0,115.88637
2026-07-19T08:30:00+00:00,64670.01,64674.71,64640.0,64658.07,70.31634
2026-07-19T08:45:00+00:00,64658.07,64743.0,64658.06,64707.49,69.3691
2026-07-19T09:00:00+00:00,64707.48,64725.74,64645.2,64645.21,71.20173
2026-07-19T09:15:00+00:00,64645.2,64645.21,64550.0,64578.0,86.56694
2026-07-19T09:30:00+00:00,64577.99,64602.61,64501.0,64520.29,108.64587
2026-07-19T09:45:00+00:00,64520.3,64543.16,64500.0,64509.99,126.52018
2026-07-19T10:00:00+00:00,64510.0,64591.46,64482.0,64575.57,87.05817
2026-07-19T10:15:00+00:00,64575.56,64627.09,64575.56,64627.08,46.04262
2026-07-19T10:30:00+00:00,64627.08,64679.5,64616.0,64671.74,56.87165
2026-07-19T10:45:00+00:00,64671.73,64700.0,64574.0,64595.0,144.6712
2026-07-19T11:00:00+00:00,64595.0,64635.0,64520.0,64583.18,66.74728
2026-07-19T11:15:00+00:00,64583.17,64636.28,64536.63,64549.99,43.9628
2026-07-19T11:30:00+00:00,64550.0,64558.6,64508.63,64528.0,37.95752
2026-07-19T11:45:00+00:00,64528.0,64541.38,64445.0,64467.64,60.02611
2026-07-19T12:00:00+00:00,64467.65,64467.65,64348.07,64348.08,103.92504
2026-07-19T12:15:00+00:00,64348.08,64451.84,64285.24,64315.0,219.15315
2026-07-19T12:30:00+00:00,64314.99,64442.42,64311.29,64416.4,128.4771
2026-07-19T12:45:00+00:00,64416.39,64466.56,64355.0,64441.15,97.73061
2026-07-19T13:00:00+00:00,64441.16,64464.98,64348.0,64356.16,53.73812
2026-07-19T13:15:00+00:00,64356.16,64423.89,64307.72,64412.0,103.23587
2026-07-19T13:30:00+00:00,64412.0,64475.0,64406.73,64422.78,96.69227
2026-07-19T13:45:00+00:00,64422.78,64516.33,64413.37,64483.31,72.27966
2026-07-19T14:00:00+00:00,64483.32,64554.0,64477.0,64544.29,73.34639
2026-07-19T14:15:00+00:00,64544.28,64551.95,64425.24,64470.0,112.11126
2026-07-19T14:30:00+00:00,64470.0,64549.3,64455.0,64528.22,71.77252
2026-07-19T14:45:00+00:00,64528.22,64663.04,64520.0,64593.07,71.74043
2026-07-19T15:00:00+00:00,64593.07,64620.0,64512.99,64581.7,88.83102
2026-07-19T15:15:00+00:00,64581.7,64596.26,64505.21,64510.71,50.48967
2026-07-19T15:30:00+00:00,64510.71,64588.47,64500.0,64568.39,77.06858
2026-07-19T15:45:00+00:00,64568.39,64589.76,64542.0,64585.32,43.91531
2026-07-19T16:00:00+00:00,64585.33,64644.0,64505.21,64555.06,151.5314
2026-07-19T16:15:00+00:00,64555.05,64632.36,64518.0,64611.77,76.02951
2026-07-19T16:30:00+00:00,64611.78,64611.78,64531.15,64601.98,50.93267
2026-07-19T16:45:00+00:00,64601.99,64610.0,64519.18,64538.72,43.14461
2026-07-19T17:00:00+00:00,64538.72,64702.44,64406.3,64702.44,164.10162
2026-07-19T17:15:00+00:00,64702.43,64752.0,64610.94,64649.65,115.72621
2026-07-19T17:30:00+00:00,64649.64,64725.52,64610.0,64622.48,45.08001
2026-07-19T17:45:00+00:00,64622.48,64622.48,64538.0,64547.86,77.288
2026-07-19T18:00:00+00:00,64547.86,64554.0,64280.0,64476.86,192.70088
2026-07-19T18:15:00+00:00,64476.86,64488.0,64400.0,64400.0,79.30892
2026-07-19T18:30:00+00:00,64400.01,64444.66,64345.09,64427.99,25.08618
2026-07-19T18:45:00+00:00,64428.0,64443.0,64364.88,64419.99,24.61566
2026-07-19T19:00:00+00:00,64420.0,64462.0,64352.0,64448.33,44.68459
2026-07-19T19:15:00+00:00,64448.32,64467.82,64417.18,64437.97,27.01233
2026-07-19T19:30:00+00:00,64437.98,64456.63,64410.51,64415.22,20.89649
2026-07-19T19:45:00+00:00,64415.22,64462.58,64390.86,64462.58,22.43364
2026-07-19T20:00:00+00:00,64462.58,64560.0,64462.57,64505.17,43.19189
2026-07-19T20:15:00+00:00,64505.17,64524.87,64474.0,64494.0,23.85111
2026-07-19T20:30:00+00:00,64494.01,64531.46,64482.0,64499.12,11.20627
2026-07-19T20:45:00+00:00,64499.13,64536.0,64480.94,64535.99,22.27675
2026-07-19T21:00:00+00:00,64536.0,64562.55,64485.27,64538.97,44.17068
2026-07-19T21:15:00+00:00,64538.98,64538.98,64462.22,64472.0,18.79613
2026-07-19T21:30:00+00:00,64472.0,64472.0,64350.0,64352.95,74.56504
2026-07-19T21:45:00+00:00,64352.95,64429.99,64350.25,64415.75,83.96806
2026-07-19T22:00:00+00:00,64415.75,64683.32,64347.89,64662.73,280.35417
2026-07-19T22:15:00+00:00,64662.72,64900.0,64662.72,64760.01,273.64561
2026-07-19T22:30:00+00:00,64760.0,64817.35,64683.01,64807.43,177.4058
2026-07-19T22:45:00+00:00,64807.44,64809.6,64668.06,64674.67,96.88321
2026-07-19T23:00:00+00:00,64674.66,64713.3,64572.0,64696.01,71.38562
2026-07-19T23:15:00+00:00,64696.01,64712.0,64642.0,64674.0,43.09214
2026-07-19T23:30:00+00:00,64673.99,64766.0,64644.3,64748.11,98.69825
2026-07-19T23:45:00+00:00,64748.11,64772.0,64656.51,64722.54,106.46419
2026-07-20T00:00:00+00:00,64722.55,65057.08,64572.0,65020.0,304.23976
2026-07-20T00:15:00+00:00,65020.0,65107.99,64804.76,64876.01,213.56801
2026-07-20T00:30:00+00:00,64876.01,64938.0,64790.01,64822.24,79.86402
2026-07-20T00:45:00+00:00,64822.24,64822.24,64416.0,64553.84,138.38756
2026-07-20T01:00:00+00:00,64553.85,65029.4,64510.0,64808.0,115.11154
2026-07-20T01:15:00+00:00,64808.01,64946.0,64690.0,64850.42,114.15288
2026-07-20T01:30:00+00:00,64850.43,64931.34,64704.41,64763.99,72.70075
2026-07-20T01:45:00+00:00,64763.99,64775.36,64506.0,64628.01,99.32581
2026-07-20T02:00:00+00:00,64628.01,64950.88,64624.0,64826.01,119.5331
2026-07-20T02:15:00+00:00,64826.01,64830.0,64585.0,64674.01,87.83768
2026-07-20T02:30:00+00:00,64674.0,64886.0,64660.0,64836.0,73.69038
2026-07-20T02:45:00+00:00,64836.0,64964.0,64827.19,64827.2,97.86585
2026-07-20T03:00:00+00:00,64827.19,64881.29,64776.0,64843.96,55.49842
2026-07-20T03:15:00+00:00,64843.96,64887.98,64644.01,64688.01,85.75449
2026-07-20T03:30:00+00:00,64688.0,64902.63,64666.0,64902.63,68.58891
2026-07-20T03:45:00+00:00,64902.63,64914.93,64785.1,64869.8,130.69332
2026-07-20T04:00:00+00:00,64869.79,64869.99,64698.26,64705.37,108.16853
2026-07-20T04:15:00+00:00,64705.38,64778.0,64640.0,64759.41,59.06671
2026-07-20T04:30:00+00:00,64759.4,64814.0,64704.01,64733.98,53.86931
2026-07-20T04:45:00+00:00,64733.54,64733.54,64540.0,64540.01,112.27621
2026-07-20T05:00:00+00:00,64540.0,64562.0,64082.7,64244.0,415.82611
2026-07-20T05:15:00+00:00,64244.0,64388.0,64094.01,64183.21,306.74783
2026-07-20T05:30:00+00:00,64183.21,64260.04,64108.0,64211.65,154.4496
2026-07-20T05:45:00+00:00,64211.65,64211.66,64099.46,64128.0,101.44837
2026-07-20T06:00:00+00:00,64128.01,64200.0,64082.49,64193.57,93.36984
2026-07-20T06:15:00+00:00,64193.58,64220.0,64100.0,64136.01,109.85476
2026-07-20T06:30:00+00:00,64136.0,64153.71,63766.66,63826.0,491.43135
2026-07-20T06:45:00+00:00,63826.01,63942.81,63765.83,63917.98,157.48223
2026-07-20T07:00:00+00:00,63917.99,64008.08,63916.08,63975.34,71.22515
2026-07-20T07:15:00+00:00,63975.34,64161.04,63896.0,64130.72,381.69371
2026-07-20T07:30:00+00:00,64130.71,64213.17,64092.0,64213.16,213.31346
2026-07-20T07:45:00+00:00,64213.16,64315.96,64188.26,64280.01,332.04883
2026-07-20T08:00:00+00:00,64280.01,64356.0,64242.01,64294.39,333.49336
2026-07-20T08:15:00+00:00,64294.39,64354.0,64242.01,64250.01,438.64621
2026-07-20T08:30:00+00:00,64250.01,64282.0,63100.0,63922.37,3026.67757
2026-07-20T08:45:00+00:00,63922.38,64108.03,63922.37,64049.99,102.63763
2026-07-20T09:00:00+00:00,64050.0,64108.0,64012.8,64105.1,114.05204
2026-07-20T09:15:00+00:00,64105.1,64200.0,64088.0,64200.0,119.35027
2026-07-20T09:30:00+00:00,64200.0,64256.3,64188.17,64236.84,59.79869
2026-07-20T09:45:00+00:00,64236.84,64276.0,64199.5,64199.5,215.44803
2026-07-20T10:00:00+00:00,64199.51,64283.74,64162.0,64281.99,71.37605
2026-07-20T10:15:00+00:00,64281.98,64415.42,64253.52,64353.87,161.45911
2026-07-20T10:30:00+00:00,64353.86,64353.87,64252.0,64324.73,72.42084
2026-07-20T10:45:00+00:00,64324.73,64351.77,64286.89,64301.18,34.29236
2026-07-20T11:00:00+00:00,64301.18,64446.65,64273.33,64384.56,130.14346
2026-07-20T11:15:00+00:00,64384.55,64403.8,64320.54,64355.28,65.84711
2026-07-20T11:30:00+00:00,64355.27,64933.32,64346.44,64834.98,526.65738
2026-07-20T11:45:00+00:00,64834.97,65068.0,64834.97,65002.01,317.37412
2026-07-20T12:00:00+00:00,65002.0,65002.83,64716.57,64750.0,271.6852
2026-07-20T12:15:00+00:00,64749.99,64806.0,64670.01,64699.81,389.48057
2026-07-20T12:30:00+00:00,64699.82,64748.3,64599.95,64599.97,243.90807
2026-07-20T12:45:00+00:00,64599.97,64738.93,64599.89,64640.0,396.38298
2026-07-20T13:00:00+00:00,64640.0,64753.77,64621.79,64692.38,268.9722
2026-07-20T13:15:00+00:00,64692.38,64720.21,64530.0,64554.75,147.97949
2026-07-20T13:30:00+00:00,64554.75,64763.67,64502.0,64650.66,340.89822
2026-07-20T13:45:00+00:00,64650.67,64761.62,64208.0,64344.01,413.88292
2026-07-20T14:00:00+00:00,64344.01,64495.99,64288.0,64322.0,238.60573
2026-07-20T14:15:00+00:00,64322.0,64468.0,64077.76,64466.46,238.40917
2026-07-20T14:30:00+00:00,64466.45,64542.0,64346.24,64432.01,125.35454
2026-07-20T14:45:00+00:00,64432.0,64575.37,64303.92,64416.01,208.86935
2026-07-20T15:00:00+00:00,64416.01,64988.0,64398.15,64968.0,512.02143
2026-07-20T15:15:00+00:00,64967.99,65017.49,64880.77,64948.27,450.00617
2026-07-20T15:30:00+00:00,64948.27,65288.9,64802.41,65240.81,567.66985
2026-07-20T15:45:00+00:00,65240.81,65666.8,65240.81,65598.75,1033.47101
2026-07-20T16:00:00+00:00,65598.75,65637.7,65418.59,65557.99,349.30052
2026-07-20T16:15:00+00:00,65557.99,65563.23,65378.0,65444.69,161.2865
2026-07-20T16:30:00+00:00,65444.69,65554.37,65336.0,65375.99,375.7276
2026-07-20T16:45:00+00:00,65376.0,65515.07,65371.6,65508.5,170.30655
2026-07-20T17:00:00+00:00,65508.5,65557.87,65450.0,65506.01,221.79069
2026-07-20T17:15:00+00:00,65506.02,65516.0,65438.0,65504.0,53.71313
2026-07-20T17:30:00+00:00,65503.99,65508.0,65342.52,65354.0,130.52858
2026-07-20T17:45:00+00:00,65354.0,65646.55,65353.99,65587.98,267.38196
2026-07-20T18:00:00+00:00,65587.99,65799.0,65566.3,65753.05,280.42483
2026-07-20T18:15:00+00:00,65753.04,65770.0,65577.05,65592.0,131.69804
2026-07-20T18:30:00+00:00,65592.01,65592.01,65348.73,65348.74,133.97933
2026-07-20T18:45:00+00:00,65348.74,65348.74,65204.0,65240.01,162.10075
2026-07-20T19:00:00+00:00,65240.01,65274.58,65102.0,65104.0,119.44363
2026-07-20T19:15:00+00:00,65103.99,65196.0,65072.2,65156.24,263.18402
2026-07-20T19:30:00+00:00,65156.24,65169.58,65041.05,65109.96,228.94277
2026-07-20T19:45:00+00:00,65109.97,65182.48,65068.06,65142.0,244.58079
2026-07-20T20:00:00+00:00,65142.0,65227.79,65061.92,65219.99,100.48848
2026-07-20T20:15:00+00:00,65219.99,65328.41,65191.91,65291.42,98.41422
2026-07-20T20:30:00+00:00,65291.41,65438.0,65280.0,65305.85,81.40882
2026-07-20T20:45:00+00:00,65305.86,65387.3,65305.86,65367.58,58.78831
2026-07-20T21:00:00+00:00,65367.57,65367.58,65286.78,65326.0,66.22191
2026-07-20T21:15:00+00:00,65326.01,65354.0,65302.67,65308.56,49.07567
2026-07-20T21:30:00+00:00,65308.57,65445.27,65308.56,65353.09,75.62405
2026-07-20T21:45:00+00:00,65353.1,65374.45,65272.32,65286.02,74.07066
2026-07-20T22:00:00+00:00,65286.02,65286.02,65141.22,65200.01,59.35115
2026-07-20T22:15:00+00:00,65200.01,65253.71,65152.33,65214.07,57.86546
2026-07-20T22:30:00+00:00,65214.08,65230.0,65092.66,65127.99,123.11938
2026-07-20T22:45:00+00:00,65128.0,65145.93,65116.99,65141.99,93.03515
2026-07-20T23:00:00+00:00,65142.0,65220.0,65128.17,65161.16,105.31173
2026-07-20T23:15:00+00:00,65161.16,65260.0,65161.15,65240.75,123.65176
2026-07-20T23:30:00+00:00,65240.74,65255.55,65196.9,65219.9,74.11004
2026-07-20T23:45:00+00:00,65219.91,65272.21,65152.31,65255.51,132.20493
2026-07-21T00:00:00+00:00,65255.51,65255.51,65154.95,65186.01,106.37031
2026-07-21T00:15:00+00:00,65186.0,65450.07,65148.75,65354.01,222.10796
2026-07-21T00:30:00+00:00,65354.0,65547.69,65352.0,65496.0,110.93191
2026-07-21T00:45:00+00:00,65496.0,65585.0,65490.72,65568.01,246.3767
2026-07-21T01:00:00+00:00,65568.0,65658.78,65480.0,65548.0,116.96993
2026-07-21T01:15:00+00:00,65548.0,65548.0,65434.0,65444.61,78.94855
2026-07-21T01:30:00+00:00,65444.6,65476.5,65326.06,65342.01,145.2614
2026-07-21T01:45:00+00:00,65342.01,65342.01,65232.65,65235.55,80.70472
2026-07-21T02:00:00+00:00,65235.56,65413.63,65235.55,65291.4,138.38026
2026-07-21T02:15:00+00:00,65291.4,65322.0,65176.2,65269.99,83.45739
2026-07-21T02:30:00+00:00,65270.0,65370.58,65269.99,65349.99,78.26702
2026-07-21T02:45:00+00:00,65349.99,65500.0,65313.22,65414.01,82.10608
2026-07-21T03:00:00+00:00,65414.01,65541.35,65411.74,65486.0,123.61507
2026-07-21T03:15:00+00:00,65485.99,65532.0,65434.44,65488.0,135.04912
2026-07-21T03:30:00+00:00,65488.0,65537.72,65445.72,65533.01,224.17408
2026-07-21T03:45:00+00:00,65533.01,65593.11,65452.79,65566.78,312.67542
2026-07-21T04:00:00+00:00,65566.77,65742.58,65532.91,65607.23,149.34567
2026-07-21T04:15:00+00:00,65607.23,65670.98,65512.0,65514.01,91.8243
2026-07-21T04:30:00+00:00,65514.02,65573.0,65500.0,65544.65,163.138
2026-07-21T04:45:00+00:00,65544.65,65552.5,65471.69,65522.01,196.45591
2026-07-21T05:00:00+00:00,65522.0,65562.0,65485.55,65553.0,286.60168
2026-07-21T05:15:00+00:00,65553.0,65654.62,65500.63,65594.99,194.98092
2026-07-21T05:30:00+00:00,65595.0,65680.86,65562.0,65646.74,93.50787
2026-07-21T05:45:00+00:00,65646.75,65933.24,65612.17,65751.56,289.72903
2026-07-21T06:00:00+00:00,65751.56,65827.2,65634.0,65731.13,187.43293
2026-07-21T06:15:00+00:00,65731.13,65842.0,65658.37,65820.01,112.78922
2026-07-21T06:30:00+00:00,65820.01,65991.05,65810.0,65963.0,238.6216
2026-07-21T06:45:00+00:00,65963.0,65974.0,65879.99,65913.0,194.59509
2026-07-21T07:00:00+00:00,65913.0,65949.98,65866.0,65931.92,160.20252
2026-07-21T07:15:00+00:00,65931.92,66008.0,65894.36,65961.99,183.96357
2026-07-21T07:30:00+00:00,65962.0,66149.62,65950.0,66039.57,471.33655
2026-07-21T07:45:00+00:00,66039.57,66245.64,66026.4,66186.86,523.21458
2026-07-21T08:00:00+00:00,66186.86,66289.0,66129.19,66282.21,291.96246
2026-07-21T08:15:00+00:00,66282.22,66350.0,66200.0,66215.99,261.96232
2026-07-21T08:30:00+00:00,66215.99,66354.0,66188.0,66307.72,242.43303
2026-07-21T08:45:00+00:00,66307.72,66331.3,66210.0,66226.44,236.35471
2026-07-21T09:00:00+00:00,66226.43,66234.0,66144.0,66213.48,168.6641
2026-07-21T09:15:00+00:00,66213.48,66246.42,66191.51,66240.02,92.85741
2026-07-21T09:30:00+00:00,66240.01,66340.0,66228.6,66306.79,105.55052
2026-07-21T09:45:00+00:00,66306.78,66350.0,66270.0,66291.99,105.89195
2026-07-21T10:00:00+00:00,66292.0,66401.1,66269.1,66360.01,96.67272
2026-07-21T10:15:00+00:00,66360.02,66420.59,66313.96,66420.0,352.56338
2026-07-21T10:30:00+00:00,66420.0,66420.65,66328.0,66355.88,359.57136
2026-07-21T10:45:00+00:00,66355.87,66362.0,66176.55,66180.0,370.23692
2026-07-21T11:00:00+00:00,66180.0,66256.22,66147.82,66232.12,219.91331
2026-07-21T11:15:00+00:00,66232.11,66255.99,66184.0,66233.99,219.58489
2026-07-21T11:30:00+00:00,66233.99,66344.0,66218.78,66333.99,111.73098
2026-07-21T11:45:00+00:00,66334.0,66350.0,66320.0,66345.59,201.01953
2026-07-21T12:00:00+00:00,66345.59,66450.0,66255.73,66405.74,288.1604
2026-07-21T12:15:00+00:00,66405.74,66497.91,66341.15,66465.01,325.19872
2026-07-21T12:30:00+00:00,66465.01,66640.0,66426.01,66516.17,271.35578
2026-07-21T12:45:00+00:00,66516.17,66581.99,66484.0,66558.82,117.77918
2026-07-21T13:00:00+00:00,66558.81,66629.37,66514.59,66622.0,165.15518
2026-07-21T13:15:00+00:00,66621.99,66662.67,66418.0,66440.01,237.3234
2026-07-21T13:30:00+00:00,66440.02,66550.0,66315.62,66367.99,393.06189
2026-07-21T13:45:00+00:00,66367.99,66810.97,66344.0,66786.0,562.89749
2026-07-21T14:00:00+00:00,66786.0,66956.15,66740.43,66944.4,710.70148
2026-07-21T14:15:00+00:00,66944.4,66944.41,66648.27,66740.0,445.26848
2026-07-21T14:30:00+00:00,66740.0,66884.88,66658.64,66849.77,306.79425
2026-07-21T14:45:00+00:00,66849.77,66928.49,66809.98,66842.3,259.56623
2026-07-21T15:00:00+00:00,66842.29,66842.3,66653.05,66682.59,280.4553
2026-07-21T15:15:00+00:00,66682.6,66746.68,66619.33,66619.33,244.71426
2026-07-21T15:30:00+00:00,66619.33,66712.0,66517.52,66614.85,231.37327
2026-07-21T15:45:00+00:00,66614.84,66723.27,66591.99,66676.54,192.19181
2026-07-21T16:00:00+00:00,66676.53,66764.0,66588.0,66614.55,226.87438
2026-07-21T16:15:00+00:00,66614.56,66614.56,66525.42,66531.62,145.6483
2026-07-21T16:30:00+00:00,66531.62,66650.24,66500.0,66552.57,166.81446
2026-07-21T16:45:00+00:00,66552.58,66609.61,66462.32,66542.01,133.3994
2026-07-21T17:00:00+00:00,66542.01,66567.59,66436.46,66461.98,105.95182
2026-07-21T17:15:00+00:00,66461.99,66494.66,66401.21,66448.96,91.11249
2026-07-21T17:30:00+00:00,66448.97,66505.99,66400.0,66500.55,165.91943
2026-07-21T17:45:00+00:00,66500.56,66503.6,66052.63,66207.95,661.82606
2026-07-21T18:00:00+00:00,66207.96,66329.79,66102.79,66292.0,221.4509
2026-07-21T18:15:00+00:00,66292.0,66306.76,66181.86,66240.88,89.63978
2026-07-21T18:30:00+00:00,66240.87,66305.2,66098.71,66282.52,163.46003
2026-07-21T18:45:00+00:00,66282.51,66358.0,66272.0,66319.95,144.76576
2026-07-21T19:00:00+00:00,66319.96,66375.95,66264.12,66297.99,142.86354
2026-07-21T19:15:00+00:00,66297.99,66419.99,66288.33,66402.98,106.81967
2026-07-21T19:30:00+00:00,66402.98,66492.52,66386.92,66460.39,148.61398
2026-07-21T19:45:00+00:00,66460.4,66502.8,66417.0,66444.76,225.25455
2026-07-21T20:00:00+00:00,66444.76,66480.0,66359.3,66420.17,120.61915
2026-07-21T20:15:00+00:00,66420.16,66420.16,66366.0,66391.15,44.72421
2026-07-21T20:30:00+00:00,66391.15,66496.0,66391.14,66456.0,56.77017
2026-07-21T20:45:00+00:00,66455.99,66466.64,66406.57,66406.57,66.30533
2026-07-21T21:00:00+00:00,66406.58,66408.26,66308.0,66402.73,74.80199
2026-07-21T21:15:00+00:00,66402.72,66402.73,66322.0,66324.01,38.01571
2026-07-21T21:30:00+00:00,66324.0,66361.04,66290.0,66346.0,77.27955
2026-07-21T21:45:00+00:00,66346.01,66395.55,66336.0,66385.0,140.62231
2026-07-21T22:00:00+00:00,66385.0,66388.35,66303.07,66312.55,203.0057
2026-07-21T22:15:00+00:00,66312.55,66318.0,66204.0,66279.19,125.57439
2026-07-21T22:30:00+00:00,66279.18,66345.28,66258.74,66310.7,45.34553
2026-07-21T22:45:00+00:00,66310.7,66316.25,66236.95,66304.02,58.14678
2026-07-21T23:00:00+00:00,66304.02,66304.02,66228.55,66277.33,78.50451
2026-07-21T23:15:00+00:00,66277.34,66400.0,66277.33,66397.99,81.13721
2026-07-21T23:30:00+00:00,66398.0,66454.94,66382.0,66426.03,53.48199
2026-07-21T23:45:00+00:00,66426.02,66576.0,66423.91,66556.16,121.42972
2026-07-22T00:00:00+00:00,66556.15,66684.47,66525.54,66684.46,134.96453
2026-07-22T00:15:00+00:00,66684.47,66727.11,66582.9,66665.02,344.87194
2026-07-22T00:30:00+00:00,66665.02,66734.72,66630.0,66704.71,215.55732
2026-07-22T00:45:00+00:00,66704.71,66739.89,66612.0,66620.97,265.86608
2026-07-22T01:00:00+00:00,66620.97,66661.79,66485.37,66493.99,170.44307
2026-07-22T01:15:00+00:00,66493.98,66500.01,66329.78,66350.0,217.73838
2026-07-22T01:30:00+00:00,66350.0,66424.0,66282.65,66367.99,237.9508
2026-07-22T01:45:00+00:00,66367.99,66511.36,66360.0,66433.3,175.71365
2026-07-22T02:00:00+00:00,66433.29,66489.09,66369.33,66466.0,163.15047
2026-07-22T02:15:00+00:00,66466.0,66532.26,66406.22,66406.23,96.31709
2026-07-22T02:30:00+00:00,66406.22,66406.23,66300.56,66366.85,178.37721
2026-07-22T02:45:00+00:00,66366.85,66388.0,66298.0,66314.12,146.35913
2026-07-22T03:00:00+00:00,66314.12,66371.27,66176.0,66181.96,140.53922
2026-07-22T03:15:00+00:00,66181.97,66316.93,66181.97,66270.13,136.53652
2026-07-22T03:30:00+00:00,66270.13,66326.76,66216.2,66280.33,158.20197
2026-07-22T03:45:00+00:00,66280.33,66367.2,66179.9,66210.0,100.07622
2026-07-22T04:00:00+00:00,66209.99,66350.41,66198.0,66337.98,65.32169
2026-07-22T04:15:00+00:00,66337.98,66408.79,66316.24,66364.01,382.48888
2026-07-22T04:30:00+00:00,66364.01,66424.0,66318.56,66418.92,473.76664
2026-07-22T04:45:00+00:00,66418.93,66418.93,66338.0,66381.05,94.92663
2026-07-22T05:00:00+00:00,66381.05,66381.05,66248.36,66274.0,106.44327
2026-07-22T05:15:00+00:00,66273.99,66274.0,66040.8,66069.99,256.12262
2026-07-22T05:30:00+00:00,66069.99,66126.0,65974.16,65984.0,210.61502
2026-07-22T05:45:00+00:00,65984.0,66029.14,65944.51,65974.9,159.66676
2026-07-22T06:00:00+00:00,65974.9,66026.93,65875.0,65983.99,196.58172
2026-07-22T06:15:00+00:00,65984.0,65984.0,65831.18,65858.26,186.48077
2026-07-22T06:30:00+00:00,65858.25,65992.0,65830.94,65956.35,163.695
2026-07-22T06:45:00+00:00,65956.35,65967.72,65900.0,65934.33,130.37312
2026-07-22T07:00:00+00:00,65934.34,65968.9,65888.0,65905.32,386.27454
2026-07-22T07:15:00+00:00,65905.33,65944.02,65845.12,65905.95,692.75168
2026-07-22T07:30:00+00:00,65905.95,65916.0,65701.0,65785.81,323.91682
2026-07-22T07:45:00+00:00,65785.8,65860.6,65780.0,65843.48,295.26624
2026-07-22T08:00:00+00:00,65843.48,66072.0,65843.47,66032.81,505.42991
2026-07-22T08:15:00+00:00,66032.82,66164.57,66006.0,66019.96,360.30658
2026-07-22T08:30:00+00:00,66019.96,66079.88,65928.0,65928.01,384.6534
2026-07-22T08:45:00+00:00,65928.0,66003.28,65928.0,65987.96,511.6427
2026-07-22T09:00:00+00:00,65987.97,66073.52,65969.76,66009.25,506.29821
2026-07-22T09:15:00+00:00,66009.25,66082.5,65994.57,66028.0,479.74842
2026-07-22T09:30:00+00:00,66028.0,66028.01,65856.0,65890.01,457.27212
2026-07-22T09:45:00+00:00,65890.0,65955.49,65850.0,65928.0,540.25676
2026-07-22T10:00:00+00:00,65928.01,65957.15,65898.0,65927.99,99.51651
2026-07-22T10:15:00+00:00,65928.0,65981.13,65919.5,65969.58,72.54225
2026-07-22T10:30:00+00:00,65969.58,66012.0,65952.88,65985.84,238.44523
2026-07-22T10:45:00+00:00,65985.84,66116.36,65985.83,66046.02,225.77223
2026-07-22T11:00:00+00:00,66046.01,66079.99,66014.01,66017.21,199.3618
2026-07-22T11:15:00+00:00,66017.2,66092.59,65981.29,66049.99,143.38656
2026-07-22T11:30:00+00:00,66049.99,66064.0,65909.16,65918.11,290.86036
2026-07-22T11:45:00+00:00,65918.11,66050.74,65909.17,66013.36,155.81792
2026-07-22T12:00:00+00:00,66013.36,66013.37,65870.77,65905.99,74.99652
2026-07-22T12:15:00+00:00,65905.99,65930.0,65849.95,65886.96,83.27438
2026-07-22T12:30:00+00:00,65886.97,65908.21,65755.58,65777.25,157.99449
2026-07-22T12:45:00+00:00,65777.25,65818.12,65553.67,65636.01,256.05417
2026-07-22T13:00:00+00:00,65636.01,65684.57,65587.33,65649.72,166.22384
2026-07-22T13:15:00+00:00,65649.72,65649.72,65559.66,65621.16,136.99782
2026-07-22T13:30:00+00:00,65621.17,65920.71,65601.61,65888.01,260.93502
2026-07-22T13:45:00+00:00,65888.0,65982.28,65812.89,65951.39,198.28883
2026-07-22T14:00:00+00:00,65951.38,66204.98,65896.75,65902.63,375.0555
2026-07-22T14:15:00+00:00,65902.63,65902.63,65592.0,65624.0,303.17558
2026-07-22T14:30:00+00:00,65624.01,65873.99,65588.0,65672.02,168.7971
2026-07-22T14:45:00+00:00,65672.01,65799.99,65651.0,65793.98,130.63981
2026-07-22T15:00:00+00:00,65793.98,65968.0,65793.98,65944.0,177.54421
2026-07-22T15:15:00+00:00,65944.0,66125.0,65886.0,66076.0,295.75571
2026-07-22T15:30:00+00:00,66076.01,66118.0,65955.13,66009.4,122.39685
2026-07-22T15:45:00+00:00,66009.41,66066.0,65946.0,66047.39,93.96762
2026-07-22T16:00:00+00:00,66047.38,66152.0,65996.0,66127.32,123.65428
2026-07-22T16:15:00+00:00,66127.33,66127.33,65911.6,66026.1,95.95549
2026-07-22T16:30:00+00:00,66026.09,66384.0,66010.0,66283.99,224.10587
2026-07-22T16:45:00+00:00,66284.0,66292.0,66154.28,66229.01,87.63117
2026-07-22T17:00:00+00:00,66229.01,66275.29,66168.0,66168.03,78.37717
2026-07-22T17:15:00+00:00,66168.02,66168.03,65944.0,65992.96,89.36647
2026-07-22T17:30:00+00:00,65992.97,66179.17,65982.01,66176.0,69.1946
2026-07-22T17:45:00+00:00,66175.99,66234.51,66011.22,66024.03,95.75041
2026-07-22T18:00:00+00:00,66024.02,66075.91,65976.0,65988.0,70.88381
2026-07-22T18:15:00+00:00,65988.0,66046.0,65838.43,65885.52,108.62714
2026-07-22T18:30:00+00:00,65885.53,65885.53,65726.08,65774.0,127.25242
2026-07-22T18:45:00+00:00,65773.99,65928.56,65767.12,65895.46,65.91372
2026-07-22T19:00:00+00:00,65895.46,65920.0,65691.93,65759.98,67.82099
2026-07-22T19:15:00+00:00,65759.99,65924.86,65745.91,65898.01,62.55075
2026-07-22T19:30:00+00:00,65898.01,65946.0,65868.0,65868.0,45.06327
2026-07-22T19:45:00+00:00,65868.01,65958.56,65850.0,65923.19,109.05556
2026-07-22T20:00:00+00:00,65923.19,65954.0,65791.79,65930.7,153.97906
2026-07-22T20:15:00+00:00,65930.71,65986.0,65887.84,65938.72,65.06526
2026-07-22T20:30:00+00:00,65938.71,65950.04,65908.0,65950.04,53.07111
2026-07-22T20:45:00+00:00,65950.03,65950.04,65896.0,65919.68,31.21799
2026-07-22T21:00:00+00:00,65919.67,65940.01,65910.0,65940.01,94.55456
2026-07-22T21:15:00+00:00,65940.01,65949.62,65892.64,65913.45,57.45144
2026-07-22T21:30:00+00:00,65913.46,66127.33,65913.45,66122.12,89.57394
2026-07-22T21:45:00+00:00,66122.12,66133.98,66037.47,66072.47,103.70689
2026-07-22T22:00:00+00:00,66072.48,66080.94,65974.23,66006.01,77.88257
2026-07-22T22:15:00+00:00,66006.02,66030.0,65932.0,66026.09,44.16933
2026-07-22T22:30:00+00:00,66026.1,66026.1,65934.51,65962.0,96.71492
2026-07-22T22:45:00+00:00,65962.0,66056.88,65950.0,66044.17,65.05808
2026-07-22T23:00:00+00:00,66044.17,66076.92,65864.0,65891.99,134.86337
2026-07-22T23:15:00+00:00,65892.0,65997.13,65844.3,65974.94,134.15692
2026-07-22T23:30:00+00:00,65974.94,65995.04,65950.01,65985.21,89.51631
2026-07-22T23:45:00+00:00,65985.22,66138.24,65979.13,66114.49,81.91774
2026-07-23T00:00:00+00:00,66114.5,66250.0,66060.39,66187.89,212.14156
2026-07-23T00:15:00+00:00,66187.88,66313.14,66156.0,66253.58,116.19264
2026-07-23T00:30:00+00:00,66253.58,66272.47,66143.17,66143.17,62.59724
2026-07-23T00:45:00+00:00,66143.17,66199.77,66054.58,66058.19,427.59598
2026-07-23T01:00:00+00:00,66058.2,66208.0,66025.0,66042.0,87.44029
2026-07-23T01:15:00+00:00,66042.0,66042.0,65898.27,65930.0,506.85576
2026-07-23T01:30:00+00:00,65930.01,65942.0,65751.0,65790.01,187.91438
2026-07-23T01:45:00+00:00,65790.01,65868.41,65781.35,65830.0,129.68226
2026-07-23T02:00:00+00:00,65830.0,65840.01,65736.01,65736.01,119.14286
2026-07-23T02:15:00+00:00,65736.0,65763.66,65653.23,65746.01,152.05924
2026-07-23T02:30:00+00:00,65746.0,65829.12,65723.52,65780.0,91.60809
2026-07-23T02:45:00+00:00,65780.0,65843.25,65762.03,65805.34,126.86745
2026-07-23T03:00:00+00:00,65805.35,65816.0,65593.96,65633.99,330.1489
2026-07-23T03:15:00+00:00,65633.99,65688.0,65585.11,65641.69,86.34588
2026-07-23T03:30:00+00:00,65641.7,65705.3,65630.0,65691.79,57.59389
2026-07-23T03:45:00+00:00,65691.79,65691.79,65645.24,65662.53,44.0354
2026-07-23T04:00:00+00:00,65662.53,65672.0,65590.12,65672.0,338.50062
2026-07-23T04:15:00+00:00,65672.0,65738.99,65638.23,65694.99,175.8333
2026-07-23T04:30:00+00:00,65694.99,65699.82,65617.07,65631.93,107.71023
2026-07-23T04:45:00+00:00,65631.93,65677.13,65594.61,65616.48,51.78806
2026-07-23T05:00:00+00:00,65616.49,65646.0,65570.12,65642.63,84.81566
2026-07-23T05:15:00+00:00,65642.63,65724.0,65605.09,65724.0,70.16092
2026-07-23T05:30:00+00:00,65724.0,65797.93,65707.69,65738.72,56.09518
2026-07-23T05:45:00+00:00,65738.72,65763.99,65650.0,65691.01,47.08895
2026-07-23T06:00:00+00:00,65691.01,65721.99,65628.24,65671.84,52.49596
2026-07-23T06:15:00+00:00,65671.83,65751.25,65625.2,65751.25,63.21715
2026-07-23T06:30:00+00:00,65751.24,65787.99,65711.07,65774.34,35.3497
2026-07-23T06:45:00+00:00,65774.34,65821.17,65772.6,65790.0,47.1577
2026-07-23T07:00:00+00:00,65790.0,65790.0,65351.02,65455.92,261.55407
2026-07-23T07:15:00+00:00,65455.93,65488.0,65409.12,65436.85,128.70279
2026-07-23T07:30:00+00:00,65436.85,65463.82,65389.54,65399.39,122.22092
2026-07-23T07:45:00+00:00,65399.39,65460.6,65372.12,65442.13,113.02082
2026-07-23T08:00:00+00:00,65442.12,65566.0,65419.75,65538.01,325.98069
2026-07-23T08:15:00+00:00,65538.0,65605.34,65510.41,65595.06,95.137
2026-07-23T08:30:00+00:00,65595.05,65665.99,65595.05,65635.86,62.64796
2026-07-23T08:45:00+00:00,65635.86,65661.06,65600.0,65633.0,133.46188
2026-07-23T09:00:00+00:00,65632.99,65741.09,65608.18,65678.83,179.90879
2026-07-23T09:15:00+00:00,65678.84,65757.99,65668.35,65709.0,117.59407
2026-07-23T09:30:00+00:00,65709.0,65741.34,65691.37,65731.61,123.40105
2026-07-23T09:45:00+00:00,65731.6,65732.0,65622.31,65638.92,84.26516
2026-07-23T10:00:00+00:00,65638.92,65721.56,65589.69,65721.56,92.5283
2026-07-23T10:15:00+00:00,65721.56,65764.0,65679.77,65763.99,47.80719
2026-07-23T10:30:00+00:00,65764.0,65789.14,65746.0,65781.99,78.03659
2026-07-23T10:45:00+00:00,65782.0,65792.09,65722.43,65740.0,95.82161
2026-07-23T11:00:00+00:00,65740.0,65740.01,65662.6,65713.21,56.04897
2026-07-23T11:15:00+00:00,65713.22,65719.45,65626.0,65626.08,48.87135
2026-07-23T11:30:00+00:00,65626.08,65639.41,65550.06,65557.14,75.56629
2026-07-23T11:45:00+00:00,65557.15,65632.04,65540.93,65555.21,80.39166
2026-07-23T12:00:00+00:00,65555.21,65589.41,65470.03,65513.39,116.80437
2026-07-23T12:15:00+00:00,65513.4,65515.94,65378.19,65422.03,226.65957
2026-07-23T12:30:00+00:00,65422.03,65422.03,65094.24,65115.99,335.885
2026-07-23T12:45:00+00:00,65116.0,65264.21,64988.05,65167.04,400.86729
2026-07-23T13:00:00+00:00,65167.05,65221.29,65012.0,65040.34,189.73235
2026-07-23T13:15:00+00:00,65040.33,65099.78,64947.95,65019.33,209.15606
2026-07-23T13:30:00+00:00,65019.33,65200.0,64963.69,65092.0,247.15162
2026-07-23T13:45:00+00:00,65092.0,65152.0,64863.62,64880.0,373.64545
2026-07-23T14:00:00+00:00,64880.0,65081.64,64822.13,65049.99,382.91553
2026-07-23T14:15:00+00:00,65050.0,65216.24,65016.0,65150.1,273.8258
2026-07-23T14:30:00+00:00,65150.09,65209.5,65019.44,65029.94,199.38191
2026-07-23T14:45:00+00:00,65029.93,65029.94,64847.31,64909.99,266.46049
2026-07-23T15:00:00+00:00,64910.0,64922.63,64728.0,64772.01,398.15958
2026-07-23T15:15:00+00:00,64772.01,64956.89,64764.0,64870.01,285.51164
2026-07-23T15:30:00+00:00,64870.0,64984.0,64825.05,64909.24,190.12347
2026-07-23T15:45:00+00:00,64909.23,65023.68,64868.06,64958.36,213.66054
2026-07-23T16:00:00+00:00,64958.37,64961.15,64797.28,64871.97,267.93202
2026-07-23T16:15:00+00:00,64871.97,64884.27,64754.0,64818.94,142.88301
2026-07-23T16:30:00+00:00,64818.94,64818.94,64704.57,64748.34,216.5837
2026-07-23T16:45:00+00:00,64748.33,64838.0,64731.78,64756.84,196.57474
2026-07-23T17:00:00+00:00,64756.84,64819.71,64733.59,64777.4,147.51934
2026-07-23T17:15:00+00:00,64777.4,64876.69,64744.9,64849.99,189.7554
2026-07-23T17:30:00+00:00,64849.99,64900.0,64803.31,64834.0,129.32027
2026-07-23T17:45:00+00:00,64833.99,64875.67,64650.0,64681.27,143.94665
2026-07-23T18:00:00+00:00,64681.26,64778.38,64680.0,64742.0,163.61022
2026-07-23T18:15:00+00:00,64742.01,64825.95,64707.89,64811.31,89.99301
2026-07-23T18:30:00+00:00,64811.31,64879.7,64784.08,64818.9,129.58071
2026-07-23T18:45:00+00:00,64818.9,64948.05,64818.89,64869.12,90.39112
2026-07-23T19:00:00+00:00,64869.13,64934.75,64760.0,64812.06,98.30609
2026-07-23T19:15:00+00:00,64812.05,64907.15,64794.29,64896.44,90.1311
2026-07-23T19:30:00+00:00,64896.44,64930.0,64734.74,64760.0,128.32747
2026-07-23T19:45:00+00:00,64760.01,64873.73,64686.56,64846.94,208.60758
2026-07-23T20:00:00+00:00,64846.93,65059.05,64834.52,65054.11,163.56475
2026-07-23T20:15:00+00:00,65054.11,65217.93,65050.5,65168.0,183.19585
2026-07-23T20:30:00+00:00,65167.99,65174.0,65108.0,65124.3,52.77319
2026-07-23T20:45:00+00:00,65124.3,65168.0,65109.99,65147.5,36.15918
2026-07-23T21:00:00+00:00,65147.5,65210.35,65014.13,65050.0,113.45853
2026-07-23T21:15:00+00:00,65049.99,65144.0,65014.0,65116.0,81.17722
2026-07-23T21:30:00+00:00,65116.01,65116.01,65060.0,65102.0,56.26327
2026-07-23T21:45:00+00:00,65102.0,65169.82,65101.07,65169.81,97.77918
2026-07-23T22:00:00+00:00,65169.82,65220.91,65083.18,65100.0,255.41369
2026-07-23T22:15:00+00:00,65100.0,65199.84,65013.94,65143.48,92.27002
2026-07-23T22:30:00+00:00,65143.47,65227.99,65143.47,65210.05,70.79017
2026-07-23T22:45:00+00:00,65210.04,65210.05,65138.0,65195.43,46.55284
2026-07-23T23:00:00+00:00,65195.43,65218.75,65154.11,65200.0,277.49333
2026-07-23T23:15:00+00:00,65200.0,65235.43,65142.03,65176.14,136.05674
2026-07-23T23:30:00+00:00,65176.15,65209.34,65144.54,65172.07,53.21876
2026-07-23T23:45:00+00:00,65172.08,65185.62,65052.01,65098.97,47.2545
2026-07-24T00:00:00+00:00,65098.98,65113.86,64894.84,64934.67,108.28176
2026-07-24T00:15:00+00:00,64934.68,64990.68,64881.53,64881.54,44.78784
2026-07-24T00:30:00+00:00,64881.54,64913.7,64762.18,64856.0,128.91912
2026-07-24T00:45:00+00:00,64856.0,64974.0,64852.0,64973.99,61.42426
2026-07-24T01:00:00+00:00,64974.0,65125.52,64944.37,65045.41,94.15016
2026-07-24T01:15:00+00:00,65045.4,65116.54,64996.0,65018.57,178.25189
2026-07-24T01:30:00+00:00,65018.56,65168.0,65018.56,65100.2,234.30043
2026-07-24T01:45:00+00:00,65100.2,65130.15,65064.0,65086.0,159.69314
2026-07-24T02:00:00+00:00,65086.0,65187.57,65064.0,65170.01,55.82366
2026-07-24T02:15:00+00:00,65170.0,65173.94,65080.47,65163.01,124.06359
2026-07-24T02:30:00+00:00,65163.0,65163.01,64925.45,65059.98,168.07524
2026-07-24T02:45:00+00:00,65059.98,65116.99,64942.0,65116.99,84.41141
2026-07-24T03:00:00+00:00,65116.99,65319.79,65078.0,65316.86,127.93016
2026-07-24T03:15:00+00:00,65316.85,65400.0,65305.54,65324.21,124.70538
2026-07-24T03:30:00+00:00,65324.21,65415.26,65278.0,65411.98,70.61996
2026-07-24T03:45:00+00:00,65411.98,65464.35,65391.39,65456.7,59.4443
2026-07-24T04:00:00+00:00,65456.7,65469.86,65388.7,65392.0,102.83451
2026-07-24T04:15:00+00:00,65392.0,65443.29,65333.97,65418.01,56.97267
2026-07-24T04:30:00+00:00,65418.0,65418.0,65304.01,65332.88,56.10524
2026-07-24T04:45:00+00:00,65332.88,65354.01,65272.26,65318.0,83.78338
2026-07-24T05:00:00+00:00,65318.01,65394.0,65248.0,65351.66,108.72208
2026-07-24T05:15:00+00:00,65351.66,65375.62,65322.74,65334.3,119.64284
2026-07-24T05:30:00+00:00,65334.3,65334.3,65264.83,65309.1,27.71011
2026-07-24T05:45:00+00:00,65309.09,65332.81,65284.4,65325.0,116.22912
2026-07-24T06:00:00+00:00,65325.01,65380.45,65278.07,65380.45,336.35169
2026-07-24T06:15:00+00:00,65380.44,65499.0,65362.07,65468.0,265.27755
2026-07-24T06:30:00+00:00,65468.0,65519.93,65381.76,65459.45,251.14137
2026-07-24T06:45:00+00:00,65459.44,65483.9,65431.15,65472.0,61.49377
2026-07-24T07:00:00+00:00,65472.0,65772.0,65471.99,65765.0,277.38552
2026-07-24T07:15:00+00:00,65764.99,65808.59,65616.1,65641.31,247.40471
2026-07-24T07:30:00+00:00,65641.31,65696.99,65320.69,65369.2,486.15231
2026-07-24T07:45:00+00:00,65369.2,65506.4,65361.22,65499.95,208.66027
2026-07-24T08:00:00+00:00,65499.94,65508.17,65425.98,65438.95,89.57255
2026-07-24T08:15:00+00:00,65438.96,65478.2,65312.0,65390.01,79.80197
2026-07-24T08:30:00+00:00,65390.01,65451.99,65390.0,65445.35,77.93802
2026-07-24T08:45:00+00:00,65445.36,65449.25,65302.18,65302.18,58.94771
2026-07-24T09:00:00+00:00,65302.18,65314.66,65045.34,65045.34,178.24407
2026-07-24T09:15:00+00:00,65045.34,65069.87,64952.38,64965.43,130.35842
2026-07-24T09:30:00+00:00,64965.43,65096.0,64960.67,65080.01,103.1428
2026-07-24T09:45:00+00:00,65080.0,65136.0,65074.0,65113.13,67.18962
2026-07-24T10:00:00+00:00,65113.13,65157.99,65000.0,65001.88,57.65379
2026-07-24T10:15:00+00:00,65001.89,65025.0,64968.56,65014.0,268.68631
2026-07-24T10:30:00+00:00,65013.99,65050.0,65000.0,65022.21,227.16959
2026-07-24T10:45:00+00:00,65022.2,65039.37,64906.85,64950.0,162.61813
2026-07-24T11:00:00+00:00,64950.01,65024.86,64920.0,65000.01,267.34549
2026-07-24T11:15:00+00:00,65000.0,65069.05,65000.0,65035.94,158.34579
2026-07-24T11:30:00+00:00,65035.95,65052.0,64944.0,64946.31,180.12043
2026-07-24T11:45:00+00:00,64946.32,65099.99,64857.14,65083.43,145.36204
2026-07-24T12:00:00+00:00,65083.42,65101.99,64987.84,65072.63,103.76585
2026-07-24T12:15:00+00:00,65072.63,65133.99,65022.87,65026.63,108.39478
2026-07-24T12:30:00+00:00,65026.64,65058.56,64927.52,64927.52,75.96125
2026-07-24T12:45:00+00:00,64927.53,64954.95,64766.0,64780.01,219.32929
2026-07-24T13:00:00+00:00,64780.0,64802.0,64360.91,64375.34,558.73226
2026-07-24T13:15:00+00:00,64375.34,64542.0,64350.04,64381.99,259.10741
2026-07-24T13:30:00+00:00,64381.99,64412.95,64210.1,64411.99,504.4824
2026-07-24T13:45:00+00:00,64411.99,64442.0,63920.01,64155.46,685.36375
2026-07-24T14:00:00+00:00,64155.47,64198.3,63973.38,63977.84,388.58894
2026-07-24T14:15:00+00:00,63977.83,63991.55,63739.75,63860.33,602.92082
2026-07-24T14:30:00+00:00,63860.34,63885.33,63794.42,63832.01,256.53866
2026-07-24T14:45:00+00:00,63832.0,64055.12,63743.62,64055.12,343.04084
2026-07-24T15:00:00+00:00,64055.11,64144.9,63858.0,64142.01,241.94495
2026-07-24T15:15:00+00:00,64142.01,64193.36,63963.99,64128.56,296.5466
2026-07-24T15:30:00+00:00,64128.55,64333.33,64057.72,64170.09,1159.5535
2026-07-24T15:45:00+00:00,64170.08,64216.02,64038.86,64093.85,241.14474
2026-07-24T16:00:00+00:00,64093.86,64200.0,64020.86,64138.0,133.03237
2026-07-24T16:15:00+00:00,64138.0,64170.0,64086.0,64092.36,90.04781
2026-07-24T16:30:00+00:00,64092.36,64092.36,63942.43,63942.44,136.93924
2026-07-24T16:45:00+00:00,63942.43,64009.81,63881.46,63958.0,169.33983
2026-07-24T17:00:00+00:00,63958.01,64009.81,63905.51,63962.84,128.36566
2026-07-24T17:15:00+00:00,63962.85,64144.0,63949.61,64098.06,102.03501
2026-07-24T17:30:00+00:00,64098.06,64195.46,64094.0,64171.49,67.7295
2026-07-24T17:45:00+00:00,64171.49,64202.91,64132.38,64180.0,227.3454
2026-07-24T18:00:00+00:00,64180.0,64211.11,64149.99,64209.32,112.6994
2026-07-24T18:15:00+00:00,64209.33,64209.33,64129.75,64142.31,42.35735
2026-07-24T18:30:00+00:00,64142.31,64182.55,64131.71,64173.49,81.95703
2026-07-24T18:45:00+00:00,64173.49,64290.1,64165.63,64272.0,153.97347
2026-07-24T19:00:00+00:00,64272.01,64292.44,64141.18,64144.75,138.95475
2026-07-24T19:15:00+00:00,64144.75,64217.87,64144.75,64201.69,66.10088
2026-07-24T19:30:00+00:00,64201.69,64274.0,64197.19,64252.0,80.90259
2026-07-24T19:45:00+00:00,64252.0,64264.0,64176.0,64225.32,293.6364
2026-07-24T20:00:00+00:00,64225.32,64288.02,64194.96,64210.97,66.82943
2026-07-24T20:15:00+00:00,64210.97,64266.47,64195.68,64238.47,48.78048
2026-07-24T20:30:00+00:00,64238.46,64238.47,64128.89,64182.0,61.24808
2026-07-24T20:45:00+00:00,64182.0,64193.21,64136.0,64170.23,37.9696
2026-07-24T21:00:00+00:00,64170.24,64222.15,64138.0,64156.99,85.84161
2026-07-24T21:15:00+00:00,64157.0,64258.73,64146.99,64180.0,212.48261
2026-07-24T21:30:00+00:00,64180.0,64208.78,64135.99,64174.0,230.80386
2026-07-24T21:45:00+00:00,64174.0,64184.38,64122.29,64155.0,122.68534
2026-07-24T22:00:00+00:00,64155.0,64173.99,64121.86,64160.01,108.39246
2026-07-24T22:15:00+00:00,64160.01,64196.99,64150.0,64167.13,214.22942
2026-07-24T22:30:00+00:00,64167.14,64216.27,64162.35,64179.99,204.37268
2026-07-24T22:45:00+00:00,64180.0,64191.0,64167.62,64169.01,60.60342
2026-07-24T23:00:00+00:00,64169.01,64180.91,64149.99,64149.99,75.35945
2026-07-24T23:15:00+00:00,64150.0,64176.39,64139.01,64176.39,61.01158
2026-07-24T23:30:00+00:00,64176.39,64187.4,64139.21,64179.95,171.69458
2026-07-24T23:45:00+00:00,64179.96,64179.96,64134.71,64139.99,104.8883
2026-07-25T00:00:00+00:00,64140.0,64179.03,64134.99,64135.0,138.42687
2026-07-25T00:15:00+00:00,64135.0,64165.12,64129.99,64149.8,76.19289
2026-07-25T00:30:00+00:00,64149.8,64163.88,64080.66,64102.95,70.39516
2026-07-25T00:45:00+00:00,64102.94,64102.94,64033.18,64073.61,101.5328
2026-07-25T01:00:00+00:00,64073.61,64160.0,64008.77,64022.67,60.57674
2026-07-25T01:15:00+00:00,64022.68,64081.22,64006.55,64056.01,63.32493
2026-07-25T01:30:00+00:00,64056.0,64129.59,64038.0,64129.58,334.83272
2026-07-25T01:45:00+00:00,64129.59,64147.19,64068.0,64068.01,34.34255
2026-07-25T02:00:00+00:00,64068.0,64099.99,64062.79,64086.01,90.43135
2026-07-25T02:15:00+00:00,64086.0,64086.0,64033.97,64060.0,52.22055
2026-07-25T02:30:00+00:00,64059.99,64060.0,64024.41,64053.75,139.25256
2026-07-25T02:45:00+00:00,64053.75,64054.15,64017.87,64052.0,197.68393
2026-07-25T03:00:00+00:00,64052.01,64074.36,64016.65,64034.0,253.28357
2026-07-25T03:15:00+00:00,64033.99,64103.67,64033.99,64080.0,159.15745
2026-07-25T03:30:00+00:00,64080.0,64105.61,64068.0,64093.21,23.94536
2026-07-25T03:45:00+00:00,64093.21,64096.15,64047.44,64085.36,33.12943
2026-07-25T04:00:00+00:00,64085.36,64129.62,64085.36,64129.61,32.87398
2026-07-25T04:15:00+00:00,64129.62,64134.0,64098.2,64104.98,40.09388
2026-07-25T04:30:00+00:00,64104.98,64190.13,64085.15,64190.01,52.79783
2026-07-25T04:45:00+00:00,64190.0,64205.67,64150.05,64181.46,45.61462
2026-07-25T05:00:00+00:00,64181.45,64199.76,64149.37,64149.99,56.03453
2026-07-25T05:15:00+00:00,64150.0,64155.51,64139.99,64150.56,30.1861
2026-07-25T05:30:00+00:00,64150.55,64150.56,64021.76,64036.89,58.9242
2026-07-25T05:45:00+00:00,64036.9,64046.01,63980.01,64024.0,100.47955
2026-07-25T06:00:00+00:00,64024.0,64054.64,64009.99,64054.63,42.1103
2026-07-25T06:15:00+00:00,64054.64,64063.37,63979.99,64012.0,107.42597
2026-07-25T06:30:00+00:00,64012.0,64027.64,63967.72,63991.43,56.52204
2026-07-25T06:45:00+00:00,63991.42,64010.0,63964.57,64010.0,42.48927
2026-07-25T07:00:00+00:00,64010.0,64028.66,64009.99,64021.07,48.41647
2026-07-25T07:15:00+00:00,64021.07,64038.0,64000.0,64025.26,161.38975
2026-07-25T07:30:00+00:00,64025.26,64038.52,64003.23,64030.75,72.94001
2026-07-25T07:45:00+00:00,64030.75,64038.0,64003.19,64003.2,125.61988
2026-07-25T08:00:00+00:00,64003.2,64010.01,63919.91,63961.68,163.94344
2026-07-25T08:15:00+00:00,63961.68,63996.96,63961.67,63996.95,31.52137
2026-07-25T08:30:00+00:00,63996.95,64005.4,63954.0,63957.27,72.25199
2026-07-25T08:45:00+00:00,63957.28,63961.13,63810.0,63876.06,239.81218
2026-07-25T09:00:00+00:00,63876.07,63918.0,63830.0,63873.17,363.96177
2026-07-25T09:15:00+00:00,63873.18,63942.0,63873.18,63941.99,401.80805
2026-07-25T09:30:00+00:00,63941.99,63955.04,63925.3,63937.73,185.96147
2026-07-25T09:45:00+00:00,63937.73,64024.72,63937.73,63999.99,861.88081
2026-07-25T10:00:00+00:00,64000.0,64043.74,64000.0,64043.74,47.48287
2026-07-25T10:15:00+00:00,64043.74,64050.15,64022.26,64036.38,44.98986
2026-07-25T10:30:00+00:00,64036.37,64036.37,63996.0,64030.06,46.09393
2026-07-25T10:45:00+00:00,64030.07,64070.0,64020.0,64070.0,62.01293
2026-07-25T11:00:00+00:00,64069.99,64094.77,64047.09,64073.2,53.12409
2026-07-25T11:15:00+00:00,64073.21,64087.62,64063.59,64086.54,70.65205
2026-07-25T11:30:00+00:00,64086.55,64113.0,64053.0,64053.01,62.75317
2026-07-25T11:45:00+00:00,64053.01,64075.96,64053.0,64064.01,39.93701
2026-07-25T12:00:00+00:00,64064.01,64079.78,64045.56,64062.01,68.15517
2026-07-25T12:15:00+00:00,64062.01,64066.0,64044.33,64050.0,32.28148
2026-07-25T12:30:00+00:00,64050.01,64094.84,64043.0,64093.99,36.14463
2026-07-25T12:45:00+00:00,64093.99,64123.8,64093.99,64123.8,42.82892
2026-07-25T13:00:00+00:00,64123.8,64136.42,64117.37,64130.97,51.5159
2026-07-25T13:15:00+00:00,64130.96,64136.45,64106.74,64132.0,35.13092
2026-07-25T13:30:00+00:00,64132.01,64200.0,64116.97,64199.98,67.42031
2026-07-25T13:45:00+00:00,64199.98,64267.78,64143.0,64172.0,131.39878
2026-07-25T14:00:00+00:00,64172.01,64174.24,64126.0,64173.0,78.39699
2026-07-25T14:15:00+00:00,64172.99,64182.0,64136.0,64160.81,62.59951
2026-07-25T14:30:00+00:00,64160.82,64204.59,64160.81,64197.98,61.40563
2026-07-25T14:45:00+00:00,64197.98,64217.09,64175.01,64214.04,67.8011
2026-07-25T15:00:00+00:00,64214.05,64258.45,64188.38,64245.14,53.21574
2026-07-25T15:15:00+00:00,64245.15,64272.0,64200.0,64200.01,51.15753
2026-07-25T15:30:00+00:00,64200.01,64242.61,64183.01,64215.56,52.63838
2026-07-25T15:45:00+00:00,64215.56,64217.73,64169.99,64182.0,36.96864
2026-07-25T16:00:00+00:00,64182.01,64208.5,64153.78,64208.0,41.06609
2026-07-25T16:15:00+00:00,64207.99,64208.0,64123.0,64142.26,38.78228
2026-07-25T16:30:00+00:00,64142.26,64203.0,64142.14,64202.99,22.07227
2026-07-25T16:45:00+00:00,64203.0,64241.71,64190.0,64206.6,24.68964
2026-07-25T17:00:00+00:00,64206.61,64236.0,64194.37,64203.78,26.20308
2026-07-25T17:15:00+00:00,64203.79,64281.28,64203.79,64271.93,42.90554
2026-07-25T17:30:00+00:00,64271.93,64321.57,64256.0,64288.95,53.98418
2026-07-25T17:45:00+00:00,64288.94,64356.0,64250.58,64267.4,64.72426
2026-07-25T18:00:00+00:00,64267.41,64420.0,64267.41,64360.01,87.29169
2026-07-25T18:15:00+00:00,64360.01,64420.0,64346.36,64419.99,50.34865
2026-07-25T18:30:00+00:00,64420.0,64475.28,64388.37,64396.0,123.75417
2026-07-25T18:45:00+00:00,64396.0,64446.71,64392.44,64415.99,53.12617
2026-07-25T19:00:00+00:00,64415.99,64438.12,64404.0,64436.01,29.42806
2026-07-25T19:15:00+00:00,64436.0,64436.01,64396.0,64409.64,55.8133
2026-07-25T19:30:00+00:00,64409.64,64412.91,64399.55,64399.57,40.6985
2026-07-25T19:45:00+00:00,64399.57,64428.0,64388.38,64388.38,93.55744
2026-07-25T20:00:00+00:00,64388.39,64392.74,64344.0,64378.01,28.74173
2026-07-25T20:15:00+00:00,64378.0,64391.04,64343.0,64371.35,112.85241
2026-07-25T20:30:00+00:00,64371.35,64371.35,64319.41,64323.53,18.67554
2026-07-25T20:45:00+00:00,64323.52,64351.45,64313.0,64339.75,53.63198
2026-07-25T21:00:00+00:00,64339.75,64339.75,64263.03,64277.99,34.83042
2026-07-25T21:15:00+00:00,64278.0,64293.16,64263.03,64291.93,26.52796
2026-07-25T21:30:00+00:00,64291.94,64371.88,64291.93,64333.86,31.49745
2026-07-25T21:45:00+00:00,64333.86,64430.0,64333.86,64344.02,84.2088
2026-07-25T22:00:00+00:00,64344.02,64406.01,64344.01,64406.0,88.23098
2026-07-25T22:15:00+00:00,64406.0,64421.58,64376.68,64395.91,86.76632
2026-07-25T22:30:00+00:00,64395.92,64413.39,64359.12,64413.0,129.77462
2026-07-25T22:45:00+00:00,64413.0,64426.0,64364.82,64412.0,321.16531
2026-07-25T23:00:00+00:00,64412.01,64429.38,64399.99,64400.0,100.28378
2026-07-25T23:15:00+00:00,64400.0,64420.29,64393.01,64398.0,47.36311
2026-07-25T23:30:00+00:00,64398.0,64427.88,64382.01,64382.01,177.62139
2026-07-25T23:45:00+00:00,64382.02,64392.42,64363.0,64375.0,92.53932
2026-07-26T00:00:00+00:00,64375.01,64434.0,64350.0,64433.99,73.75412
2026-07-26T00:15:00+00:00,64433.99,64486.0,64420.01,64474.87,111.95067
2026-07-26T00:30:00+00:00,64474.86,64482.0,64414.05,64423.89,32.97548
2026-07-26T00:45:00+00:00,64423.88,64507.0,64406.0,64506.99,38.05631
2026-07-26T01:00:00+00:00,64506.99,64541.66,64466.0,64500.0,48.42585
2026-07-26T01:15:00+00:00,64500.0,64502.96,64472.16,64474.05,31.78005
2026-07-26T01:30:00+00:00,64474.06,64498.62,64466.76,64480.0,46.1107
2026-07-26T01:45:00+00:00,64480.0,64488.18,64456.67,64462.0,150.86488
2026-07-26T02:00:00+00:00,64462.0,64475.52,64427.59,64474.0,53.47661
2026-07-26T02:15:00+00:00,64474.0,64476.0,64446.0,64474.0,27.40633
2026-07-26T02:30:00+00:00,64474.0,64480.0,64432.99,64440.0,18.65602
2026-07-26T02:45:00+00:00,64440.0,64527.59,64440.0,64527.56,17.48364
2026-07-26T03:00:00+00:00,64527.57,64578.21,64488.73,64576.0,97.76511
2026-07-26T03:15:00+00:00,64575.99,64576.01,64537.01,64563.0,60.86008
2026-07-26T03:30:00+00:00,64563.01,64582.0,64545.18,64545.36,51.9466
2026-07-26T03:45:00+00:00,64545.35,64557.01,64530.15,64557.0,94.3914
2026-07-26T04:00:00+00:00,64557.0,64557.01,64505.28,64505.29,102.91177
2026-07-26T04:15:00+00:00,64505.28,64549.22,64491.73,64549.22,26.85008
2026-07-26T04:30:00+00:00,64549.22,64579.98,64534.85,64579.98,23.22361
2026-07-26T04:45:00+00:00,64579.98,64599.95,64508.01,64530.06,272.17907
2026-07-26T05:00:00+00:00,64530.06,64530.07,64495.47,64520.0,32.91015
2026-07-26T05:15:00+00:00,64520.0,64520.0,64493.0,64493.0,20.59732
2026-07-26T05:30:00+00:00,64493.01,64493.01,64403.95,64475.68,46.22716
2026-07-26T05:45:00+00:00,64475.67,64475.68,64417.68,64417.69,31.41045
2026-07-26T06:00:00+00:00,64417.68,64437.88,64350.0,64350.0,164.89639
2026-07-26T06:15:00+00:00,64350.0,64357.42,64293.81,64301.76,67.58037
2026-07-26T06:30:00+00:00,64301.76,64400.01,64301.76,64374.0,142.45745
2026-07-26T06:45:00+00:00,64373.99,64457.55,64373.99,64438.0,33.3016
2026-07-26T07:00:00+00:00,64438.01,64460.0,64398.28,64428.01,52.60063
2026-07-26T07:15:00+00:00,64428.01,64438.16,64357.84,64367.98,35.6678
2026-07-26T07:30:00+00:00,64367.98,64375.72,64341.99,64342.0,132.73532
2026-07-26T07:45:00+00:00,64341.99,64375.74,64341.99,64370.0,52.4936
2026-07-26T08:00:00+00:00,64370.0,64392.73,64353.0,64392.73,99.62798
2026-07-26T08:15:00+00:00,64392.72,64412.99,64374.4,64394.0,24.68928
2026-07-26T08:30:00+00:00,64394.0,64442.2,64393.99,64442.19,19.8348
2026-07-26T08:45:00+00:00,64442.19,64493.99,64442.19,64480.01,59.99785
2026-07-26T09:00:00+00:00,64480.02,64510.01,64478.38,64499.98,49.80638
2026-07-26T09:15:00+00:00,64499.98,64545.36,64499.98,64530.01,53.18902
2026-07-26T09:30:00+00:00,64530.01,64543.1,64513.0,64543.1,41.69813
2026-07-26T09:45:00+00:00,64543.09,64549.02,64538.0,64538.0,20.13133
2026-07-26T10:00:00+00:00,64538.01,64538.01,64503.95,64509.96,29.44256
2026-07-26T10:15:00+00:00,64509.97,64540.0,64497.62,64518.3,58.38491
2026-07-26T10:30:00+00:00,64518.29,64549.99,64518.29,64549.99,17.27472
2026-07-26T10:45:00+00:00,64549.98,64573.73,64515.39,64515.4,31.94521
2026-07-26T11:00:00+00:00,64515.39,64535.99,64509.99,64510.17,54.26278
2026-07-26T11:15:00+00:00,64510.18,64522.0,64503.95,64503.95,44.51931
2026-07-26T11:30:00+00:00,64503.96,64503.96,64495.17,64495.17,30.52863
2026-07-26T11:45:00+00:00,64495.18,64515.22,64495.17,64507.35,45.53327
2026-07-26T12:00:00+00:00,64507.36,64662.99,64507.35,64609.01,160.89459
2026-07-26T12:15:00+00:00,64609.02,64620.22,64516.0,64572.82,72.79326
2026-07-26T12:30:00+00:00,64572.81,64572.82,64503.95,64503.95,29.32702
2026-07-26T12:45:00+00:00,64503.96,64503.96,64434.0,64466.67,56.27842
2026-07-26T13:00:00+00:00,64466.68,64468.59,64414.0,64423.61,30.09577
2026-07-26T13:15:00+00:00,64423.61,64514.0,64423.6,64470.02,37.48216
2026-07-26T13:30:00+00:00,64470.01,64556.0,64454.8,64555.99,118.02241
2026-07-26T13:45:00+00:00,64556.0,64571.42,64503.18,64518.0,133.55376
2026-07-26T14:00:00+00:00,64517.99,64768.23,64517.99,64709.96,247.23486
2026-07-26T14:15:00+00:00,64709.96,64709.97,64624.28,64630.31,77.02999
2026-07-26T14:30:00+00:00,64630.31,64724.0,64624.28,64693.0,84.62733
2026-07-26T14:45:00+00:00,64692.99,64758.86,64683.0,64712.99,95.34997
2026-07-26T15:00:00+00:00,64713.0,64774.27,64673.42,64673.42,83.62094
2026-07-26T15:15:00+00:00,64673.42,64783.0,64673.42,64757.56,79.89255
2026-07-26T15:30:00+00:00,64757.56,64827.0,64734.0,64800.84,88.19898
2026-07-26T15:45:00+00:00,64800.83,64800.84,64743.0,64768.0,62.15648
2026-07-26T16:00:00+00:00,64768.0,64798.39,64703.23,64718.97,92.81253
2026-07-26T16:15:00+00:00,64718.96,64814.17,64718.96,64801.26,56.66483
2026-07-26T16:30:00+00:00,64801.25,64940.51,64801.25,64830.0,174.83803
2026-07-26T16:45:00+00:00,64829.99,64838.75,64734.16,64734.17,95.73503
2026-07-26T17:00:00+00:00,64734.17,64772.0,64676.91,64772.0,148.00673
2026-07-26T17:15:00+00:00,64771.99,64794.45,64710.53,64715.27,75.86123
2026-07-26T17:30:00+00:00,64715.26,64753.0,64668.91,64681.99,47.11499
2026-07-26T17:45:00+00:00,64681.99,64704.0,64673.06,64697.2,76.8302
2026-07-26T18:00:00+00:00,64697.21,64705.99,64680.97,64683.01,30.65491
2026-07-26T18:15:00+00:00,64683.0,64698.66,64668.91,64688.61,29.06538
2026-07-26T18:30:00+00:00,64688.61,64721.05,64676.72,64703.52,29.43301
2026-07-26T18:45:00+00:00,64703.51,64769.99,64703.51,64734.38,25.60951
2026-07-26T19:00:00+00:00,64734.39,64741.83,64671.91,64671.93,28.0392
2026-07-26T19:15:00+00:00,64671.93,64742.45,64671.92,64720.01,287.35995
2026-07-26T19:30:00+00:00,64720.01,64753.0,64720.0,64722.36,23.87359
2026-07-26T19:45:00+00:00,64722.35,64722.36,64693.17,64695.52,30.28444
2026-07-26T20:00:00+00:00,64695.52,64703.36,64683.8,64691.71,32.6584
2026-07-26T20:15:00+00:00,64691.71,64691.71,64631.57,64649.99,38.34311
2026-07-26T20:30:00+00:00,64650.0,64669.99,64649.99,64662.72,27.55768
2026-07-26T20:45:00+00:00,64662.72,64662.72,64649.03,64649.04,21.45863
2026-07-26T21:00:00+00:00,64649.04,64719.75,64649.03,64698.1,46.89118
2026-07-26T21:15:00+00:00,64698.09,64859.99,64695.92,64819.17,80.08651
2026-07-26T21:30:00+00:00,64819.16,64844.44,64793.0,64793.01,64.6335
2026-07-26T21:45:00+00:00,64793.01,64924.0,64793.01,64858.02,76.65386
2026-07-26T22:00:00+00:00,64858.03,65244.0,64858.03,65206.96,364.29556
2026-07-26T22:15:00+00:00,65206.96,65260.86,65170.0,65204.0,251.44376
2026-07-26T22:30:00+00:00,65204.0,65502.6,65184.12,65467.66,512.58867
2026-07-26T22:45:00+00:00,65467.67,65500.0,65378.0,65412.68,202.74593
2026-07-26T23:00:00+00:00,65412.69,65577.0,65381.77,65408.51,380.32212
2026-07-26T23:15:00+00:00,65408.52,65494.33,65312.0,65334.0,114.36837
2026-07-26T23:30:00+00:00,65334.0,65409.01,65273.76,65407.21,69.84145
2026-07-26T23:45:00+00:00,65407.2,65463.97,65351.28,65399.99,65.61733
2026-07-27T00:00:00+00:00,65400.0,65418.81,65188.0,65227.32,165.58006
2026-07-27T00:15:00+00:00,65227.33,65263.85,65108.0,65199.99,110.46359
2026-07-27T00:30:00+00:00,65199.99,65229.99,65118.0,65160.28,86.8325
2026-07-27T00:45:00+00:00,65160.29,65191.28,65065.46,65131.95,102.89772
2026-07-27T01:00:00+00:00,65131.96,65206.84,65050.04,65057.84,90.1331
2026-07-27T01:15:00+00:00,65057.85,65084.0,64992.0,65019.88,99.73863
2026-07-27T01:30:00+00:00,65019.89,65119.85,64892.03,65096.28,200.57501
2026-07-27T01:45:00+00:00,65096.29,65225.75,65084.0,65206.21,88.34049
2026-07-27T02:00:00+00:00,65206.21,65220.0,65160.0,65206.01,66.50551
2026-07-27T02:15:00+00:00,65206.0,65249.74,65154.02,65186.54,157.88042
2026-07-27T02:30:00+00:00,65186.54,65281.64,65118.08,65239.45,149.86356
2026-07-27T02:45:00+00:00,65239.44,65265.64,65126.77,65172.0,101.56876
2026-07-27T03:00:00+00:00,65172.02,65290.0,65161.99,65279.99,304.08051
2026-07-27T03:15:00+00:00,65280.0,65341.77,65263.83,65319.99,71.93959
2026-07-27T03:30:00+00:00,65319.99,65359.98,65254.0,65356.7,74.90696
2026-07-27T03:45:00+00:00,65356.7,65367.73,65269.99,65284.0,68.25576
2026-07-27T04:00:00+00:00,65284.0,65374.79,65242.69,65318.51,73.083
2026-07-27T04:15:00+00:00,65318.51,65500.0,65288.26,65325.33,126.96272
2026-07-27T04:30:00+00:00,65325.32,65436.87,65252.3,65393.82,72.44253
2026-07-27T04:45:00+00:00,65393.81,65393.82,65282.8,65282.8,59.07156
2026-07-27T05:00:00+00:00,65282.81,65396.01,65282.8,65372.48,52.17643
2026-07-27T05:15:00+00:00,65372.48,65438.0,65340.0,65411.99,74.11703
2026-07-27T05:30:00+00:00,65411.99,65424.01,65370.0,65384.0,89.88681
2026-07-27T05:45:00+00:00,65384.0,65493.38,65351.62,65468.38,68.61345
2026-07-27T06:00:00+00:00,65468.38,65744.6,65459.42,65597.41,373.74294
2026-07-27T06:15:00+00:00,65597.4,65640.0,65462.14,65492.54,188.55276
2026-07-27T06:30:00+00:00,65492.54,65580.0,65471.87,65526.11,155.03545
2026-07-27T06:45:00+00:00,65526.11,65530.0,65404.9,65416.76,150.01615
2026-07-27T07:00:00+00:00,65416.77,65441.63,65346.52,65422.0,378.17587
2026-07-27T07:15:00+00:00,65422.01,65447.02,65396.34,65410.49,75.74706
2026-07-27T07:30:00+00:00,65410.5,65410.5,65217.16,65283.99,214.85757
2026-07-27T07:45:00+00:00,65283.99,65326.0,65221.99,65221.99,397.31069
2026-07-27T08:00:00+00:00,65221.99,65250.0,65166.66,65189.99,175.41743
2026-07-27T08:15:00+00:00,65189.99,65258.0,65136.0,65239.57,224.19767
2026-07-27T08:30:00+00:00,65239.58,65239.58,65158.87,65163.76,184.04136
2026-07-27T08:45:00+00:00,65163.76,65207.37,65128.85,65162.98,141.31872
2026-07-27T09:00:00+00:00,65162.98,65162.98,65100.0,65122.01,281.88264
2026-07-27T09:15:00+00:00,65122.0,65234.0,65117.25,65225.67,259.72741
2026-07-27T09:30:00+00:00,65225.68,65348.17,65210.37,65303.99,322.63114
2026-07-27T09:45:00+00:00,65303.98,65308.67,65262.15,65262.17,613.91953
2026-07-27T10:00:00+00:00,65262.18,65272.92,65230.01,65248.0,123.59549
2026-07-27T10:15:00+00:00,65248.0,65390.0,65243.04,65348.01,127.00806
2026-07-27T10:30:00+00:00,65348.01,65416.44,65344.5,65410.0,99.01923
2026-07-27T10:45:00+00:00,65410.0,65432.0,65333.33,65333.35,62.67715
2026-07-27T11:00:00+00:00,65333.35,65333.36,65242.06,65254.7,82.57155
2026-07-27T11:15:00+00:00,65254.69,65265.94,65128.95,65128.95,56.27013
2026-07-27T11:30:00+00:00,65128.95,65210.04,65118.08,65158.01,84.12977
2026-07-27T11:45:00+00:00,65158.0,65158.0,65092.0,65100.79,64.17857
2026-07-27T12:00:00+00:00,65100.79,65255.76,65076.98,65086.01,132.86022
2026-07-27T12:15:00+00:00,65086.0,65144.0,65009.28,65009.29,105.61203
2026-07-27T12:30:00+00:00,65009.28,65054.37,64836.0,65046.79,261.72569
2026-07-27T12:45:00+00:00,65046.78,65134.37,65015.0,65086.0,87.53437
2026-07-27T13:00:00+00:00,65086.0,65124.0,64968.0,64978.22,89.9647
2026-07-27T13:15:00+00:00,64978.21,65055.93,64913.12,64947.6,112.20363
2026-07-27T13:30:00+00:00,64947.6,65686.68,64943.66,65668.2,493.29255
2026-07-27T13:45:00+00:00,65668.2,65718.0,65184.0,65217.37,381.08054
2026-07-27T14:00:00+00:00,65217.38,65431.9,65134.36,65367.99,207.81897
2026-07-27T14:15:00+00:00,65367.99,65396.26,64870.68,64870.69,249.98249
2026-07-27T14:30:00+00:00,64870.69,64886.9,64459.82,64476.0,406.89652
2026-07-27T14:45:00+00:00,64476.0,64710.0,64472.01,64687.45,267.77876
2026-07-27T15:00:00+00:00,64687.45,64776.0,64579.22,64728.87,211.16088
2026-07-27T15:15:00+00:00,64728.87,64774.0,64554.51,64658.0,118.64548
2026-07-27T15:30:00+00:00,64658.0,64700.0,64418.01,64580.79,191.81385
2026-07-27T15:45:00+00:00,64580.8,64637.79,64534.79,64554.01,74.66972
2026-07-27T16:00:00+00:00,64554.0,64683.53,64538.54,64616.0,95.70287
2026-07-27T16:15:00+00:00,64616.0,64796.0,64517.78,64734.01,176.37759
2026-07-27T16:30:00+00:00,64734.0,64970.93,64734.0,64923.77,113.42357
2026-07-27T16:45:00+00:00,64923.77,64949.99,64811.28,64898.52,87.86898
2026-07-27T17:00:00+00:00,64898.53,64949.22,64794.37,64897.29,100.06495
2026-07-27T17:15:00+00:00,64897.29,65061.86,64884.0,65002.55,149.59182
2026-07-27T17:30:00+00:00,65002.55,65090.0,64996.0,65000.0,88.07984
2026-07-27T17:45:00+00:00,65000.01,65031.81,64955.43,65019.81,66.75546
2026-07-27T18:00:00+00:00,65019.81,65058.32,64962.67,64962.67,51.3454
2026-07-27T18:15:00+00:00,64962.66,64962.66,64843.32,64918.87,81.84223
2026-07-27T18:30:00+00:00,64918.87,64932.89,64755.67,64837.33,118.37073
2026-07-27T18:45:00+00:00,64837.33,64880.72,64763.97,64878.0,71.70508
2026-07-27T19:00:00+00:00,64878.0,65026.35,64810.9,64974.0,56.36905
2026-07-27T19:15:00+00:00,64974.01,65029.3,64929.88,64996.01,80.17271
2026-07-27T19:30:00+00:00,64996.01,65078.0,64972.01,64978.0,79.86145
2026-07-27T19:45:00+00:00,64978.0,64984.0,64920.5,64984.0,75.42113
2026-07-27T20:00:00+00:00,64983.99,65056.0,64944.0,64956.28,46.50783
2026-07-27T20:15:00+00:00,64956.27,65015.24,64908.01,65015.24,26.55528
2026-07-27T20:30:00+00:00,65015.24,65026.16,64950.0,64950.02,35.16231
2026-07-27T20:45:00+00:00,64950.01,64964.01,64908.01,64960.65,89.47417
2026-07-27T21:00:00+00:00,64960.64,64960.65,64900.0,64903.43,59.64167
2026-07-27T21:15:00+00:00,64903.44,64903.44,64819.16,64828.38,70.01358
2026-07-27T21:30:00+00:00,64828.37,64880.0,64790.28,64819.2,57.73121
2026-07-27T21:45:00+00:00,64819.21,64869.91,64800.0,64821.25,50.68757
2026-07-27T22:00:00+00:00,64821.26,64821.26,64671.07,64726.01,113.55303
2026-07-27T22:15:00+00:00,64726.01,64757.93,64577.06,64602.71,94.8295
2026-07-27T22:30:00+00:00,64602.7,64602.71,64150.0,64213.99,371.10991
2026-07-27T22:45:00+00:00,64213.99,64225.82,63792.0,63792.0,551.05412
2026-07-27T23:00:00+00:00,63792.01,63858.97,63605.56,63800.01,460.29236
2026-07-27T23:15:00+00:00,63800.01,63940.27,63726.0,63882.56,214.36235
2026-07-27T23:30:00+00:00,63882.38,63922.0,63634.0,63685.96,162.42513
2026-07-27T23:45:00+00:00,63685.95,63790.0,63663.47,63755.86,110.57211
2026-07-28T00:00:00+00:00,63755.86,63791.33,63500.0,63681.99,260.55552
2026-07-28T00:15:00+00:00,63682.0,63827.49,63584.0,63704.3,164.16661
2026-07-28T00:30:00+00:00,63704.3,63709.66,63570.98,63610.01,97.37051
2026-07-28T00:45:00+00:00,63610.0,63619.71,63469.3,63487.88,188.9528
2026-07-28T01:00:00+00:00,63487.88,63529.89,63059.39,63198.93,566.39123
2026-07-28T01:15:00+00:00,63198.94,63356.85,63128.45,63315.51,388.46039
2026-07-28T01:30:00+00:00,63315.51,63397.95,63180.0,63198.0,162.38483
2026-07-28T01:45:00+00:00,63198.0,63316.69,63178.0,63230.83,127.97334
2026-07-28T02:00:00+00:00,63230.82,63285.02,63163.93,63267.99,131.57977
2026-07-28T02:15:00+00:00,63267.98,63305.94,63204.16,63235.97,94.95833
2026-07-28T02:30:00+00:00,63235.96,63245.86,63123.0,63130.0,108.25048
2026-07-28T02:45:00+00:00,63130.0,63206.44,63108.0,63185.59,94.43036
2026-07-28T03:00:00+00:00,63185.59,63298.0,63168.01,63277.08,87.02706
2026-07-28T03:15:00+00:00,63277.09,63346.3,63250.0,63300.62,258.79499
2026-07-28T03:30:00+00:00,63300.63,63375.39,63228.57,63356.38,266.40643
2026-07-28T03:45:00+00:00,63356.39,63369.99,63284.59,63343.83,116.27208
2026-07-28T04:00:00+00:00,63343.82,63354.39,63285.01,63345.67,127.79223
2026-07-28T04:15:00+00:00,63345.67,63361.85,63295.1,63295.11,103.37053
2026-07-28T04:30:00+00:00,63295.1,63295.1,63221.26,63286.08,44.50102
2026-07-28T04:45:00+00:00,63286.08,63354.55,63286.03,63350.95,67.51004
2026-07-28T05:00:00+00:00,63350.95,63498.6,63323.09,63450.64,94.68383
2026-07-28T05:15:00+00:00,63450.65,63623.5,63450.64,63545.26,136.74637
2026-07-28T05:30:00+00:00,63545.26,63545.37,63432.38,63545.36,93.67556
2026-07-28T05:45:00+00:00,63545.37,63561.03,63451.61,63451.61,65.41263
2026-07-28T06:00:00+00:00,63451.62,63467.32,63395.13,63424.22,108.17896
2026-07-28T06:15:00+00:00,63424.22,63526.86,63424.21,63521.99,105.11982
2026-07-28T06:30:00+00:00,63522.0,63584.01,63506.05,63580.0,76.39278
2026-07-28T06:45:00+00:00,63580.0,63660.72,63545.38,63640.63,171.03132
2026-07-28T07:00:00+00:00,63640.63,63668.71,63539.55,63583.9,363.51929
2026-07-28T07:15:00+00:00,63583.9,63590.0,63513.81,63575.76,267.726
2026-07-28T07:30:00+00:00,63575.76,63582.0,63488.0,63488.0,204.64728
2026-07-28T07:45:00+00:00,63488.01,63528.35,63455.58,63505.99,150.09273
2026-07-28T08:00:00+00:00,63506.0,63546.36,63440.62,63440.62,88.14409
2026-07-28T08:15:00+00:00,63440.62,63494.26,63433.02,63479.99,63.68459
2026-07-28T08:30:00+00:00,63480.0,63518.0,63420.0,63496.61,79.07647
2026-07-28T08:45:00+00:00,63496.61,63512.0,63406.11,63428.08,50.58251
2026-07-28T09:00:00+00:00,63428.07,63465.99,63396.0,63431.98,60.9465
2026-07-28T09:15:00+00:00,63431.99,63499.76,63415.65,63496.3,79.86232
2026-07-28T09:30:00+00:00,63496.29,63581.33,63481.03,63518.91,88.80366
2026-07-28T09:45:00+00:00,63518.91,63556.31,63368.81,63393.99,85.82511
2026-07-28T10:00:00+00:00,63393.99,63410.0,63322.0,63344.0,88.97075
2026-07-28T10:15:00+00:00,63344.01,63429.83,63294.0,63386.91,115.30509
2026-07-28T10:30:00+00:00,63386.91,63526.0,63370.0,63526.0,133.05302
2026-07-28T10:45:00+00:00,63525.99,63555.18,63468.0,63473.47,78.70684
2026-07-28T11:00:00+00:00,63473.48,63507.25,63366.02,63366.03,92.91166
2026-07-28T11:15:00+00:00,63366.02,63593.0,63352.0,63453.29,104.90877
2026-07-28T11:30:00+00:00,63453.28,63584.83,63368.0,63398.07,76.03397
2026-07-28T11:45:00+00:00,63398.07,63513.88,63398.07,63450.0,131.59889
2026-07-28T12:00:00+00:00,63449.99,63536.0,63430.33,63440.01,112.82358
2026-07-28T12:15:00+00:00,63440.01,63512.12,63418.52,63424.0,88.07498
2026-07-28T12:30:00+00:00,63424.0,63477.31,63364.96,63477.3,131.82623
2026-07-28T12:45:00+00:00,63477.31,63570.0,63434.32,63546.65,108.25936
2026-07-28T13:00:00+00:00,63546.65,63588.0,63481.29,63516.01,177.60135
2026-07-28T13:15:00+00:00,63516.01,63516.01,63304.0,63310.01,222.04729
2026-07-28T13:30:00+00:00,63310.0,63392.39,62890.0,62991.28,716.1467
2026-07-28T13:45:00+00:00,62991.28,63120.03,62742.47,63104.0,500.11888
2026-07-28T14:00:00+00:00,63104.0,63308.0,63103.99,63153.7,195.33853
2026-07-28T14:15:00+00:00,63153.7,63247.39,62965.38,63184.91,293.73663
2026-07-28T14:30:00+00:00,63184.91,63424.09,63156.0,63358.0,203.79327
2026-07-28T14:45:00+00:00,63358.01,63550.0,63326.1,63412.45,176.11745
2026-07-28T15:00:00+00:00,63412.45,63495.17,63269.28,63462.26,195.43371
2026-07-28T15:15:00+00:00,63462.26,63986.21,63370.0,63754.28,346.90999
2026-07-28T15:30:00+00:00,63754.28,63944.0,63700.0,63873.54,181.36877
2026-07-28T15:45:00+00:00,63873.55,64026.62,63798.36,63928.47,221.40325
2026-07-28T16:00:00+00:00,63928.46,63936.0,63803.94,63814.0,115.27952
2026-07-28T16:15:00+00:00,63814.0,63950.0,63800.0,63842.0,95.11206
2026-07-28T16:30:00+00:00,63842.01,63946.0,63773.65,63912.0,115.39051
2026-07-28T16:45:00+00:00,63912.0,64100.0,63866.18,64043.26,192.1654
2026-07-28T17:00:00+00:00,64043.27,64043.27,63791.86,63804.9,98.74276
2026-07-28T17:15:00+00:00,63804.9,63834.0,63694.7,63736.01,117.50028
2026-07-28T17:30:00+00:00,63736.01,63736.01,63504.0,63564.97,200.87465
2026-07-28T17:45:00+00:00,63564.97,63687.19,63563.33,63685.88,110.13107
2026-07-28T18:00:00+00:00,63685.88,63849.09,63680.91,63696.0,100.59238
2026-07-28T18:15:00+00:00,63695.99,63741.12,63681.3,63701.24,93.45412
2026-07-28T18:30:00+00:00,63701.24,63774.62,63672.26,63760.0,54.4727
2026-07-28T18:45:00+00:00,63760.0,63796.0,63694.0,63734.49,62.9937
2026-07-28T19:00:00+00:00,63734.49,63860.0,63734.49,63761.86,78.79731
2026-07-28T19:15:00+00:00,63761.87,63800.0,63724.0,63754.0,52.1596
2026-07-28T19:30:00+00:00,63754.01,63873.55,63688.42,63697.99,81.35686
2026-07-28T19:45:00+00:00,63698.0,63904.0,63675.93,63904.0,120.95632
2026-07-28T20:00:00+00:00,63904.0,63994.48,63880.0,63989.71,164.37805
2026-07-28T20:15:00+00:00,63989.7,64018.39,63898.11,63902.86,57.20427
2026-07-28T20:30:00+00:00,63902.87,63939.03,63881.68,63930.01,52.1874
2026-07-28T20:45:00+00:00,63930.01,63942.97,63901.42,63917.55,26.45147
2026-07-28T21:00:00+00:00,63917.55,63994.29,63914.01,63924.0,46.29961
2026-07-28T21:15:00+00:00,63924.01,63928.0,63892.0,63920.0,29.26013
2026-07-28T21:30:00+00:00,63920.0,64052.0,63904.0,64042.89,89.9926
2026-07-28T21:45:00+00:00,64042.89,64073.3,63969.45,63972.44,61.68629
2026-07-28T22:00:00+00:00,63972.44,64020.76,63906.5,63991.17,77.97974
2026-07-28T22:15:00+00:00,63991.18,64020.76,63918.0,63918.01,47.65921
2026-07-28T22:30:00+00:00,63918.0,63918.0,63862.39,63881.99,107.03613
2026-07-28T22:45:00+00:00,63881.99,63881.99,63768.47,63783.71,86.99511
2026-07-28T23:00:00+00:00,63783.72,63790.0,63602.52,63628.0,78.1894
2026-07-28T23:15:00+00:00,63627.99,63665.38,63562.0,63638.57,99.55311
2026-07-28T23:30:00+00:00,63638.58,63846.0,63638.58,63845.95,361.50473
2026-07-28T23:45:00+00:00,63845.95,63956.4,63820.21,63915.0,229.68414
2026-07-29T00:00:00+00:00,63915.0,64200.0,63914.99,64018.01,417.4978
2026-07-29T00:15:00+00:00,64018.01,64092.0,63950.18,64012.0,176.47332
2026-07-29T00:30:00+00:00,64012.0,64096.0,63873.54,64084.01,195.03769
2026-07-29T00:45:00+00:00,64084.01,64188.75,63928.44,63953.99,73.00123
2026-07-29T01:00:00+00:00,63954.0,63999.0,63798.62,63815.97,87.99138
2026-07-29T01:15:00+00:00,63815.98,63946.0,63776.34,63909.99,155.82862
2026-07-29T01:30:00+00:00,63909.99,63939.37,63795.25,63811.36,304.36957
2026-07-29T01:45:00+00:00,63811.36,63832.27,63690.0,63705.06,95.55172
2026-07-29T02:00:00+00:00,63705.07,63873.55,63658.0,63832.47,105.15273
2026-07-29T02:15:00+00:00,63832.46,64023.74,63686.76,64023.74,120.71154
2026-07-29T02:30:00+00:00,64023.73,64132.42,63954.0,64030.01,127.63031
2026-07-29T02:45:00+00:00,64030.0,64044.0,63911.92,63979.96,106.25645
2026-07-29T03:00:00+00:00,63979.96,64002.0,63856.54,63938.01,56.40436
2026-07-29T03:15:00+00:00,63938.0,63970.0,63786.78,63798.0,82.23295
2026-07-29T03:30:00+00:00,63797.99,63870.0,63710.0,63775.53,125.83263
2026-07-29T03:45:00+00:00,63775.53,63800.0,63718.0,63753.03,117.07195
2026-07-29T04:00:00+00:00,63753.04,63771.9,63598.0,63742.0,114.50041
2026-07-29T04:15:00+00:00,63741.99,63834.51,63633.65,63808.0,146.76984
2026-07-29T04:30:00+00:00,63807.99,63956.15,63779.44,63866.74,79.02243
2026-07-29T04:45:00+00:00,63866.74,63970.92,63846.1,63968.34,295.19328
2026-07-29T05:00:00+00:00,63968.34,64020.0,63932.29,63996.29,190.33803
2026-07-29T05:15:00+00:00,63996.29,63997.29,63890.07,63950.01,258.61717
2026-07-29T05:30:00+00:00,63950.0,64045.04,63919.42,64018.0,80.04324
2026-07-29T05:45:00+00:00,64018.01,64094.2,64006.28,64067.32,83.17319
2026-07-29T06:00:00+00:00,64067.32,64148.69,64026.64,64123.7,250.68125
2026-07-29T06:15:00+00:00,64123.7,64409.97,64096.01,64403.0,190.15772
2026-07-29T06:30:00+00:00,64403.0,64471.0,64386.01,64462.99,406.18628
2026-07-29T06:45:00+00:00,64463.0,64463.0,64400.0,64435.62,112.59558
2026-07-29T07:00:00+00:00,64435.63,64494.92,64402.67,64466.0,105.31217
2026-07-29T07:15:00+00:00,64466.01,64508.0,64432.17,64507.98,121.94751
2026-07-29T07:30:00+00:00,64507.98,64518.0,64441.31,64498.0,116.98444
2026-07-29T07:45:00+00:00,64497.99,64575.99,64460.01,64561.0,168.06689
2026-07-29T08:00:00+00:00,64561.01,64588.0,64359.35,64376.0,176.86357
2026-07-29T08:15:00+00:00,64376.0,64403.71,64283.83,64301.99,102.23753
2026-07-29T08:30:00+00:00,64301.99,64433.88,64284.03,64433.87,69.57982
2026-07-29T08:45:00+00:00,64433.88,64523.68,64398.88,64417.31,94.20589
2026-07-29T09:00:00+00:00,64417.31,64464.0,64386.94,64452.0,116.73569
2026-07-29T09:15:00+00:00,64452.0,64478.6,64430.0,64461.82,92.77188
2026-07-29T09:30:00+00:00,64461.81,64700.0,64461.81,64605.99,242.98268
2026-07-29T09:45:00+00:00,64605.99,64744.81,64517.15,64698.0,237.44281
2026-07-29T10:00:00+00:00,64698.01,64718.0,64626.05,64663.99,120.49109
2026-07-29T10:15:00+00:00,64663.99,64700.0,64609.02,64623.59,55.64736
2026-07-29T10:30:00+00:00,64623.59,64680.57,64567.56,64670.0,62.46616
2026-07-29T10:45:00+00:00,64670.0,64670.0,64410.24,64469.83,98.85934
2026-07-29T11:00:00+00:00,64469.84,64546.0,64440.0,64521.95,85.18689
2026-07-29T11:15:00+00:00,64521.94,64591.73,64476.58,64492.48,97.1139
2026-07-29T11:30:00+00:00,64492.47,64496.0,64422.5,64422.5,73.50281
2026-07-29T11:45:00+00:00,64422.51,64507.54,64422.5,64507.54,61.97228
2026-07-29T12:00:00+00:00,64507.53,64507.54,64433.87,64456.01,90.05018
2026-07-29T12:15:00+00:00,64456.0,64456.0,64276.73,64342.02,146.90228
2026-07-29T12:30:00+00:00,64342.01,64386.4,64282.01,64333.58,96.90716
2026-07-29T12:45:00+00:00,64333.59,64341.0,64215.93,64276.81,141.65618
2026-07-29T13:00:00+00:00,64276.82,64330.62,64224.59,64330.39,122.55092
2026-07-29T13:15:00+00:00,64330.38,64334.0,64139.68,64205.38,113.55255
2026-07-29T13:30:00+00:00,64205.39,64499.0,64148.07,64478.51,270.77193
2026-07-29T13:45:00+00:00,64478.51,64667.18,64316.11,64664.7,288.6943
2026-07-29T14:00:00+00:00,64664.69,64718.87,64240.9,64264.0,213.12715
2026-07-29T14:15:00+00:00,64264.0,64402.0,64121.0,64198.96,188.12095
2026-07-29T14:30:00+00:00,64198.96,64313.99,64049.55,64099.99,197.1942
2026-07-29T14:45:00+00:00,64099.99,64259.98,64047.71,64108.01,138.06475
2026-07-29T15:00:00+00:00,64108.01,64195.0,64062.0,64136.0,135.35717
2026-07-29T15:15:00+00:00,64135.99,64158.0,63961.96,64093.49,210.73001
2026-07-29T15:30:00+00:00,64093.49,64178.39,63971.78,63986.01,194.98177
2026-07-29T15:45:00+00:00,63986.0,64048.19,63886.0,63964.01,186.63489
2026-07-29T16:00:00+00:00,63964.01,64006.0,63900.0,63949.62,149.26926
2026-07-29T16:15:00+00:00,63949.62,64146.53,63925.0,64026.01,154.05264
2026-07-29T16:30:00+00:00,64026.0,64078.0,63624.15,63695.1,207.82122
2026-07-29T16:45:00+00:00,63695.09,63834.0,63654.94,63808.33,246.88556
2026-07-29T17:00:00+00:00,63808.33,63873.55,63709.19,63873.54,132.91954
2026-07-29T17:15:00+00:00,63873.55,63873.55,63750.0,63756.17,99.5917
2026-07-29T17:30:00+00:00,63756.17,63978.44,63731.01,63966.53,103.51923
2026-07-29T17:45:00+00:00,63966.54,64286.71,63934.0,64269.83,150.10461
2026-07-29T18:00:00+00:00,64269.83,64648.79,64256.0,64336.0,637.18513
2026-07-29T18:15:00+00:00,64336.0,64393.54,63992.0,64098.0,236.17143
2026-07-29T18:30:00+00:00,64098.0,64452.0,63758.0,64408.01,550.22956
2026-07-29T18:45:00+00:00,64408.0,64637.03,64350.0,64501.52,473.12022
2026-07-29T19:00:00+00:00,64501.52,64600.0,64180.38,64284.0,415.29377
2026-07-29T19:15:00+00:00,64284.0,64420.0,63964.0,64033.77,332.54193
2026-07-29T19:30:00+00:00,64033.77,64117.09,63850.0,63876.0,273.59303
2026-07-29T19:45:00+00:00,63875.99,63902.0,63511.0,63589.46,431.62218
2026-07-29T20:00:00+00:00,63589.46,63642.0,63378.09,63611.28,347.45747
2026-07-29T20:15:00+00:00,63611.28,63718.89,63407.99,63530.52,163.88965
2026-07-29T20:30:00+00:00,63530.52,63746.42,63506.0,63590.9,139.98947
2026-07-29T20:45:00+00:00,63590.9,63618.58,63472.76,63522.01,137.2558
2026-07-29T21:00:00+00:00,63522.01,63527.94,63267.34,63494.01,247.99655
2026-07-29T21:15:00+00:00,63494.0,63575.6,63377.45,63575.59,159.54449
2026-07-29T21:30:00+00:00,63575.58,63641.25,63547.54,63560.75,162.36845
2026-07-29T21:45:00+00:00,63560.76,63860.0,63535.24,63860.0,201.11494
2026-07-29T22:00:00+00:00,63860.0,64111.76,63859.99,64018.45,318.8221
2026-07-29T22:15:00+00:00,64018.45,64131.44,63978.61,64045.86,210.97735
2026-07-29T22:30:00+00:00,64045.86,64055.88,63927.89,64015.37,113.32651
2026-07-29T22:45:00+00:00,64015.37,64027.81,63910.52,63942.5,61.58291
2026-07-29T23:00:00+00:00,63942.5,63988.4,63899.0,63922.34,74.19316
2026-07-29T23:15:00+00:00,63922.35,64067.12,63918.22,64005.07,81.94155
2026-07-29T23:30:00+00:00,64005.08,64032.72,63929.09,64001.74,101.09164
2026-07-29T23:45:00+00:00,64001.74,64060.0,63948.38,63984.28,74.6563
2026-07-30T00:00:00+00:00,63984.29,64100.24,63983.0,64032.95,153.88447
2026-07-30T00:15:00+00:00,64032.95,64125.61,63959.01,64006.01,212.51805
2026-07-30T00:30:00+00:00,64006.0,64008.48,63694.0,63694.01,162.44576
2026-07-30T00:45:00+00:00,63694.0,63750.0,63603.92,63696.72,121.09941
2026-07-30T01:00:00+00:00,63696.73,63883.23,63691.9,63706.01,116.20422
2026-07-30T01:15:00+00:00,63706.0,63839.53,63690.0,63834.0,153.18598
2026-07-30T01:30:00+00:00,63834.0,64069.59,63833.99,64059.71,173.37934
2026-07-30T01:45:00+00:00,64059.72,64370.0,64039.93,64266.0,243.30331
2026-07-30T02:00:00+00:00,64266.01,64390.13,64237.63,64330.32,138.87235
2026-07-30T02:15:00+00:00,64330.31,64411.76,64301.91,64354.01,177.71168
2026-07-30T02:30:00+00:00,64354.01,64354.01,64218.0,64320.0,84.90417
2026-07-30T02:45:00+00:00,64320.0,64320.0,64159.63,64189.99,173.6852
2026-07-30T03:00:00+00:00,64190.0,64268.0,64133.99,64200.0,137.83228
2026-07-30T03:15:00+00:00,64200.0,64300.91,64190.53,64267.98,126.63356
2026-07-30T03:30:00+00:00,64267.99,64267.99,64140.5,64160.0,84.1516
2026-07-30T03:45:00+00:00,64159.99,64222.0,64159.99,64161.98,74.20896
2026-07-30T04:00:00+00:00,64161.98,64180.0,64107.33,64145.01,220.74849
2026-07-30T04:15:00+00:00,64145.0,64145.01,64089.99,64090.0,263.08957
2026-07-30T04:30:00+00:00,64089.99,64160.1,64064.02,64110.01,313.05454
2026-07-30T04:45:00+00:00,64110.0,64150.0,64008.5,64023.99,130.56613
2026-07-30T05:00:00+00:00,64024.0,64037.99,63941.13,63973.0,312.12233
2026-07-30T05:15:00+00:00,63972.99,64016.0,63907.85,64013.06,228.95006
2026-07-30T05:30:00+00:00,64013.06,64182.0,63996.54,64122.38,109.35419
2026-07-30T05:45:00+00:00,64122.39,64156.0,63993.2,64033.89,115.69675
2026-07-30T06:00:00+00:00,64033.9,64076.0,63982.68,64000.0,115.74204
2026-07-30T06:15:00+00:00,64000.01,64078.0,63966.95,64078.0,105.96701
2026-07-30T06:30:00+00:00,64078.0,64080.0,63972.0,64007.41,107.62285
2026-07-30T06:45:00+00:00,64007.4,64018.0,63957.2,64002.0,313.66676
2026-07-30T07:00:00+00:00,64001.99,64144.0,64001.99,64057.83,101.58479
2026-07-30T07:15:00+00:00,64057.83,64144.06,63993.25,64062.01,114.95472
2026-07-30T07:30:00+00:00,64062.01,64066.01,63943.29,64041.5,259.51902
2026-07-30T07:45:00+00:00,64041.5,64041.5,63984.0,64026.0,233.98989
2026-07-30T08:00:00+00:00,64026.0,64066.0,63982.0,64003.99,286.79606
2026-07-30T08:15:00+00:00,64003.99,64343.46,63980.54,64268.0,246.29369
2026-07-30T08:30:00+00:00,64268.0,64348.0,64234.0,64348.0,254.26804
2026-07-30T08:45:00+00:00,64347.99,64358.99,64290.56,64308.01,355.85647
2026-07-30T09:00:00+00:00,64308.01,64415.4,64283.8,64410.51,881.8348
2026-07-30T09:15:00+00:00,64410.52,64525.99,64390.99,64496.01,428.78456
2026-07-30T09:30:00+00:00,64496.02,64641.37,64496.01,64589.99,578.15248
2026-07-30T09:45:00+00:00,64589.99,64639.07,64567.55,64567.56,671.37639
2026-07-30T10:00:00+00:00,64567.55,64625.0,64562.0,64568.52,111.56722
2026-07-30T10:15:00+00:00,64568.52,64631.71,64568.51,64624.01,120.01995
2026-07-30T10:30:00+00:00,64624.01,64631.99,64569.95,64610.01,139.5962
2026-07-30T10:45:00+00:00,64610.0,64621.07,64570.72,64570.72,87.86125
2026-07-30T11:00:00+00:00,64570.72,64625.0,64542.73,64605.93,148.04086
2026-07-30T11:15:00+00:00,64605.92,64666.0,64566.0,64576.01,114.20136
2026-07-30T11:30:00+00:00,64576.01,64710.8,64547.69,64664.32,140.25656
2026-07-30T11:45:00+00:00,64664.32,64885.18,64654.0,64788.0,227.88986
2026-07-30T12:00:00+00:00,64788.01,65027.25,64788.0,64984.98,309.42919
2026-07-30T12:15:00+00:00,64984.97,65043.94,64864.0,64885.37,232.11325
2026-07-30T12:30:00+00:00,64885.37,64948.44,64837.56,64838.01,183.07062
2026-07-30T12:45:00+00:00,64838.01,64941.32,64838.0,64925.0,95.00899
2026-07-30T13:00:00+00:00,64925.0,64958.23,64815.7,64839.27,119.123
2026-07-30T13:15:00+00:00,64839.26,64878.51,64819.16,64830.0,97.88265
2026-07-30T13:30:00+00:00,64829.99,65024.12,64689.02,65013.86,382.13216
2026-07-30T13:45:00+00:00,65013.86,65176.6,64993.63,65022.01,574.05955
2026-07-30T14:00:00+00:00,65022.0,65042.0,64717.83,64733.99,326.48929
2026-07-30T14:15:00+00:00,64733.99,64854.0,64620.0,64780.01,395.7747
2026-07-30T14:30:00+00:00,64780.01,64861.98,64734.1,64806.32,176.49957
2026-07-30T14:45:00+00:00,64806.31,64845.99,64636.37,64683.97,167.03366
2026-07-30T15:00:00+00:00,64683.97,64829.85,64607.31,64726.09,179.22982
2026-07-30T15:15:00+00:00,64726.09,64888.0,64684.0,64686.21,214.34658
2026-07-30T15:30:00+00:00,64686.21,64780.0,64640.31,64768.0,150.88608
2026-07-30T15:45:00+00:00,64768.01,64798.0,64700.65,64730.3,134.05287
2026-07-30T16:00:00+00:00,64730.29,64963.64,64729.56,64935.68,227.60498
2026-07-30T16:15:00+00:00,64935.68,64950.0,64846.0,64885.39,137.53774
2026-07-30T16:30:00+00:00,64885.4,64898.0,64770.0,64776.75,172.53435
2026-07-30T16:45:00+00:00,64776.74,64850.53,64776.31,64818.01,77.56877
2026-07-30T17:00:00+00:00,64818.01,64867.0,64772.0,64804.62,149.70527
2026-07-30T17:15:00+00:00,64804.62,64962.83,64792.0,64944.96,112.89895
2026-07-30T17:30:00+00:00,64944.96,64988.0,64819.16,64949.65,135.80582
2026-07-30T17:45:00+00:00,64949.65,64950.03,64858.01,64872.0,54.05766
2026-07-30T18:00:00+00:00,64871.99,64899.8,64820.01,64820.46,59.31564
2026-07-30T18:15:00+00:00,64820.46,64820.47,64750.65,64799.03,76.99013
2026-07-30T18:30:00+00:00,64799.02,64819.55,64714.09,64732.0,76.14541
2026-07-30T18:45:00+00:00,64731.99,64732.0,64688.0,64702.8,51.53702
2026-07-30T19:00:00+00:00,64702.8,64864.5,64702.79,64836.0,91.44022
2026-07-30T19:15:00+00:00,64836.0,64904.0,64806.0,64888.5,83.41711
2026-07-30T19:30:00+00:00,64888.5,64888.5,64826.25,64838.0,64.85429
2026-07-30T19:45:00+00:00,64837.99,64862.0,64782.0,64800.0,117.17674
2026-07-30T20:00:00+00:00,64800.0,64936.0,64785.28,64792.31,165.52295
2026-07-30T20:15:00+00:00,64792.3,64874.0,64764.36,64794.05,45.61878
2026-07-30T20:30:00+00:00,64794.06,64880.0,64752.12,64866.0,79.22597
2026-07-30T20:45:00+00:00,64865.99,64888.6,64777.37,64777.37,40.05322
2026-07-30T21:00:00+00:00,64777.38,64802.48,64735.39,64756.41,65.7118
2026-07-30T21:15:00+00:00,64756.42,64760.0,64747.08,64748.59,29.50192
2026-07-30T21:30:00+00:00,64748.59,64799.37,64740.54,64763.68,53.81759
2026-07-30T21:45:00+00:00,64763.68,64775.74,64700.34,64735.53,78.72914
2026-07-30T22:00:00+00:00,64735.53,64974.0,64668.91,64931.66,202.16188
2026-07-30T22:15:00+00:00,64931.67,64996.9,64900.0,64994.4,74.569
2026-07-30T22:30:00+00:00,64995.43,65029.29,64868.96,64912.01,139.43966
2026-07-30T22:45:00+00:00,64912.0,64923.18,64838.7,64851.16,66.28694
2026-07-30T23:00:00+00:00,64851.16,64940.0,64830.0,64939.99,48.12081
2026-07-30T23:15:00+00:00,64939.99,64945.87,64898.73,64933.99,58.12328
2026-07-30T23:30:00+00:00,64934.0,65086.4,64772.0,64815.97,238.03205
2026-07-30T23:45:00+00:00,64815.97,64891.44,64740.0,64780.02,147.50256
2026-07-31T00:00:00+00:00,64780.03,64901.55,64757.27,64819.75,82.78974
2026-07-31T00:15:00+00:00,64819.75,64822.0,64728.47,64775.01,240.1786
2026-07-31T00:30:00+00:00,64775.01,64821.78,64740.27,64794.98,235.15309
2026-07-31T00:45:00+00:00,64794.98,64804.0,64690.29,64724.91,102.30947
2026-07-31T01:00:00+00:00,64724.92,65409.56,64724.92,65189.32,563.95142
2026-07-31T01:15:00+00:00,65189.32,65225.74,65026.8,65184.08,232.81466
2026-07-31T01:30:00+00:00,65184.09,65184.09,64824.58,64824.61,183.98934
2026-07-31T01:45:00+00:00,64824.61,64894.0,64480.44,64564.01,236.24734
2026-07-31T02:00:00+00:00,64564.0,64614.0,64467.0,64484.93,142.84525
2026-07-31T02:15:00+00:00,64484.93,64484.93,64350.0,64353.78,242.15649
2026-07-31T02:30:00+00:00,64353.78,64417.66,64203.58,64230.56,293.69608
2026-07-31T02:45:00+00:00,64230.55,64360.0,64218.83,64297.79,176.95994
2026-07-31T03:00:00+00:00,64297.79,64297.79,64172.0,64258.0,137.77005
2026-07-31T03:15:00+00:00,64258.0,64422.0,64219.06,64382.33,212.23356
2026-07-31T03:30:00+00:00,64382.34,64416.0,64298.0,64385.31,85.80253
2026-07-31T03:45:00+00:00,64385.31,64439.81,64341.02,64370.0,112.23949
2026-07-31T04:00:00+00:00,64370.0,64438.0,64350.0,64370.01,154.22029
2026-07-31T04:15:00+00:00,64370.26,64372.0,64236.0,64335.79,87.08885
2026-07-31T04:30:00+00:00,64335.8,64369.75,64288.0,64307.99,67.45233
2026-07-31T04:45:00+00:00,64307.99,64334.0,64293.81,64300.0,82.37284
2026-07-31T05:00:00+00:00,64299.99,64420.0,64299.99,64415.71,163.27106
2026-07-31T05:15:00+00:00,64415.72,64421.68,64330.0,64330.01,61.548
2026-07-31T05:30:00+00:00,64330.01,64361.06,64293.82,64293.82,57.2877
2026-07-31T05:45:00+00:00,64293.82,64380.05,64268.47,64363.06,247.29617
2026-07-31T06:00:00+00:00,64363.06,64389.52,64324.22,64382.88,56.33717
2026-07-31T06:15:00+00:00,64382.87,64458.89,64364.68,64458.89,113.41663
2026-07-31T06:30:00+00:00,64458.88,64496.64,64274.0,64281.99,133.25275
2026-07-31T06:45:00+00:00,64282.0,64282.0,64196.08,64231.97,200.76911
2026-07-31T07:00:00+00:00,64231.97,64245.57,64017.84,64061.99,340.92179
2026-07-31T07:15:00+00:00,64062.0,64096.75,64000.0,64000.0,673.68252
2026-07-31T07:30:00+00:00,64000.01,64034.06,63878.11,63923.0,1696.21577
2026-07-31T07:45:00+00:00,63923.01,64019.9,63923.0,63950.01,378.13643
2026-07-31T08:00:00+00:00,63950.01,63970.56,63862.0,63945.57,253.5867
2026-07-31T08:15:00+00:00,63945.57,63987.36,63865.09,63962.0,131.08576
2026-07-31T08:30:00+00:00,63961.99,63961.99,63816.62,63850.05,146.83166
2026-07-31T08:45:00+00:00,63850.05,63904.65,63784.67,63834.01,202.68306
2026-07-31T09:00:00+00:00,63834.01,63847.13,63756.0,63804.84,193.4138
2026-07-31T09:15:00+00:00,63804.83,63804.84,63694.73,63694.74,90.89596
2026-07-31T09:30:00+00:00,63694.74,63728.38,63638.18,63692.0,182.91632
2026-07-31T09:45:00+00:00,63692.0,63749.99,63680.01,63715.9,95.10418
2026-07-31T10:00:00+00:00,63715.91,63743.85,63610.0,63734.21,98.562
2026-07-31T10:15:00+00:00,63734.22,63827.58,63700.56,63824.88,126.19256
2026-07-31T10:30:00+00:00,63824.88,63906.99,63824.87,63903.01,126.75745
2026-07-31T10:45:00+00:00,63903.01,63951.77,63876.0,63918.67,70.87857
2026-07-31T11:00:00+00:00,63918.68,64011.99,63905.75,63905.76,82.87111
2026-07-31T11:15:00+00:00,63905.75,63975.86,63862.0,63902.0,80.61858
2026-07-31T11:30:00+00:00,63902.01,63902.01,63844.44,63844.61,61.8548
2026-07-31T11:45:00+00:00,63844.61,63856.0,63792.01,63805.51,61.80155
2026-07-31T12:00:00+00:00,63805.5,63830.62,63706.0,63727.66,105.03737
2026-07-31T12:15:00+00:00,63727.66,63774.0,63704.0,63746.63,119.3275
2026-07-31T12:30:00+00:00,63746.63,63746.63,63627.66,63667.52,219.25849
2026-07-31T12:45:00+00:00,63667.51,63763.06,63660.0,63754.01,72.63492
2026-07-31T13:00:00+00:00,63754.01,63784.0,63720.0,63765.99,110.24632
2026-07-31T13:15:00+00:00,63766.0,63849.19,63759.74,63825.52,303.91732
2026-07-31T13:30:00+00:00,63825.52,63825.52,63465.57,63465.57,626.41027
2026-07-31T13:45:00+00:00,63465.57,63529.99,63241.71,63270.73,470.96143
2026-07-31T14:00:00+00:00,63270.72,63310.0,62466.0,62697.02,1608.05582
2026-07-31T14:15:00+00:00,62697.02,62748.0,62520.0,62642.15,980.23353
2026-07-31T14:30:00+00:00,62642.23,62818.0,62600.0,62684.0,521.90901
2026-07-31T14:45:00+00:00,62684.0,62809.91,62592.32,62682.06,518.20593
2026-07-31T15:00:00+00:00,62682.05,62706.0,62555.0,62616.01,265.87917
2026-07-31T15:15:00+00:00,62616.01,62721.93,62490.24,62584.0,312.46923
2026-07-31T15:30:00+00:00,62583.99,62769.36,62568.0,62761.41,226.09997
2026-07-31T15:45:00+00:00,62761.41,62761.41,62633.32,62716.57,161.5072
2026-07-31T16:00:00+00:00,62716.57,62905.79,62709.01,62864.07,288.66321
2026-07-31T16:15:00+00:00,62864.07,62931.79,62793.27,62921.52,311.56574
2026-07-31T16:30:00+00:00,62921.51,62921.52,62808.0,62847.54,141.24985
2026-07-31T16:45:00+00:00,62847.54,62885.01,62815.42,62870.88,115.76923
2026-07-31T17:00:00+00:00,62870.87,62924.0,62800.0,62902.0,181.28667
2026-07-31T17:15:00+00:00,62901.99,63006.84,62871.63,62976.74,181.04233
2026-07-31T17:30:00+00:00,62976.73,63100.0,62956.95,63059.69,173.61216
2026-07-31T17:45:00+00:00,63059.69,63301.68,63059.68,63245.44,320.78822
2026-07-31T18:00:00+00:00,63245.44,63302.0,63135.31,63147.9,220.86973
2026-07-31T18:15:00+00:00,63147.9,63182.0,63056.0,63061.57,225.43697
2026-07-31T18:30:00+00:00,63061.56,63094.7,62966.0,63037.75,178.41539
2026-07-31T18:45:00+00:00,63037.75,63176.46,63033.94,63097.57,128.73455
2026-07-31T19:00:00+00:00,63097.57,63158.0,63029.37,63068.93,60.90224
2026-07-31T19:15:00+00:00,63068.93,63072.0,63017.99,63022.02,43.03145
2026-07-31T19:30:00+00:00,63022.02,63027.6,62936.29,63000.44,79.18753
2026-07-31T19:45:00+00:00,63000.45,63052.0,62954.03,62972.0,121.76794
2026-07-31T20:00:00+00:00,62972.0,63005.47,62944.84,62999.34,66.7393
2026-07-31T20:15:00+00:00,62999.33,63034.0,62982.0,63005.52,55.1624
2026-07-31T20:30:00+00:00,63005.52,63013.99,62955.0,62990.59,102.50625
2026-07-31T20:45:00+00:00,62990.58,63003.87,62928.35,62953.7,94.01232
2026-07-31T21:00:00+00:00,62953.7,63013.23,62846.0,63010.83,60.38708
2026-07-31T21:15:00+00:00,63010.83,63038.0,63000.0,63009.99,84.53869
2026-07-31T21:30:00+00:00,63010.0,63038.46,62995.08,63038.46,94.66788
2026-07-31T21:45:00+00:00,63038.45,63062.47,62923.84,62947.78,95.1662
2026-07-31T22:00:00+00:00,62947.77,63020.0,62870.01,63002.47,75.7994
2026-07-31T22:15:00+00:00,63002.47,63020.0,62988.29,62988.29,133.54064
2026-07-31T22:30:00+00:00,62988.28,63006.14,62922.17,62943.64,102.78499
2026-07-31T22:45:00+00:00,62943.64,62963.22,62915.0,62950.0,128.86991
2026-07-31T23:00:00+00:00,62950.01,63004.0,62950.0,62975.77,73.02156
2026-07-31T23:15:00+00:00,62975.78,63013.52,62975.77,62983.86,23.36606
2026-07-31T23:30:00+00:00,62983.86,62996.73,62950.0,62950.01,33.58295
2026-07-31T23:45:00+00:00,62950.0,62950.01,62860.64,62887.88,56.52402
2026-08-01T00:00:00+00:00,62887.88,62970.0,62887.87,62942.0,182.20936
2026-08-01T00:15:00+00:00,62942.0,62998.0,62935.0,62958.0,171.41681
2026-08-01T00:30:00+00:00,62958.0,62996.0,62936.03,62995.99,119.33373
2026-08-01T00:45:00+00:00,62996.0,63024.04,62938.0,62938.01,44.30907
2026-08-01T01:00:00+00:00,62938.01,62967.34,62938.0,62967.34,69.12506
2026-08-01T01:15:00+00:00,62967.34,62990.0,62923.47,62954.27,173.96706
2026-08-01T01:30:00+00:00,62954.27,62981.35,62930.0,62975.52,73.12879
2026-08-01T01:45:00+00:00,62975.51,62983.2,62950.68,62975.01,70.49894
2026-08-01T02:00:00+00:00,62975.0,63028.0,62975.0,63018.0,33.58196
2026-08-01T02:15:00+00:00,63018.01,63087.82,63018.0,63070.01,46.90805
2026-08-01T02:30:00+00:00,63070.01,63098.8,63070.0,63085.01,107.79432
2026-08-01T02:45:00+00:00,63085.0,63106.55,63056.15,63075.07,160.38649
2026-08-01T03:00:00+00:00,63075.08,63075.08,62987.35,62987.36,50.01728
2026-08-01T03:15:00+00:00,62987.36,63050.0,62970.65,63018.77,45.00068
2026-08-01T03:30:00+00:00,63018.77,63030.95,62976.0,62997.75,190.52824
2026-08-01T03:45:00+00:00,62997.75,63018.64,62982.0,63004.48,103.40962
2026-08-01T04:00:00+00:00,63004.47,63014.0,62993.2,63013.99,49.64273
2026-08-01T04:15:00+00:00,63014.0,63050.1,63013.99,63050.1,33.80606
2026-08-01T04:30:00+00:00,63050.1,63069.45,63046.0,63069.45,35.05172
2026-08-01T04:45:00+00:00,63069.45,63115.37,63069.44,63115.01,105.4289
2026-08-01T05:00:00+00:00,63115.0,63142.85,63059.21,63122.9,134.69423
2026-08-01T05:15:00+00:00,63122.91,63122.91,63074.41,63105.0,92.79342
2026-08-01T05:30:00+00:00,63105.0,63105.01,63014.76,63016.58,116.75046
2026-08-01T05:45:00+00:00,63016.58,63038.0,63000.85,63020.0,114.0386
2026-08-01T06:00:00+00:00,63020.0,63040.1,62992.82,63027.88,171.47143
2026-08-01T06:15:00+00:00,63027.87,63075.1,63007.8,63060.0,48.22198
2026-08-01T06:30:00+00:00,63059.99,63076.93,63059.99,63062.0,107.93033
2026-08-01T06:45:00+00:00,63061.99,63086.65,63057.44,63080.64,107.25103
2026-08-01T07:00:00+00:00,63080.65,63110.89,63080.64,63110.88,29.9517
2026-08-01T07:15:00+00:00,63110.88,63110.89,63069.74,63069.75,33.27632
2026-08-01T07:30:00+00:00,63069.74,63069.75,63034.0,63046.0,55.71305
2026-08-01T07:45:00+00:00,63046.0,63056.77,63046.0,63050.46,31.75066
2026-08-01T08:00:00+00:00,63050.45,63100.01,63050.45,63100.01,30.67437
2026-08-01T08:15:00+00:00,63100.01,63102.51,63092.0,63092.01,19.93275
2026-08-01T08:30:00+00:00,63092.01,63109.04,63092.0,63102.51,21.91553
2026-08-01T08:45:00+00:00,63102.51,63150.0,63091.33,63126.25,33.50552
2026-08-01T09:00:00+00:00,63126.25,63139.54,63110.0,63112.08,59.74674
2026-08-01T09:15:00+00:00,63112.08,63125.48,63100.0,63112.94,66.80092
2026-08-01T09:30:00+00:00,63112.93,63112.94,63100.0,63107.91,41.64028
2026-08-01T09:45:00+00:00,63107.91,63107.91,63046.33,63053.17,60.26358
2026-08-01T10:00:00+00:00,63053.17,63111.09,62986.31,63006.44,81.0008
2026-08-01T10:15:00+00:00,63006.45,63066.22,62990.25,63046.8,33.91335
2026-08-01T10:30:00+00:00,63046.8,63076.0,63022.58,63058.56,156.95472
2026-08-01T10:45:00+00:00,63058.56,63063.68,63038.24,63056.0,49.17462
2026-08-01T11:00:00+00:00,63055.99,63061.59,63038.11,63061.59,30.4592
2026-08-01T11:15:00+00:00,63061.58,63082.0,63037.72,63081.91,68.11591
2026-08-01T11:30:00+00:00,63081.91,63091.97,63070.52,63070.52,55.51877
2026-08-01T11:45:00+00:00,63070.52,63076.01,63070.52,63076.0,24.99206
2026-08-01T12:00:00+00:00,63076.0,63119.4,63076.0,63099.83,74.85659
2026-08-01T12:15:00+00:00,63099.84,63105.99,63092.87,63092.87,53.66513
2026-08-01T12:30:00+00:00,63092.88,63103.37,63081.81,63100.04,128.48021
2026-08-01T12:45:00+00:00,63100.03,63106.96,63100.03,63103.68,63.18439
2026-08-01T13:00:00+00:00,63103.68,63106.83,63096.81,63102.59,43.90302
2026-08-01T13:15:00+00:00,63102.59,63102.59,63083.62,63083.62,56.61335
2026-08-01T13:30:00+00:00,63083.62,63094.0,63080.0,63080.01,33.8357
2026-08-01T13:45:00+00:00,63080.0,63080.01,63051.0,63069.32,53.11671
2026-08-01T14:00:00+00:00,63069.31,63127.07,63069.31,63079.83,94.96288
2026-08-01T14:15:00+00:00,63079.83,63120.53,63072.41,63114.36,52.6494
2026-08-01T14:30:00+00:00,63114.35,63120.01,63087.33,63110.01,85.68172
2026-08-01T14:45:00+00:00,63110.0,63126.53,63073.08,63126.52,152.49935
2026-08-01T15:00:00+00:00,63126.53,63126.53,63110.0,63110.0,55.65858
2026-08-01T15:15:00+00:00,63110.0,63110.01,63059.99,63060.0,29.38835
2026-08-01T15:30:00+00:00,63060.0,63061.99,63051.0,63051.07,41.49905
2026-08-01T15:45:00+00:00,63051.07,63051.07,63007.05,63007.06,37.87935
2026-08-01T16:00:00+00:00,63007.06,63007.06,62928.0,62948.27,97.32085
2026-08-01T16:15:00+00:00,62948.27,62964.0,62926.76,62948.67,57.4869
2026-08-01T16:30:00+00:00,62948.67,63027.65,62947.99,62969.25,112.11283
2026-08-01T16:45:00+00:00,62969.24,62969.25,62874.0,62932.32,60.95124
2026-08-01T17:00:00+00:00,62932.32,62996.0,62870.0,62897.99,86.32257
2026-08-01T17:15:00+00:00,62897.99,62898.0,62800.0,62833.95,75.07065
2026-08-01T17:30:00+00:00,62833.95,62844.78,62740.0,62818.02,91.69905
2026-08-01T17:45:00+00:00,62818.02,62818.03,62666.0,62708.07,106.0829
2026-08-01T18:00:00+00:00,62708.06,62734.0,62618.75,62706.84,169.72237
2026-08-01T18:15:00+00:00,62706.85,62706.85,62510.0,62564.78,183.87011
2026-08-01T18:30:00+00:00,62564.78,62564.78,62275.0,62370.01,414.86265
2026-08-01T18:45:00+00:00,62370.01,62586.0,62280.16,62580.56,162.97384
2026-08-01T19:00:00+00:00,62580.55,62624.0,62526.33,62550.0,99.33353
2026-08-01T19:15:00+00:00,62550.0,62611.06,62491.11,62548.45,123.19365
2026-08-01T19:30:00+00:00,62548.45,62589.99,62461.17,62471.99,47.92329
2026-08-01T19:45:00+00:00,62472.0,62543.86,62471.99,62529.82,42.07579
2026-08-01T20:00:00+00:00,62529.81,62571.7,62482.99,62558.0,38.80349
2026-08-01T20:15:00+00:00,62558.0,62640.0,62558.0,62618.0,52.53567
2026-08-01T20:30:00+00:00,62617.99,62624.0,62562.0,62596.0,35.20714
2026-08-01T20:45:00+00:00,62595.99,62674.98,62588.1,62662.13,56.92336
2026-08-01T21:00:00+00:00,62662.14,62800.0,62662.13,62743.16,103.38051
2026-08-01T21:15:00+00:00,62743.17,62796.86,62743.16,62793.21,32.86012
2026-08-01T21:30:00+00:00,62793.21,62864.0,62769.02,62800.45,53.65072
2026-08-01T21:45:00+00:00,62800.44,62827.08,62781.77,62812.75,39.49251
2026-08-01T22:00:00+00:00,62812.76,62863.26,62794.17,62849.18,43.27042
2026-08-01T22:15:00+00:00,62849.18,62866.62,62826.08,62854.79,31.51373
2026-08-01T22:30:00+00:00,62854.8,62854.8,62824.57,62848.01,25.49231
2026-08-01T22:45:00+00:00,62848.01,62852.0,62831.28,62831.28,29.27271
2026-08-01T23:00:00+00:00,62831.29,62854.0,62807.69,62807.69,24.66705
2026-08-01T23:15:00+00:00,62807.7,62807.7,62769.97,62771.35,41.99995
2026-08-01T23:30:00+00:00,62771.35,62862.8,62771.34,62835.15,196.55736
2026-08-01T23:45:00+00:00,62835.14,62840.82,62815.94,62823.64,24.58879
2026-08-02T00:00:00+00:00,62823.65,62979.99,62823.64,62929.75,121.75471
2026-08-02T00:15:00+00:00,62929.75,62940.0,62882.01,62883.7,60.54186
2026-08-02T00:30:00+00:00,62883.69,62914.71,62846.96,62846.97,150.33788
2026-08-02T00:45:00+00:00,62846.97,62861.42,62806.58,62833.99,64.63979
2026-08-02T01:00:00+00:00,62834.0,63021.96,62834.0,63012.17,73.76266
2026-08-02T01:15:00+00:00,63012.18,63088.0,62975.3,62984.0,80.09109
2026-08-02T01:30:00+00:00,62984.0,63020.87,62975.3,63015.99,30.57099
2026-08-02T01:45:00+00:00,63016.0,63016.0,62981.86,62981.87,31.3522
2026-08-02T02:00:00+00:00,62981.87,63547.7,62958.54,63459.99,434.92474
2026-08-02T02:15:00+00:00,63460.0,63547.7,63393.57,63405.47,304.37265
2026-08-02T02:30:00+00:00,63405.47,63460.22,63333.99,63385.12,227.60772
2026-08-02T02:45:00+00:00,63385.12,63484.0,63348.0,63451.58,101.51395
2026-08-02T03:00:00+00:00,63451.58,63461.09,63386.87,63415.48,130.84429
2026-08-02T03:15:00+00:00,63415.48,63550.0,63380.0,63436.88,122.20468
2026-08-02T03:30:00+00:00,63436.88,63498.0,63436.88,63497.99,63.65554
2026-08-02T03:45:00+00:00,63497.99,63515.56,63435.38,63461.95,71.85011
2026-08-02T04:00:00+00:00,63461.95,63555.0,63461.95,63543.17,88.78303
2026-08-02T04:15:00+00:00,63543.16,63558.34,63515.86,63546.0,38.07443
2026-08-02T04:30:00+00:00,63546.01,63556.03,63523.34,63526.6,92.73492
2026-08-02T04:45:00+00:00,63526.6,63612.0,63526.59,63590.0,82.77879
2026-08-02T05:00:00+00:00,63590.0,63634.0,63464.07,63482.74,82.59301
2026-08-02T05:15:00+00:00,63482.74,63496.0,63456.96,63494.83,52.58672
2026-08-02T05:30:00+00:00,63494.83,63494.83,63415.26,63423.76,95.17288
2026-08-02T05:45:00+00:00,63423.77,63454.81,63423.76,63453.27,30.96301
2026-08-02T06:00:00+00:00,63453.27,63484.62,63449.34,63449.35,41.28177
2026-08-02T06:15:00+00:00,63449.34,63498.0,63435.99,63497.99,31.62524
2026-08-02T06:30:00+00:00,63497.99,63498.15,63465.04,63498.15,37.47394
2026-08-02T06:45:00+00:00,63498.15,63498.15,63482.48,63482.49,50.0179
2026-08-02T07:00:00+00:00,63482.49,63492.37,63480.0,63488.36,29.36486
2026-08-02T07:15:00+00:00,63488.36,63493.97,63482.93,63493.83,113.71427
2026-08-02T07:30:00+00:00,63493.83,63544.51,63491.74,63538.12,141.00585
2026-08-02T07:45:00+00:00,63538.11,63538.12,63483.76,63506.24,128.0276
2026-08-02T08:00:00+00:00,63506.23,63530.0,63488.76,63494.93,128.71806
2026-08-02T08:15:00+00:00,63494.93,63495.13,63386.72,63390.95,222.13983
2026-08-02T08:30:00+00:00,63390.96,63390.96,63210.69,63228.06,126.57619
2026-08-02T08:45:00+00:00,63228.06,63236.0,63172.0,63193.99,65.36378
2026-08-02T09:00:00+00:00,63194.0,63282.0,63094.0,63262.18,110.70747
2026-08-02T09:15:00+00:00,63262.18,63308.79,63235.0,63236.0,54.86698
2026-08-02T09:30:00+00:00,63236.0,63320.0,63234.0,63267.01,40.80829
2026-08-02T09:45:00+00:00,63267.0,63277.0,63255.17,63273.94,70.72867
2026-08-02T10:00:00+00:00,63273.94,63273.94,63208.01,63208.99,69.72102
2026-08-02T10:15:00+00:00,63208.98,63270.0,63125.06,63140.0,72.60259
2026-08-02T10:30:00+00:00,63140.0,63213.99,63140.0,63202.02,33.40637
2026-08-02T10:45:00+00:00,63202.02,63205.89,63197.0,63205.03,24.54512
2026-08-02T11:00:00+00:00,63205.03,63205.03,63134.07,63164.7,59.80997
2026-08-02T11:15:00+00:00,63164.7,63206.0,63122.0,63160.01,106.74008
2026-08-02T11:30:00+00:00,63160.0,63184.0,63100.0,63116.0,60.6133
2026-08-02T11:45:00+00:00,63116.0,63170.0,62982.38,63031.99,145.89814
2026-08-02T12:00:00+00:00,63031.99,63180.0,63031.99,63177.9,54.31846
2026-08-02T12:15:00+00:00,63177.9,63231.67,63152.0,63186.0,57.94792
2026-08-02T12:30:00+00:00,63186.01,63212.0,63107.7,63146.0,74.4037
2026-08-02T12:45:00+00:00,63145.99,63159.41,63116.0,63125.49,61.32855
2026-08-02T13:00:00+00:00,63125.49,63146.89,63095.0,63114.02,67.40748
2026-08-02T13:15:00+00:00,63114.02,63115.38,63058.0,63081.91,91.55059
2026-08-02T13:30:00+00:00,63081.91,63107.0,63010.0,63093.05,59.3454
2026-08-02T13:45:00+00:00,63093.05,63135.11,63093.05,63126.92,43.82478
2026-08-02T14:00:00+00:00,63126.92,63126.93,63062.0,63089.08,53.18162
2026-08-02T14:15:00+00:00,63089.07,63155.0,63089.07,63128.98,68.39222
2026-08-02T14:30:00+00:00,63128.97,63186.0,63096.42,63156.54,149.27731
2026-08-02T14:45:00+00:00,63156.54,63156.54,63066.31,63069.37,43.37797
2026-08-02T15:00:00+00:00,63069.37,63124.0,63050.0,63124.0,52.60032
2026-08-02T15:15:00+00:00,63124.0,63136.99,63102.03,63126.0,67.76274
2026-08-02T15:30:00+00:00,63125.99,63186.0,63125.99,63149.99,36.14955
2026-08-02T15:45:00+00:00,63149.99,63150.0,63109.13,63109.14,34.54071
2026-08-02T16:00:00+00:00,63109.13,63135.96,63064.01,63104.0,56.85013
2026-08-02T16:15:00+00:00,63104.0,63132.0,63078.0,63110.0,42.49179
2026-08-02T16:30:00+00:00,63110.0,63273.49,63103.76,63222.01,116.74365
2026-08-02T16:45:00+00:00,63222.01,63232.0,63180.36,63180.36,51.87804
2026-08-02T17:00:00+00:00,63180.36,63219.86,63152.0,63210.0,65.60527
2026-08-02T17:15:00+00:00,63210.0,63342.0,63192.37,63282.53,74.52925
2026-08-02T17:30:00+00:00,63282.53,63326.0,63282.53,63326.0,100.81966
2026-08-02T17:45:00+00:00,63325.99,63332.71,63300.28,63300.28,77.43759
2026-08-02T18:00:00+00:00,63300.0,63328.9,63292.12,63312.66,69.4224
2026-08-02T18:15:00+00:00,63312.66,63327.67,63290.0,63290.0,58.80797
2026-08-02T18:30:00+00:00,63290.0,63610.01,63290.0,63502.01,260.5737
2026-08-02T18:45:00+00:00,63502.01,63512.0,63370.01,63382.01,130.01138
2026-08-02T19:00:00+00:00,63382.01,63389.64,63346.62,63358.07,80.88915
2026-08-02T19:15:00+00:00,63358.08,63373.04,63333.33,63333.34,40.24154
2026-08-02T19:30:00+00:00,63333.34,63394.0,63323.89,63393.99,36.58991
2026-08-02T19:45:00+00:00,63394.0,63479.85,63393.99,63456.01,89.63779
2026-08-02T20:00:00+00:00,63456.0,63470.26,63422.0,63462.0,33.13026
2026-08-02T20:15:00+00:00,63462.0,63496.0,63404.69,63409.27,31.38492
2026-08-02T20:30:00+00:00,63409.27,63454.12,63409.26,63431.14,25.44292
2026-08-02T20:45:00+00:00,63431.14,63501.48,63414.01,63494.52,50.55452
2026-08-02T21:00:00+00:00,63494.51,63571.98,63479.45,63527.45,93.00068
2026-08-02T21:15:00+00:00,63527.45,63553.12,63512.0,63542.85,53.74943
2026-08-02T21:30:00+00:00,63542.85,63781.69,63508.6,63704.01,162.13223
2026-08-02T21:45:00+00:00,63704.01,63785.0,63548.7,63578.0,148.39522
2026-08-02T22:00:00+00:00,63578.01,63796.33,63578.01,63696.27,151.09509
2026-08-02T22:15:00+00:00,63696.27,63790.94,63572.23,63591.99,108.2341
2026-08-02T22:30:00+00:00,63592.0,63600.39,63376.71,63518.01,159.46592
2026-08-02T22:45:00+00:00,63518.0,63572.5,63424.0,63424.58,65.34579
2026-08-02T23:00:00+00:00,63424.58,63457.5,63344.0,63363.99,91.73387
2026-08-02T23:15:00+00:00,63363.99,63546.88,63344.0,63542.65,128.07208
2026-08-02T23:30:00+00:00,63542.65,63596.0,63490.0,63523.33,56.72047
2026-08-02T23:45:00+00:00,63523.34,63575.19,63486.01,63570.0,61.14656
2026-08-03T00:00:00+00:00,63570.01,63596.0,63390.0,63425.05,97.5877
2026-08-03T00:15:00+00:00,63425.05,63442.0,63250.04,63262.84,116.30809
2026-08-03T00:30:00+00:00,63262.84,63425.97,63208.3,63331.81,88.28269
2026-08-03T00:45:00+00:00,63331.81,63352.0,63271.2,63317.6,55.14494
2026-08-03T01:00:00+00:00,63317.61,63350.0,63180.0,63221.18,96.81693
2026-08-03T01:15:00+00:00,63221.19,63260.0,63111.1,63175.99,112.42212
2026-08-03T01:30:00+00:00,63175.99,63248.0,63160.66,63219.31,72.91849
2026-08-03T01:45:00+00:00,63219.32,63230.0,63162.0,63212.16,90.15564
2026-08-03T02:00:00+00:00,63212.16,63233.29,63138.93,63205.31,72.05025
2026-08-03T02:15:00+00:00,63205.31,63286.0,63100.0,63128.0,96.3039
2026-08-03T02:30:00+00:00,63128.01,63216.79,63108.33,63180.4,80.88507
2026-08-03T02:45:00+00:00,63180.39,63196.0,63120.01,63141.4,84.95037
2026-08-03T03:00:00+00:00,63141.39,63168.44,63100.0,63116.0,66.48409
2026-08-03T03:15:00+00:00,63116.0,63138.37,63062.98,63080.01,103.45743
2026-08-03T03:30:00+00:00,63080.01,63089.98,63039.99,63062.93,98.6563
2026-08-03T03:45:00+00:00,63062.93,63065.89,62786.04,62870.49,247.86641
2026-08-03T04:00:00+00:00,62870.48,62938.55,62816.34,62865.93,116.58446
2026-08-03T04:15:00+00:00,62865.93,62978.11,62865.92,62972.67,51.17981
2026-08-03T04:30:00+00:00,62972.67,63001.77,62965.0,62981.99,63.96012
2026-08-03T04:45:00+00:00,62981.99,62982.0,62770.37,62790.0,88.69324
2026-08-03T05:00:00+00:00,62790.0,62871.13,62751.3,62852.01,129.52292
2026-08-03T05:15:00+00:00,62852.01,62875.02,62802.0,62816.0,255.44536
2026-08-03T05:30:00+00:00,62816.01,62849.98,62774.88,62808.75,76.42435
2026-08-03T05:45:00+00:00,62808.75,62862.92,62807.67,62827.17,85.29943
2026-08-03T06:00:00+00:00,62827.17,62872.58,62823.2,62846.0,65.56355
2026-08-03T06:15:00+00:00,62846.01,62850.0,62759.82,62793.17,81.11909
2026-08-03T06:30:00+00:00,62793.17,62841.01,62640.0,62640.01,141.45792
2026-08-03T06:45:00+00:00,62640.01,62683.5,62613.0,62623.6,108.17785
2026-08-03T07:00:00+00:00,62623.6,62676.85,62592.0,62599.99,629.92463
2026-08-03T07:15:00+00:00,62599.99,62674.64,62552.04,62639.96,237.66196
2026-08-03T07:30:00+00:00,62639.95,62700.0,62603.1,62643.92,133.73697
2026-08-03T07:45:00+00:00,62643.93,62675.31,62580.47,62621.1,263.40471
2026-08-03T08:00:00+00:00,62621.1,62647.69,62516.01,62566.01,83.25688
2026-08-03T08:15:00+00:00,62566.01,62569.3,62326.0,62340.01,254.60838
2026-08-03T08:30:00+00:00,62340.0,62439.36,62300.0,62439.35,196.22958
2026-08-03T08:45:00+00:00,62439.36,62541.5,62436.23,62541.5,123.23638
2026-08-03T09:00:00+00:00,62541.5,62590.2,62520.0,62571.24,206.73227
2026-08-03T09:15:00+00:00,62571.25,62667.04,62571.25,62653.36,95.18715
2026-08-03T09:30:00+00:00,62653.36,62707.5,62628.0,62692.49,104.78467
2026-08-03T09:45:00+00:00,62692.48,62863.1,62692.48,62837.4,178.70666
2026-08-03T10:00:00+00:00,62837.4,62860.0,62766.66,62788.01,107.41963
2026-08-03T10:15:00+00:00,62788.01,62833.68,62742.01,62742.02,153.1931
2026-08-03T10:30:00+00:00,62742.02,62742.02,62674.0,62708.86,75.51549
2026-08-03T10:45:00+00:00,62708.86,62782.0,62615.11,62742.01,107.68113
2026-08-03T11:00:00+00:00,62742.01,62744.0,62585.16,62646.02,68.10254
2026-08-03T11:15:00+00:00,62646.01,62773.99,62640.0,62704.09,59.70978
2026-08-03T11:30:00+00:00,62704.09,62778.92,62669.86,62697.4,53.42668
2026-08-03T11:45:00+00:00,62697.4,62700.0,62540.95,62560.01,101.02551
2026-08-03T12:00:00+00:00,62560.01,62612.0,62445.26,62555.59,156.00757
2026-08-03T12:15:00+00:00,62555.6,62694.0,62550.0,62630.93,99.4507
2026-08-03T12:30:00+00:00,62630.92,62767.32,62614.99,62767.32,100.22948
2026-08-03T12:45:00+00:00,62767.32,62799.3,62690.88,62700.0,81.54488
2026-08-03T13:00:00+00:00,62700.01,62786.81,62700.0,62782.46,110.27168
2026-08-03T13:15:00+00:00,62782.46,62998.0,62720.01,62769.0,192.00617
2026-08-03T13:30:00+00:00,62769.0,62940.0,62562.42,62928.57,367.61184
2026-08-03T13:45:00+00:00,62928.57,63390.0,62810.93,63351.09,451.50164
2026-08-03T14:00:00+00:00,63351.09,63444.0,63136.0,63320.65,354.94712
2026-08-03T14:15:00+00:00,63320.66,63795.0,63170.0,63766.01,704.62291
2026-08-03T14:30:00+00:00,63766.0,63910.0,63631.11,63783.15,764.47113
2026-08-03T14:45:00+00:00,63783.14,63992.71,63659.06,63967.19,563.78267
2026-08-03T15:00:00+00:00,63967.19,63989.75,63764.18,63821.23,509.31869
2026-08-03T15:15:00+00:00,63821.24,63862.37,63680.0,63715.08,316.51708
2026-08-03T15:30:00+00:00,63715.07,63910.0,63709.27,63791.7,325.03996
2026-08-03T15:45:00+00:00,63791.7,63848.0,63646.59,63694.91,217.66231
2026-08-03T16:00:00+00:00,63694.9,63897.64,63664.0,63807.58,359.3697
2026-08-03T16:15:00+00:00,63807.58,63939.99,63802.0,63903.78,193.63881
2026-08-03T16:30:00+00:00,63903.78,63903.78,63710.71,63766.8,120.31783
2026-08-03T16:45:00+00:00,63766.88,63879.94,63744.0,63776.46,126.75316
2026-08-03T17:00:00+00:00,63776.46,63863.48,63714.55,63850.0,101.17994
2026-08-03T17:15:00+00:00,63849.99,64059.75,63816.0,63828.0,300.08161
2026-08-03T17:30:00+00:00,63828.0,63930.81,63793.21,63900.01,115.95129
2026-08-03T17:45:00+00:00,63900.0,63956.67,63868.47,63906.0,110.89376
2026-08-03T18:00:00+00:00,63905.99,64000.0,63870.04,63966.13,95.35318
2026-08-03T18:15:00+00:00,63966.12,63988.0,63814.05,63849.36,87.36622
2026-08-03T18:30:00+00:00,63849.37,63926.81,63810.0,63852.0,94.85856
2026-08-03T18:45:00+00:00,63852.0,63919.31,63768.0,63870.87,90.46681
2026-08-03T19:00:00+00:00,63870.87,63932.17,63846.0,63920.0,82.95967
2026-08-03T19:15:00+00:00,63920.0,64012.0,63920.0,63967.99,126.29083
2026-08-03T19:30:00+00:00,63968.0,64080.0,63864.27,63954.71,182.46183
2026-08-03T19:45:00+00:00,63954.71,63975.34,63861.08,63869.38,153.4695
2026-08-03T20:00:00+00:00,63869.38,63957.51,63816.65,63897.98,103.34332
2026-08-03T20:15:00+00:00,63897.98,64023.61,63896.71,63958.99,122.14249
2026-08-03T20:30:00+00:00,63958.99,63958.99,63907.7,63926.1,98.95259
2026-08-03T20:45:00+00:00,63926.1,63926.1,63769.92,63775.43,174.5552
2026-08-03T21:00:00+00:00,63775.43,63787.25,63712.23,63722.47,162.91243
2026-08-03T21:15:00+00:00,63722.48,63791.98,63687.41,63730.01,103.76547
2026-08-03T21:30:00+00:00,63730.01,63734.09,63670.0,63681.47,73.31068
2026-08-03T21:45:00+00:00,63681.48,63681.48,63548.0,63590.15,87.96156
2026-08-03T22:00:00+00:00,63590.15,63611.59,63392.01,63498.2,214.46028
2026-08-03T22:15:00+00:00,63498.2,63680.0,63498.19,63535.63,95.86469
2026-08-03T22:30:00+00:00,63535.63,63565.23,63496.18,63509.53,76.20044
2026-08-03T22:45:00+00:00,63509.54,63638.36,63509.54,63618.0,35.95746
2026-08-03T23:00:00+00:00,63618.01,63618.01,63528.01,63542.36,57.38908
2026-08-03T23:15:00+00:00,63542.37,63621.35,63527.38,63572.0,244.87296
2026-08-03T23:30:00+00:00,63572.0,63572.01,63465.43,63500.32,93.50737
2026-08-03T23:45:00+00:00,63500.31,63523.7,63483.99,63520.0,64.44026
2026-08-04T00:00:00+00:00,63520.0,63585.09,63469.9,63469.91,93.32226
2026-08-04T00:15:00+00:00,63469.91,63497.97,63390.21,63462.22,206.97065
2026-08-04T00:30:00+00:00,63462.22,63462.22,63343.19,63399.99,151.97351
2026-08-04T00:45:00+00:00,63400.0,63477.94,63322.01,63361.99,83.96766
2026-08-04T01:00:00+00:00,63362.0,63497.54,63361.99,63476.82,94.62216
2026-08-04T01:15:00+00:00,63476.83,63574.71,63420.75,63525.99,273.84497
2026-08-04T01:30:00+00:00,63526.0,63927.99,63526.0,63810.0,245.54378
2026-08-04T01:45:00+00:00,63810.0,63882.8,63740.98,63847.93,194.62178
2026-08-04T02:00:00+00:00,63847.92,63867.95,63758.36,63772.01,222.32934
2026-08-04T02:15:00+00:00,63772.01,63808.79,63688.0,63693.56,193.79035
2026-08-04T02:30:00+00:00,63693.56,63972.0,63686.44,63902.02,139.99613
2026-08-04T02:45:00+00:00,63902.02,63926.43,63807.35,63822.44,40.09326
2026-08-04T03:00:00+00:00,63822.45,63836.0,63690.18,63690.18,52.72054
2026-08-04T03:15:00+00:00,63690.19,63792.0,63649.0,63774.0,101.05996
2026-08-04T03:30:00+00:00,63773.99,63860.0,63773.99,63836.03,106.03799
2026-08-04T03:45:00+00:00,63836.03,63837.79,63800.01,63800.01,83.31436
2026-08-04T04:00:00+00:00,63800.01,63827.84,63762.0,63802.0,141.45722
2026-08-04T04:15:00+00:00,63802.01,63875.01,63797.04,63834.02,139.87825
2026-08-04T04:30:00+00:00,63834.01,64054.0,63834.01,64054.0,187.65484
2026-08-04T04:45:00+00:00,64054.0,64243.81,64029.0,64029.0,326.10013
2026-08-04T05:00:00+00:00,64029.01,64056.0,63840.36,63840.37,98.45597
2026-08-04T05:15:00+00:00,63840.36,63890.0,63812.5,63817.63,56.29943
2026-08-04T05:30:00+00:00,63817.64,63862.0,63810.0,63861.99,39.84653
2026-08-04T05:45:00+00:00,63861.99,63862.0,63788.23,63818.48,112.14443
2026-08-04T06:00:00+00:00,63818.47,63847.82,63774.91,63804.89,78.27903
2026-08-04T06:15:00+00:00,63804.89,63859.71,63761.0,63764.07,65.47674
2026-08-04T06:30:00+00:00,63764.07,63780.7,63693.77,63706.0,68.96364
2026-08-04T06:45:00+00:00,63706.0,63706.0,63654.16,63670.0,109.10308
2026-08-04T07:00:00+00:00,63670.0,63670.0,63588.0,63595.55,61.96936
2026-08-04T07:15:00+00:00,63595.56,63651.01,63506.78,63645.1,344.03573
2026-08-04T07:30:00+00:00,63645.1,63763.63,63645.1,63660.0,219.08227
2026-08-04T07:45:00+00:00,63660.0,63756.0,63659.99,63685.74,154.70816
2026-08-04T08:00:00+00:00,63685.73,63748.22,63630.0,63646.98,126.29237
2026-08-04T08:15:00+00:00,63646.97,63660.0,63589.55,63626.1,65.17919
2026-08-04T08:30:00+00:00,63626.11,63626.11,63564.99,63620.0,152.27884
2026-08-04T08:45:00+00:00,63620.0,63625.45,63581.29,63588.94,68.39814
2026-08-04T09:00:00+00:00,63589.04,63589.04,63540.01,63550.0,136.48788
2026-08-04T09:15:00+00:00,63550.0,63597.56,63516.43,63578.09,59.75761
2026-08-04T09:30:00+00:00,63578.08,63595.99,63532.58,63576.66,42.44636
2026-08-04T09:45:00+00:00,63576.66,63610.0,63550.0,63603.73,117.99324
2026-08-04T10:00:00+00:00,63603.73,63613.34,63507.51,63510.86,186.24618
2026-08-04T10:15:00+00:00,63510.86,63570.0,63451.8,63470.0,142.87666
2026-08-04T10:30:00+00:00,63470.0,63667.34,63465.0,63666.51,88.51907
2026-08-04T10:45:00+00:00,63666.51,63842.0,63652.12,63764.0,196.19149
2026-08-04T11:00:00+00:00,63763.99,63804.52,63718.3,63746.0,74.27309
2026-08-04T11:15:00+00:00,63745.99,63866.0,63712.0,63783.32,75.85938
2026-08-04T11:30:00+00:00,63783.32,63894.99,63720.0,63876.59,86.19645
2026-08-04T11:45:00+00:00,63876.58,63950.0,63840.52,63926.0,221.44306
2026-08-04T12:00:00+00:00,63926.0,63926.0,63811.41,63811.42,117.26035
2026-08-04T12:15:00+00:00,63811.42,63836.0,63788.0,63834.6,105.65247
2026-08-04T12:30:00+00:00,63834.6,64062.46,63814.57,63966.0,230.96954
2026-08-04T12:45:00+00:00,63966.01,64008.24,63906.4,63906.41,92.66301
2026-08-04T13:00:00+00:00,63906.41,64015.22,63845.68,63945.3,132.02666
2026-08-04T13:15:00+00:00,63945.3,64023.45,63860.19,63890.82,166.32101
2026-08-04T13:30:00+00:00,63890.82,64097.74,63819.48,64013.8,381.48807
2026-08-04T13:45:00+00:00,64013.8,64013.8,63656.0,63683.94,373.06781
2026-08-04T14:00:00+00:00,63683.95,63926.0,63615.38,63803.16,233.58155
2026-08-04T14:15:00+00:00,63803.16,63903.02,63618.01,63887.51,181.79947
2026-08-04T14:30:00+00:00,63887.51,64180.0,63860.0,64124.84,304.47114
2026-08-04T14:45:00+00:00,64124.84,64193.54,64058.0,64128.72,160.07376
2026-08-04T15:00:00+00:00,64128.73,64218.07,64000.0,64065.94,284.2832
2026-08-04T15:15:00+00:00,64065.94,64066.0,63930.75,63953.13,109.74763
2026-08-04T15:30:00+00:00,63953.13,64126.55,63814.29,64126.54,231.05932
2026-08-04T15:45:00+00:00,64126.54,64238.0,64088.0,64125.14,251.02765
2026-08-04T16:00:00+00:00,64125.14,64130.0,63970.0,64033.59,124.98643
2026-08-04T16:15:00+00:00,64033.6,64115.71,64008.0,64032.0,118.20237
2026-08-04T16:30:00+00:00,64032.0,64060.41,63897.22,63945.53,111.82712
2026-08-04T16:45:00+00:00,63945.54,64016.0,63909.96,63950.93,191.38714
2026-08-04T17:00:00+00:00,63950.94,64184.0,63950.93,64067.53,312.38605
2026-08-04T17:15:00+00:00,64067.54,64176.58,64029.78,64156.71,190.94535
2026-08-04T17:30:00+00:00,64156.72,64178.83,64090.9,64094.81,85.1253
2026-08-04T17:45:00+00:00,64094.81,64100.77,63892.0,63972.09,131.31838
2026-08-04T18:00:00+00:00,63972.09,64220.0,63965.73,64219.99,130.6979
2026-08-04T18:15:00+00:00,64219.99,64400.0,64200.0,64364.18,306.78324
2026-08-04T18:30:00+00:00,64364.19,64400.0,64212.61,64296.34,142.26644
2026-08-04T18:45:00+00:00,64296.34,64326.0,64273.84,64305.99,113.59914
2026-08-04T19:00:00+00:00,64305.99,64371.04,64286.76,64350.18,144.12685
2026-08-04T19:15:00+00:00,64350.18,64368.65,64265.48,64284.93,83.5709
2026-08-04T19:30:00+00:00,64284.93,64413.21,64257.46,64380.0,162.21731
2026-08-04T19:45:00+00:00,64380.0,64392.0,64193.57,64233.36,144.90878
2026-08-04T20:00:00+00:00,64233.35,64247.4,64115.68,64175.52,138.28004
2026-08-04T20:15:00+00:00,64175.52,64175.52,64001.68,64124.33,154.24878
2026-08-04T20:30:00+00:00,64124.33,64420.0,64124.33,64392.01,203.27702
2026-08-04T20:45:00+00:00,64392.0,64392.0,64304.61,64341.0,62.54654
2026-08-04T21:00:00+00:00,64341.0,64341.99,64200.29,64223.88,91.01626
2026-08-04T21:15:00+00:00,64223.88,64285.25,64192.01,64255.6,38.40478
2026-08-04T21:30:00+00:00,64255.6,64270.0,64199.0,64248.15,38.11183
2026-08-04T21:45:00+00:00,64248.14,64256.0,64175.52,64194.0,53.20321
2026-08-04T22:00:00+00:00,64193.99,64226.9,64140.0,64226.01,47.74968
2026-08-04T22:15:00+00:00,64226.0,64265.67,64171.55,64259.67,55.28349
2026-08-04T22:30:00+00:00,64259.68,64293.91,64215.96,64216.01,38.90734
2026-08-04T22:45:00+00:00,64216.01,64270.62,64176.93,64270.61,39.59183
2026-08-04T23:00:00+00:00,64270.62,64474.92,64213.31,64425.99,133.0728
2026-08-04T23:15:00+00:00,64425.99,64549.16,64175.52,64175.52,280.26469
2026-08-04T23:30:00+00:00,64175.53,64263.62,64144.69,64214.9,80.36014
2026-08-04T23:45:00+00:00,64214.9,64223.68,64081.26,64106.56,58.2168
2026-08-05T00:00:00+00:00,64106.55,64106.56,64017.3,64036.0,110.70859
2026-08-05T00:15:00+00:00,64036.0,64068.0,64008.65,64068.0,195.35958
2026-08-05T00:30:00+00:00,64068.0,64193.25,64024.0,64072.0,143.27707
2026-08-05T00:45:00+00:00,64072.0,64072.0,63978.44,63988.0,200.44075
2026-08-05T01:00:00+00:00,63988.0,64028.93,63950.0,64010.0,110.66648
2026-08-05T01:15:00+00:00,64010.0,64118.64,63954.18,64112.69,96.86538
2026-08-05T01:30:00+00:00,64112.68,64298.34,64112.68,64182.04,117.44839
2026-08-05T01:45:00+00:00,64182.04,64346.0,64182.03,64333.84,68.04713
2026-08-05T02:00:00+00:00,64333.85,64504.0,64333.85,64460.13,184.38149
2026-08-05T02:15:00+00:00,64460.14,64486.0,64322.59,64420.08,169.99873
2026-08-05T02:30:00+00:00,64420.09,64484.0,64412.56,64433.06,106.85483
2026-08-05T02:45:00+00:00,64433.16,64449.99,64367.21,64368.26,101.48549
2026-08-05T03:00:00+00:00,64368.27,64446.0,64352.99,64353.0,58.8662
2026-08-05T03:15:00+00:00,64353.0,64356.0,64062.0,64062.22,232.68173
2026-08-05T03:30:00+00:00,64062.22,64172.0,64046.0,64139.99,105.59104
2026-08-05T03:45:00+00:00,64139.99,64188.72,64139.64,64183.27,48.59954
2026-08-05T04:00:00+00:00,64183.27,64197.27,64128.0,64128.71,52.15926
2026-08-05T04:15:00+00:00,64128.71,64200.0,64088.01,64159.99,57.35852
2026-08-05T04:30:00+00:00,64159.99,64218.0,64158.0,64182.4,37.47972
2026-08-05T04:45:00+00:00,64182.4,64191.4,64120.0,64176.7,37.21723
2026-08-05T05:00:00+00:00,64176.69,64327.55,64163.36,64318.0,77.6295
2026-08-05T05:15:00+00:00,64318.01,64525.97,64302.0,64433.12,104.32673
2026-08-05T05:30:00+00:00,64433.13,64437.41,64341.56,64362.26,67.42507
2026-08-05T05:45:00+00:00,64362.25,64373.33,64309.98,64330.87,230.99793
2026-08-05T06:00:00+00:00,64330.86,64362.0,64305.54,64323.32,91.9727
2026-08-05T06:15:00+00:00,64323.31,64344.0,64282.24,64309.6,171.29062
2026-08-05T06:30:00+00:00,64309.59,64373.31,64295.88,64295.89,65.16156
2026-08-05T06:45:00+00:00,64295.89,64295.89,64229.34,64253.58,68.15886
2026-08-05T07:00:00+00:00,64253.59,64272.0,64166.88,64188.0,101.9244
2026-08-05T07:15:00+00:00,64187.99,64187.99,64054.59,64073.94,104.09616
2026-08-05T07:30:00+00:00,64073.95,64084.0,63995.89,64006.08,194.22457
2026-08-05T07:45:00+00:00,64006.08,64164.0,64006.08,64163.99,176.76385
2026-08-05T08:00:00+00:00,64164.0,64252.99,64138.01,64200.47,108.022
2026-08-05T08:15:00+00:00,64200.47,64270.01,64156.0,64268.01,62.0134
2026-08-05T08:30:00+00:00,64268.01,64280.0,64129.75,64130.0,109.08651
2026-08-05T08:45:00+00:00,64130.0,64164.02,64098.0,64120.81,56.16492
2026-08-05T09:00:00+00:00,64120.81,64158.0,64102.95,64127.47,41.36361
2026-08-05T09:15:00+00:00,64127.48,64190.37,64120.0,64156.0,57.24578
2026-08-05T09:30:00+00:00,64156.0,64210.83,64155.99,64170.11,33.40014
2026-08-05T09:45:00+00:00,64170.11,64182.73,64150.0,64155.05,51.99156
2026-08-05T10:00:00+00:00,64155.06,64190.77,64114.6,64149.62,110.82524
2026-08-05T10:15:00+00:00,64149.61,64242.93,64080.77,64209.03,108.28452
2026-08-05T10:30:00+00:00,64209.04,64238.43,64180.01,64195.28,59.90756
2026-08-05T10:45:00+00:00,64195.28,64209.26,64020.0,64062.23,108.88689
2026-08-05T11:00:00+00:00,64062.23,64116.64,64058.02,64089.33,71.24053
2026-08-05T11:15:00+00:00,64089.33,64091.5,64044.5,64076.79,63.18126
2026-08-05T11:30:00+00:00,64076.79,64150.0,64060.97,64100.78,81.0347
2026-08-05T11:45:00+00:00,64100.78,64100.79,64058.0,64075.28,43.13168
2026-08-05T12:00:00+00:00,64075.28,64233.53,64050.0,64206.0,177.88877
2026-08-05T12:15:00+00:00,64205.99,64581.43,64190.0,64515.81,611.13765
2026-08-05T12:30:00+00:00,64515.81,64547.99,64389.65,64472.01,147.36774
2026-08-05T12:45:00+00:00,64472.0,64472.01,64330.0,64332.43,101.5802
2026-08-05T13:00:00+00:00,64332.43,64342.0,64105.26,64141.99,167.11642
2026-08-05T13:15:00+00:00,64142.0,64212.81,64115.45,64145.19,139.87907
2026-08-05T13:30:00+00:00,64145.2,64294.0,63880.0,64176.0,391.84157
2026-08-05T13:45:00+00:00,64176.0,64412.0,64036.0,64407.99,323.45616
2026-08-05T14:00:00+00:00,64407.99,64529.99,64310.0,64472.56,360.52372
2026-08-05T14:15:00+00:00,64472.55,64578.0,64319.31,64356.0,308.31207
2026-08-05T14:30:00+00:00,64355.99,64464.0,64300.0,64429.13,214.12153
2026-08-05T14:45:00+00:00,64429.12,64536.0,64319.16,64476.39,164.54977
2026-08-05T15:00:00+00:00,64476.4,64744.0,64453.45,64628.0,329.72783
2026-08-05T15:15:00+00:00,64628.0,64635.55,64440.55,64505.25,345.06085
2026-08-05T15:30:00+00:00,64505.25,64721.0,64505.25,64557.12,182.41505
2026-08-05T15:45:00+00:00,64557.13,64557.13,64385.49,64388.01,129.63501
2026-08-05T16:00:00+00:00,64388.01,64613.98,64388.0,64613.98,101.05159
2026-08-05T16:15:00+00:00,64613.99,64760.99,64570.8,64747.74,209.35454
2026-08-05T16:30:00+00:00,64747.75,64758.83,64655.07,64687.73,139.00441
2026-08-05T16:45:00+00:00,64687.72,64687.72,64619.79,64661.99,89.52386
2026-08-05T17:00:00+00:00,64661.99,64696.93,64590.0,64590.21,69.78826
2026-08-05T17:15:00+00:00,64590.21,64616.0,64541.71,64605.16,69.16739
2026-08-05T17:30:00+00:00,64605.16,64749.99,64585.37,64698.0,147.09991
2026-08-05T17:45:00+00:00,64698.0,64804.0,64676.99,64770.0,194.01988
2026-08-05T18:00:00+00:00,64770.0,64807.97,64670.01,64800.31,167.29118
2026-08-05T18:15:00+00:00,64800.31,64813.62,64680.12,64730.77,115.05075
2026-08-05T18:30:00+00:00,64730.77,64804.19,64678.31,64804.18,108.36252
2026-08-05T18:45:00+00:00,64804.18,64844.99,64760.01,64799.1,118.46781
2026-08-05T19:00:00+00:00,64799.1,64917.17,64781.79,64885.5,162.59173
2026-08-05T19:15:00+00:00,64885.51,64930.0,64868.0,64914.99,111.86507
2026-08-05T19:30:00+00:00,64915.0,64925.27,64870.88,64898.01,67.31403
2026-08-05T19:45:00+00:00,64898.01,64936.18,64838.52,64840.28,125.21596
2026-08-05T20:00:00+00:00,64840.27,64921.97,64806.46,64921.97,108.44176
2026-08-05T20:15:00+00:00,64921.96,65025.22,64873.26,64982.11,280.36552
2026-08-05T20:30:00+00:00,64982.12,64991.88,64931.69,64975.76,64.30293
2026-08-05T20:45:00+00:00,64975.77,64991.66,64822.89,64822.89,45.27879
2026-08-05T21:00:00+00:00,64822.88,64825.78,64702.57,64779.47,142.75622
2026-08-05T21:15:00+00:00,64779.47,64782.0,64657.69,64665.92,158.49563
2026-08-05T21:30:00+00:00,64665.92,64748.05,64665.92,64723.23,104.47948
2026-08-05T21:45:00+00:00,64723.22,64763.77,64676.0,64733.13,61.64158
2026-08-05T22:00:00+00:00,64733.13,64767.26,64648.01,64684.01,90.23379
2026-08-05T22:15:00+00:00,64684.0,64730.0,64678.96,64729.99,56.48579
2026-08-05T22:30:00+00:00,64730.0,64783.84,64684.0,64693.95,40.22085
2026-08-05T22:45:00+00:00,64693.95,64716.0,64629.81,64636.0,84.13002
2026-08-05T23:00:00+00:00,64636.0,64692.0,64579.15,64678.67,77.47985
2026-08-05T23:15:00+00:00,64678.66,64749.99,64629.35,64699.55,120.99097
2026-08-05T23:30:00+00:00,64699.56,64708.0,64665.12,64665.12,134.88154
2026-08-05T23:45:00+00:00,64665.11,64680.01,64580.57,64665.23,227.64886
2026-08-06T00:00:00+00:00,64665.24,64682.92,64598.72,64604.07,274.25057
2026-08-06T00:15:00+00:00,64604.07,64711.06,64572.0,64686.79,101.52222
2026-08-06T00:30:00+00:00,64686.8,64724.38,64645.71,64645.72,57.03308
2026-08-06T00:45:00+00:00,64645.71,64695.02,64622.0,64644.99,44.18753
2026-08-06T01:00:00+00:00,64644.92,64658.01,64582.55,64606.83,182.22434
2026-08-06T01:15:00+00:00,64606.84,64609.29,64518.08,64518.08,48.32002
2026-08-06T01:30:00+00:00,64518.09,64616.76,64498.0,64565.99,104.92236
2026-08-06T01:45:00+00:00,64565.99,64659.65,64565.99,64580.07,58.47318
2026-08-06T02:00:00+00:00,64580.08,64650.62,64533.03,64560.51,51.08683
2026-08-06T02:15:00+00:00,64560.5,64585.2,64439.34,64527.82,150.89972
2026-08-06T02:30:00+00:00,64527.81,64579.12,64482.14,64579.11,56.24245
2026-08-06T02:45:00+00:00,64579.12,64598.0,64540.63,64579.36,174.02607
2026-08-06T03:00:00+00:00,64579.36,64579.36,64519.08,64572.0,44.64841
2026-08-06T03:15:00+00:00,64572.0,64572.0,64510.75,64541.73,44.91329
2026-08-06T03:30:00+00:00,64541.74,64583.63,64505.13,64505.14,84.55406
2026-08-06T03:45:00+00:00,64505.13,64543.27,64493.2,64531.03,23.87685
2026-08-06T04:00:00+00:00,64531.03,64590.55,64496.27,64582.61,54.14763
2026-08-06T04:15:00+00:00,64582.6,64696.0,64582.6,64695.92,60.34897
2026-08-06T04:30:00+00:00,64695.93,64730.0,64656.9,64660.0,127.90229
2026-08-06T04:45:00+00:00,64659.99,64755.72,64634.41,64734.65,111.98346
2026-08-06T05:00:00+00:00,64734.65,64996.0,64730.26,64913.88,162.85888
2026-08-06T05:15:00+00:00,64913.88,64996.0,64887.01,64889.99,163.57503
2026-08-06T05:30:00+00:00,64889.99,64916.79,64851.59,64902.54,123.11013
2026-08-06T05:45:00+00:00,64902.54,64911.89,64860.08,64908.09,65.69423
2026-08-06T06:00:00+00:00,64908.1,64908.1,64778.06,64781.19,73.59526
2026-08-06T06:15:00+00:00,64781.2,64828.82,64745.69,64828.0,46.77756
2026-08-06T06:30:00+00:00,64828.0,64858.11,64813.88,64837.99,49.67963
2026-08-06T06:45:00+00:00,64838.0,64860.0,64809.43,64860.0,63.24136
2026-08-06T07:00:00+00:00,64860.0,64945.72,64820.0,64945.71,103.27328
2026-08-06T07:15:00+00:00,64945.71,64965.66,64894.01,64903.0,131.59617
2026-08-06T07:30:00+00:00,64902.99,64903.0,64776.0,64815.99,223.54812
2026-08-06T07:45:00+00:00,64815.99,64841.93,64785.99,64809.7,221.42325
2026-08-06T08:00:00+00:00,64809.7,64854.0,64763.11,64772.0,89.98302
2026-08-06T08:15:00+00:00,64772.0,64897.5,64760.0,64897.5,73.67527
2026-08-06T08:30:00+00:00,64897.5,64922.79,64867.4,64884.39,73.91347
2026-08-06T08:45:00+00:00,64884.39,64999.0,64881.34,64941.99,85.93392
2026-08-06T09:00:00+00:00,64942.0,64944.0,64750.0,64769.72,156.25893
2026-08-06T09:15:00+00:00,64769.72,64841.14,64722.12,64729.65,104.11581
2026-08-06T09:30:00+00:00,64729.65,64729.66,64630.0,64667.22,79.81311
2026-08-06T09:45:00+00:00,64667.21,64697.93,64637.99,64683.62,63.896
2026-08-06T10:00:00+00:00,64683.62,64683.62,64594.29,64602.01,68.53253
2026-08-06T10:15:00+00:00,64602.01,64685.05,64581.21,64682.0,63.06464
2026-08-06T10:30:00+00:00,64681.99,64682.0,64625.17,64625.18,41.13857
2026-08-06T10:45:00+00:00,64625.17,64648.79,64608.31,64615.95,35.14736
2026-08-06T11:00:00+00:00,64615.95,64623.48,64503.54,64574.3,99.3741
2026-08-06T11:15:00+00:00,64574.31,64642.29,64574.3,64584.11,76.14215
2026-08-06T11:30:00+00:00,64584.11,64661.26,64584.11,64643.63,139.2169
2026-08-06T11:45:00+00:00,64643.64,64646.0,64583.78,64622.09,57.40856
2026-08-06T12:00:00+00:00,64622.08,64637.68,64471.04,64478.06,99.93987
2026-08-06T12:15:00+00:00,64478.06,64545.55,64450.0,64545.55,48.84721
2026-08-06T12:30:00+00:00,64545.54,64592.57,64506.55,64526.55,77.96978
2026-08-06T12:45:00+00:00,64526.56,64534.91,64381.96,64424.0,109.70119
2026-08-06T13:00:00+00:00,64424.01,64436.88,64205.72,64256.27,229.57359
2026-08-06T13:15:00+00:00,64256.26,64298.0,64180.0,64243.78,235.46306
2026-08-06T13:30:00+00:00,64243.78,64431.09,64172.0,64398.01,250.50277
2026-08-06T13:45:00+00:00,64398.01,64524.21,64382.0,64434.01,154.65606
2026-08-06T14:00:00+00:00,64434.01,64556.0,64380.42,64468.4,184.19974
2026-08-06T14:15:00+00:00,64468.39,64580.0,64420.0,64429.7,159.66215
2026-08-06T14:30:00+00:00,64429.7,64833.19,64362.0,64810.31,266.47661
2026-08-06T14:45:00+00:00,64810.32,64850.0,64682.0,64778.0,170.78874
2026-08-06T15:00:00+00:00,64778.01,64987.26,64764.0,64852.33,254.2994
2026-08-06T15:15:00+00:00,64852.33,64894.0,64705.42,64826.0,220.03707
2026-08-06T15:30:00+00:00,64826.0,64873.2,64708.0,64754.0,125.46135
2026-08-06T15:45:00+00:00,64754.01,64868.83,64624.29,64631.87,173.0362
2026-08-06T16:00:00+00:00,64631.88,64717.99,64600.0,64637.99,130.5744
2026-08-06T16:15:00+00:00,64637.99,64685.57,64592.37,64654.57,88.15026
2026-08-06T16:30:00+00:00,64654.57,64756.0,64618.93,64716.8,90.31986
2026-08-06T16:45:00+00:00,64716.8,64778.0,64662.18,64757.99,61.27271
2026-08-06T17:00:00+00:00,64758.0,64834.0,64721.74,64721.74,83.58668
2026-08-06T17:15:00+00:00,64721.73,64742.39,64680.0,64688.45,57.93822
2026-08-06T17:30:00+00:00,64688.45,64715.99,64548.81,64597.72,85.86863
2026-08-06T17:45:00+00:00,64597.73,64649.07,64582.0,64621.69,66.35855
2026-08-06T18:00:00+00:00,64621.68,64621.69,64472.16,64539.98,129.83496
2026-08-06T18:15:00+00:00,64539.99,64594.0,64508.01,64518.01,79.39483
2026-08-06T18:30:00+00:00,64518.01,64520.0,64412.85,64420.01,77.90087
2026-08-06T18:45:00+00:00,64420.01,64449.05,64378.67,64418.47,60.1624
2026-08-06T19:00:00+00:00,64418.48,64464.04,64418.14,64441.52,98.34038
2026-08-06T19:15:00+00:00,64441.53,64459.79,64392.38,64405.39,152.92824
2026-08-06T19:30:00+00:00,64405.39,64454.96,64365.0,64430.0,95.67013
2026-08-06T19:45:00+00:00,64430.0,64474.71,64400.0,64446.0,102.65482
2026-08-06T20:00:00+00:00,64446.01,64536.32,64446.0,64527.68,59.56733
2026-08-06T20:15:00+00:00,64527.68,64527.68,64444.46,64483.99,48.75526
2026-08-06T20:30:00+00:00,64483.99,64488.26,64460.85,64461.51,51.96822
2026-08-06T20:45:00+00:00,64461.52,64476.61,64439.7,64439.7,35.18448
2026-08-06T21:00:00+00:00,64439.71,64499.29,64439.7,64486.0,73.94435
2026-08-06T21:15:00+00:00,64486.0,64513.99,64450.0,64450.01,36.04861
2026-08-06T21:30:00+00:00,64450.0,64483.45,64404.74,64456.01,111.15515
2026-08-06T21:45:00+00:00,64456.0,64480.0,64436.83,64440.74,28.58472
2026-08-06T22:00:00+00:00,64440.74,64450.0,64382.81,64435.61,71.16841
2026-08-06T22:15:00+00:00,64435.62,64435.62,64330.4,64361.38,53.9948
2026-08-06T22:30:00+00:00,64361.38,64386.0,64336.55,64336.55,47.57475
2026-08-06T22:45:00+00:00,64336.56,64370.0,64336.56,64351.49,37.96871
2026-08-06T23:00:00+00:00,64351.48,64360.01,64332.21,64337.92,35.14941
2026-08-06T23:15:00+00:00,64337.93,64338.0,64224.57,64247.29,84.31453
2026-08-06T23:30:00+00:00,64247.29,64251.7,64200.0,64221.98,197.24525
2026-08-06T23:45:00+00:00,64221.98,64330.0,64200.0,64323.61,78.68756
2026-08-07T00:00:00+00:00,64323.61,64410.0,64282.93,64290.0,82.17508
2026-08-07T00:15:00+00:00,64290.0,64317.18,64230.59,64264.99,99.75581
2026-08-07T00:30:00+00:00,64265.0,64337.56,64237.85,64323.92,53.6322
2026-08-07T00:45:00+00:00,64323.91,64342.52,64261.09,64317.99,49.88922
2026-08-07T01:00:00+00:00,64318.0,64448.0,64317.99,64363.6,92.84746
2026-08-07T01:15:00+00:00,64363.6,64430.0,64314.28,64427.26,90.2866
2026-08-07T01:30:00+00:00,64427.26,64476.78,64300.0,64375.99,93.09024
2026-08-07T01:45:00+00:00,64376.0,64445.44,64375.99,64422.55,74.79737
2026-08-07T02:00:00+00:00,64422.54,64435.81,64252.09,64396.79,92.19922
2026-08-07T02:15:00+00:00,64396.8,64544.0,64310.0,64314.74,161.66389
2026-08-07T02:30:00+00:00,64314.74,64418.14,64280.0,64414.72,87.32848
2026-08-07T02:45:00+00:00,64414.71,64471.73,64396.63,64399.87,47.50289
2026-08-07T03:00:00+00:00,64399.88,64407.73,64320.29,64336.14,46.1405
2026-08-07T03:15:00+00:00,64336.14,64344.6,64260.0,64320.48,42.06558
2026-08-07T03:30:00+00:00,64320.49,64374.0,64308.38,64343.33,52.51506
2026-08-07T03:45:00+00:00,64343.33,64368.0,64277.0,64289.99,59.24189
2026-08-07T04:00:00+00:00,64289.99,64323.6,64250.55,64308.93,38.57023
2026-08-07T04:15:00+00:00,64308.93,64364.08,64290.07,64302.01,53.94835
2026-08-07T04:30:00+00:00,64302.0,64355.2,64258.0,64258.0,49.42766
2026-08-07T04:45:00+00:00,64258.01,64266.68,64166.0,64255.13,80.95125
2026-08-07T05:00:00+00:00,64255.14,64261.21,64192.53,64252.02,60.23523
2026-08-07T05:15:00+00:00,64252.02,64256.67,64177.62,64178.0,46.48758
2026-08-07T05:30:00+00:00,64178.01,64278.0,64178.0,64276.01,51.82784
2026-08-07T05:45:00+00:00,64276.01,64400.0,64256.04,64336.43,162.65531
2026-08-07T06:00:00+00:00,64336.42,64416.45,64316.12,64413.84,59.38598
2026-08-07T06:15:00+00:00,64413.85,64463.75,64382.05,64416.15,84.72476
2026-08-07T06:30:00+00:00,64416.16,64426.0,64344.53,64353.5,84.23913
2026-08-07T06:45:00+00:00,64353.5,64372.51,64283.91,64304.12,223.9185
2026-08-07T07:00:00+00:00,64304.12,64371.06,64264.0,64338.4,100.84466
2026-08-07T07:15:00+00:00,64338.39,64436.13,64333.0,64408.45,132.22285
2026-08-07T07:30:00+00:00,64408.45,64418.14,64371.86,64371.86,73.98199
2026-08-07T07:45:00+00:00,64371.86,64374.64,64311.35,64319.84,75.34199
2026-08-07T08:00:00+00:00,64319.84,64385.84,64304.22,64370.65,79.90868
2026-08-07T08:15:00+00:00,64370.65,64455.25,64370.65,64450.84,88.07804
2026-08-07T08:30:00+00:00,64450.83,64672.1,64450.17,64632.0,164.89466
2026-08-07T08:45:00+00:00,64632.01,64632.01,64580.01,64600.0,100.3427
2026-08-07T09:00:00+00:00,64600.0,64773.12,64599.99,64733.26,124.0555
2026-08-07T09:15:00+00:00,64733.27,64885.91,64733.26,64833.99,317.59007
2026-08-07T09:30:00+00:00,64834.0,64965.0,64809.07,64905.62,345.04639
2026-08-07T09:45:00+00:00,64905.62,64910.0,64825.32,64839.32,130.45963
2026-08-07T10:00:00+00:00,64839.32,64872.12,64803.82,64846.96,95.57172
2026-08-07T10:15:00+00:00,64846.97,64895.04,64802.0,64895.04,104.6503
2026-08-07T10:30:00+00:00,64895.03,64916.0,64855.73,64863.99,98.66657
2026-08-07T10:45:00+00:00,64864.0,64910.7,64861.87,64893.98,63.82767
2026-08-07T11:00:00+00:00,64893.99,64977.85,64893.64,64963.0,86.48191
2026-08-07T11:15:00+00:00,64962.99,65213.33,64934.52,65084.82,344.28376
2026-08-07T11:30:00+00:00,65084.82,65099.99,65015.99,65026.87,150.58058
2026-08-07T11:45:00+00:00,65026.87,65044.37,65000.0,65029.98,71.32816
2026-08-07T12:00:00+00:00,65029.98,65280.6,65029.97,65213.99,237.3827
2026-08-07T12:15:00+00:00,65214.0,65235.89,65055.93,65128.51,152.29176
2026-08-07T12:30:00+00:00,65129.11,65365.6,64986.26,65160.28,562.05632
2026-08-07T12:45:00+00:00,65160.27,65390.99,65160.27,65292.32,461.03282
2026-08-07T13:00:00+00:00,65292.31,65330.0,65189.31,65223.48,195.52188
2026-08-07T13:15:00+00:00,65223.47,65277.77,65114.67,65163.16,187.77637
2026-08-07T13:30:00+00:00,65163.16,65328.31,65106.81,65308.35,354.42793
2026-08-07T13:45:00+00:00,65308.35,65338.0,64984.68,65009.24,533.52607
2026-08-07T14:00:00+00:00,65009.23,65041.99,64788.0,64830.84,309.88553
2026-08-07T14:15:00+00:00,64830.84,65235.99,64800.0,65190.0,222.75101
2026-08-07T14:30:00+00:00,65190.0,65275.03,65091.63,65100.46,253.74615
2026-08-07T14:45:00+00:00,65100.46,65155.99,64950.0,64957.98,196.20302
2026-08-07T15:00:00+00:00,64957.98,65040.84,64894.83,64966.0,128.28261
2026-08-07T15:15:00+00:00,64965.99,65066.0,64933.82,65025.99,87.27509
2026-08-07T15:30:00+00:00,65026.0,65136.17,64992.72,65020.82,120.77109
2026-08-07T15:45:00+00:00,65020.82,65026.0,64910.12,64912.72,131.69911
2026-08-07T16:00:00+00:00,64912.71,65072.31,64912.71,65045.05,111.12731
2026-08-07T16:15:00+00:00,65045.04,65051.82,64894.83,64932.36,138.28413
2026-08-07T16:30:00+00:00,64932.37,64971.71,64872.62,64949.64,130.70342
2026-08-07T16:45:00+00:00,64949.63,64950.78,64814.0,64814.0,105.22138
2026-08-07T17:00:00+00:00,64814.01,64828.82,64700.0,64700.39,208.26067
2026-08-07T17:15:00+00:00,64700.39,64735.02,64582.42,64599.99,151.34069
2026-08-07T17:30:00+00:00,64599.99,64688.0,64525.0,64679.99,151.18816
2026-08-07T17:45:00+00:00,64680.0,64764.33,64660.02,64764.33,92.86764
2026-08-07T18:00:00+00:00,64764.33,64881.13,64762.0,64847.99,66.40143
2026-08-07T18:15:00+00:00,64848.0,64864.66,64794.68,64809.38,46.27636
2026-08-07T18:30:00+00:00,64809.39,64839.85,64727.26,64727.27,59.75153
2026-08-07T18:45:00+00:00,64727.26,64750.93,64676.0,64735.51,53.01272
2026-08-07T19:00:00+00:00,64735.52,64872.0,64735.52,64839.97,73.41198
2026-08-07T19:15:00+00:00,64839.97,64984.86,64839.97,64940.69,84.72752
2026-08-07T19:30:00+00:00,64940.7,65039.42,64936.0,64972.01,148.68887
2026-08-07T19:45:00+00:00,64972.01,65006.04,64945.37,64960.47,91.72385
2026-08-07T20:00:00+00:00,64960.46,65053.56,64953.08,64987.45,119.58002
2026-08-07T20:15:00+00:00,64987.45,65002.0,64957.5,64980.09,44.29459
2026-08-07T20:30:00+00:00,64980.09,64980.09,64948.0,64956.02,33.64691
2026-08-07T20:45:00+00:00,64956.03,64975.01,64956.02,64972.0,40.97499
2026-08-07T21:00:00+00:00,64972.0,65020.0,64967.82,65001.01,52.2543
2026-08-07T21:15:00+00:00,65001.01,65012.01,64950.97,64996.3,36.2142
2026-08-07T21:30:00+00:00,64996.3,65102.0,64996.29,65024.73,67.04652
2026-08-07T21:45:00+00:00,65024.74,65034.15,64928.0,64928.01,32.06904
2026-08-07T22:00:00+00:00,64928.02,64932.08,64900.86,64932.08,44.21509
2026-08-07T22:15:00+00:00,64932.07,64947.7,64909.55,64924.97,82.56863
2026-08-07T22:30:00+00:00,64924.96,64924.97,64846.0,64877.29,66.56001
2026-08-07T22:45:00+00:00,64877.28,64921.53,64877.28,64888.0,110.77106
2026-08-07T23:00:00+00:00,64888.0,64890.14,64883.78,64890.02,47.33052
2026-08-07T23:15:00+00:00,64890.02,64890.02,64869.99,64888.7,108.97557
2026-08-07T23:30:00+00:00,64888.7,64901.2,64886.01,64901.2,68.14659
2026-08-07T23:45:00+00:00,64901.2,64923.2,64901.19,64923.19,35.47773
2026-08-08T00:00:00+00:00,64923.2,64954.0,64900.14,64901.0,89.19936
2026-08-08T00:15:00+00:00,64901.01,64901.01,64784.19,64881.78,134.07796
2026-08-08T00:30:00+00:00,64881.78,64900.9,64870.27,64900.89,127.52962
2026-08-08T00:45:00+00:00,64900.9,64929.01,64899.78,64929.01,81.78776
2026-08-08T01:00:00+00:00,64929.01,64965.0,64910.01,64957.15,147.06616
2026-08-08T01:15:00+00:00,64957.16,64957.16,64908.97,64908.97,32.72131
2026-08-08T01:30:00+00:00,64908.98,64940.25,64908.97,64935.0,50.89645
2026-08-08T01:45:00+00:00,64934.99,64934.99,64909.55,64911.79,52.43911
2026-08-08T02:00:00+00:00,64911.8,64913.39,64894.49,64904.4,76.5414
2026-08-08T02:15:00+00:00,64904.39,64929.94,64901.09,64929.94,58.80643
2026-08-08T02:30:00+00:00,64929.94,64957.47,64911.68,64922.46,138.56211
2026-08-08T02:45:00+00:00,64922.45,64930.13,64918.27,64923.97,43.55117
2026-08-08T03:00:00+00:00,64923.98,64950.03,64918.28,64932.87,97.80613
2026-08-08T03:15:00+00:00,64932.87,65046.24,64932.86,65030.01,80.35453
2026-08-08T03:30:00+00:00,65030.0,65074.18,65007.49,65015.61,73.34732
2026-08-08T03:45:00+00:00,65015.6,65033.14,65000.0,65033.0,25.88444
2026-08-08T04:00:00+00:00,65033.0,65067.73,64971.18,64981.6,62.83288
2026-08-08T04:15:00+00:00,64981.61,65001.46,64976.0,65001.45,25.41162
2026-08-08T04:30:00+00:00,65001.45,65071.15,65000.0,65038.66,63.69771
2026-08-08T04:45:00+00:00,65038.67,65038.67,65000.52,65013.58,47.89393
2026-08-08T05:00:00+00:00,65013.58,65013.58,64994.0,64994.01,39.62639
2026-08-08T05:15:00+00:00,64994.01,65018.64,64994.0,65018.63,19.14345
2026-08-08T05:30:00+00:00,65018.63,65018.64,65012.29,65017.72,21.8407
2026-08-08T05:45:00+00:00,65017.72,65017.74,64976.0,64995.39,38.30275
2026-08-08T06:00:00+00:00,64995.39,65000.49,64980.25,64980.26,17.81343
2026-08-08T06:15:00+00:00,64980.25,64985.75,64967.67,64967.99,72.89008
2026-08-08T06:30:00+00:00,64968.0,64990.02,64959.81,64990.02,112.63161
2026-08-08T06:45:00+00:00,64990.01,65014.0,64990.01,65006.61,95.02162
2026-08-08T07:00:00+00:00,65006.61,65006.61,64994.22,64994.23,49.44768
2026-08-08T07:15:00+00:00,64994.23,64995.95,64989.57,64995.94,33.02076
2026-08-08T07:30:00+00:00,64995.94,64995.95,64951.34,64954.1,66.82657
2026-08-08T07:45:00+00:00,64954.11,64960.0,64952.69,64960.0,19.73878
2026-08-08T08:00:00+00:00,64959.99,64966.0,64948.56,64965.99,30.65661
2026-08-08T08:15:00+00:00,64966.0,64976.0,64963.07,64975.99,29.18364
2026-08-08T08:30:00+00:00,64976.0,65020.5,64975.99,65015.54,59.34168
2026-08-08T08:45:00+00:00,65015.53,65015.54,64991.68,64993.87,31.62244
2026-08-08T09:00:00+00:00,64993.88,65007.42,64993.87,65007.42,65.86727
2026-08-08T09:15:00+00:00,65007.41,65022.88,65007.41,65020.32,78.06728
2026-08-08T09:30:00+00:00,65020.32,65050.0,65007.62,65012.55,116.29372
2026-08-08T09:45:00+00:00,65012.56,65013.88,64992.98,64994.31,43.30749
2026-08-08T10:00:00+00:00,64994.31,65008.93,64994.31,64996.77,33.77687
2026-08-08T10:15:00+00:00,64996.78,65021.17,64996.77,65021.16,17.4454
2026-08-08T10:30:00+00:00,65021.16,65022.43,65010.0,65010.01,40.97959
2026-08-08T10:45:00+00:00,65010.01,65012.12,65005.87,65005.87,52.10667
2026-08-08T11:00:00+00:00,65005.88,65024.1,65001.45,65018.79,59.27079
2026-08-08T11:15:00+00:00,65018.79,65018.8,64973.97,64973.98,44.93095
2026-08-08T11:30:00+00:00,64973.98,64973.98,64970.0,64970.0,31.53726
2026-08-08T11:45:00+00:00,64970.01,64970.01,64957.0,64967.35,42.42246
2026-08-08T12:00:00+00:00,64967.36,65007.72,64924.0,65007.72,71.11676
2026-08-08T12:15:00+00:00,65007.72,65050.55,64974.09,64974.1,64.79753
2026-08-08T12:30:00+00:00,64974.1,65023.06,64974.1,65005.82,45.23064
2026-08-08T12:45:00+00:00,65005.82,65026.0,65005.81,65008.34,53.30584
2026-08-08T13:00:00+00:00,65008.33,65017.85,65001.07,65005.45,62.8841
2026-08-08T13:15:00+00:00,65005.45,65018.0,65005.45,65018.0,23.04433
2026-08-08T13:30:00+00:00,65017.99,65018.0,65006.0,65008.3,40.21071
2026-08-08T13:45:00+00:00,65008.29,65015.28,65000.0,65015.27,61.71835
2026-08-08T14:00:00+00:00,65015.27,65058.69,65015.27,65058.69,28.66239
2026-08-08T14:15:00+00:00,65058.69,65156.59,65045.3,65136.69,164.54576
2026-08-08T14:30:00+00:00,65136.7,65192.54,65116.3,65116.3,99.51785
2026-08-08T14:45:00+00:00,65116.31,65180.0,65116.3,65129.02,63.63329
2026-08-08T15:00:00+00:00,65129.01,65149.57,65097.75,65105.44,61.75923
2026-08-08T15:15:00+00:00,65105.43,65105.44,65078.08,65092.72,51.71913
2026-08-08T15:30:00+00:00,65092.72,65092.73,65061.31,65061.31,26.14228
2026-08-08T15:45:00+00:00,65061.32,65093.82,65061.31,65080.82,46.96416
2026-08-08T16:00:00+00:00,65080.83,65116.82,65080.82,65087.02,23.60296
2026-08-08T16:15:00+00:00,65087.03,65088.01,65080.0,65080.01,33.53534
2026-08-08T16:30:00+00:00,65080.01,65080.01,65039.0,65060.85,38.24117
2026-08-08T16:45:00+00:00,65060.85,65087.75,65060.85,65086.45,33.45582
2026-08-08T17:00:00+00:00,65086.46,65132.57,65075.46,65118.13,69.56453
2026-08-08T17:15:00+00:00,65118.13,65122.0,65104.6,65108.01,46.85201
2026-08-08T17:30:00+00:00,65108.01,65150.0,65108.0,65122.18,36.98652
2026-08-08T17:45:00+00:00,65122.18,65122.2,65109.09,65119.75,34.3229
2026-08-08T18:00:00+00:00,65119.75,65119.75,65101.6,65101.6,59.77179
2026-08-08T18:15:00+00:00,65101.61,65101.61,65025.54,65038.2,57.31559
2026-08-08T18:30:00+00:00,65038.2,65057.07,65038.19,65048.17,22.1307
2026-08-08T18:45:00+00:00,65048.17,65052.0,65044.07,65044.07,29.30205
2026-08-08T19:00:00+00:00,65044.08,65044.08,65021.0,65021.0,24.85481
2026-08-08T19:15:00+00:00,65021.01,65021.01,65018.99,65019.0,44.68885
2026-08-08T19:30:00+00:00,65018.99,65044.01,65017.39,65044.0,60.84027
2026-08-08T19:45:00+00:00,65044.01,65093.7,65044.0,65075.41,75.01341
2026-08-08T20:00:00+00:00,65075.4,65076.45,65068.64,65076.45,33.89391
2026-08-08T20:15:00+00:00,65076.44,65082.28,65060.0,65060.0,14.64563
2026-08-08T20:30:00+00:00,65060.0,65078.0,65060.0,65073.92,32.92765
2026-08-08T20:45:00+00:00,65073.93,65100.61,65060.72,65082.41,300.85016
2026-08-08T21:00:00+00:00,65082.42,65082.42,65046.5,65046.5,39.09144
2026-08-08T21:15:00+00:00,65046.5,65049.12,65032.41,65032.41,79.13292
2026-08-08T21:30:00+00:00,65032.41,65065.0,65032.41,65057.55,65.68637
2026-08-08T21:45:00+00:00,65057.56,65058.0,65000.53,65012.96,32.62056
2026-08-08T22:00:00+00:00,65012.95,65038.0,65000.0,65000.0,108.08975
2026-08-08T22:15:00+00:00,65000.01,65015.01,64993.5,64993.51,109.23497
2026-08-08T22:30:00+00:00,64993.5,64999.29,64963.85,64977.51,144.65994
2026-08-08T22:45:00+00:00,64977.51,64977.52,64948.17,64950.61,65.31916
2026-08-08T23:00:00+00:00,64950.62,64950.62,64936.01,64936.01,32.50125
2026-08-08T23:15:00+00:00,64936.01,64970.0,64936.01,64938.01,71.49356
2026-08-08T23:30:00+00:00,64938.0,64975.99,64938.0,64970.7,41.00052
2026-08-08T23:45:00+00:00,64970.71,64974.76,64951.25,64962.6,59.74278
2026-08-09T00:00:00+00:00,64962.6,64969.5,64960.27,64960.27,65.06166
2026-08-09T00:15:00+00:00,64960.27,64969.49,64958.17,64969.49,34.97143
2026-08-09T00:30:00+00:00,64969.49,64991.93,64969.48,64977.1,30.22852
2026-08-09T00:45:00+00:00,64977.11,64980.72,64965.67,64973.65,83.79092
2026-08-09T01:00:00+00:00,64973.65,65002.0,64972.1,64983.49,42.76039
2026-08-09T01:15:00+00:00,64983.49,64985.29,64863.03,64863.03,101.01423
2026-08-09T01:30:00+00:00,64863.03,64891.39,64858.0,64889.67,38.21614
2026-08-09T01:45:00+00:00,64889.68,64889.68,64838.33,64861.46,148.75517
2026-08-09T02:00:00+00:00,64861.46,64863.16,64809.73,64858.58,55.35389
2026-08-09T02:15:00+00:00,64858.58,64858.59,64840.69,64842.61,58.00733
2026-08-09T02:30:00+00:00,64842.61,64845.23,64777.99,64777.99,108.05391
2026-08-09T02:45:00+00:00,64777.92,64820.01,64777.92,64820.01,33.98539
2026-08-09T03:00:00+00:00,64820.01,64820.01,64732.01,64732.01,38.2452
2026-08-09T03:15:00+00:00,64732.01,64784.16,64730.08,64780.0,54.51556
2026-08-09T03:30:00+00:00,64779.99,64802.8,64774.76,64800.18,39.11717
2026-08-09T03:45:00+00:00,64800.19,64800.19,64788.79,64788.8,21.87983
2026-08-09T04:00:00+00:00,64788.8,64816.85,64788.79,64816.85,27.49561
2026-08-09T04:15:00+00:00,64816.85,64826.13,64809.01,64826.01,53.84163
2026-08-09T04:30:00+00:00,64826.0,64826.01,64809.95,64809.96,40.99739
2026-08-09T04:45:00+00:00,64809.95,64809.96,64785.0,64785.0,33.98309
2026-08-09T05:00:00+00:00,64785.01,64786.3,64785.0,64786.29,62.3279
2026-08-09T05:15:00+00:00,64786.29,64793.01,64786.0,64790.84,62.87596
2026-08-09T05:30:00+00:00,64790.85,64790.85,64786.0,64786.01,44.45774
2026-08-09T05:45:00+00:00,64786.0,64801.58,64777.0,64801.58,24.73146
2026-08-09T06:00:00+00:00,64801.57,64815.45,64801.57,64815.45,86.50613
2026-08-09T06:15:00+00:00,64815.44,64845.98,64815.44,64841.2,25.53436
2026-08-09T06:30:00+00:00,64841.19,64867.11,64841.19,64867.1,39.55604
2026-08-09T06:45:00+00:00,64867.11,64867.11,64849.99,64849.99,64.76876
2026-08-09T07:00:00+00:00,64850.0,64860.01,64848.34,64853.56,114.04696
2026-08-09T07:15:00+00:00,64853.57,64856.0,64840.85,64840.85,64.78082
2026-08-09T07:30:00+00:00,64840.86,64842.7,64829.99,64840.75,92.42294
2026-08-09T07:45:00+00:00,64840.76,64840.76,64826.14,64826.14,67.13792
2026-08-09T08:00:00+00:00,64826.15,64960.06,64826.14,64922.67,144.20652
2026-08-09T08:15:00+00:00,64922.67,64933.7,64886.81,64886.82,70.5355
2026-08-09T08:30:00+00:00,64886.82,64893.83,64792.1,64792.11,59.67784
2026-08-09T08:45:00+00:00,64792.1,64824.17,64792.1,64824.16,54.51548
2026-08-09T09:00:00+00:00,64824.17,64830.69,64824.16,64824.17,24.22615
2026-08-09T09:15:00+00:00,64824.18,64831.27,64809.68,64809.69,39.38395
2026-08-09T09:30:00+00:00,64809.69,64814.56,64809.68,64814.56,28.62553
2026-08-09T09:45:00+00:00,64814.56,64877.86,64814.53,64877.85,56.98561
2026-08-09T10:00:00+00:00,64877.86,64951.26,64877.85,64950.99,48.43779
2026-08-09T10:15:00+00:00,64951.0,64994.07,64944.45,64970.37,78.33907
2026-08-09T10:30:00+00:00,64970.37,64973.93,64942.0,64944.0,54.71086
2026-08-09T10:45:00+00:00,64944.01,64977.22,64944.0,64959.86,68.00126
2026-08-09T11:00:00+00:00,64959.87,64978.01,64959.86,64975.99,30.29509
2026-08-09T11:15:00+00:00,64975.99,64978.01,64975.99,64978.0,10.25646
2026-08-09T11:30:00+00:00,64978.0,64994.92,64978.0,64990.46,36.92607
2026-08-09T11:45:00+00:00,64990.46,65000.0,64950.0,64950.0,73.29459
2026-08-09T12:00:00+00:00,64950.01,64950.01,64914.73,64937.58,52.93713
2026-08-09T12:15:00+00:00,64937.59,64949.99,64937.58,64942.0,49.8153
2026-08-09T12:30:00+00:00,64942.0,64942.0,64938.5,64938.52,15.72765
2026-08-09T12:45:00+00:00,64938.52,64962.41,64938.52,64960.11,48.40567
2026-08-09T13:00:00+00:00,64960.12,65032.51,64960.11,65017.89,35.9413
2026-08-09T13:15:00+00:00,65017.9,65088.0,65017.89,65087.99,56.0991
2026-08-09T13:30:00+00:00,65088.0,65266.0,65087.99,65219.79,254.61021
2026-08-09T13:45:00+00:00,65219.8,65222.0,65197.48,65219.78,60.25525
2026-08-09T14:00:00+00:00,65219.78,65239.26,65198.0,65237.79,69.34945
2026-08-09T14:15:00+00:00,65237.8,65237.8,65160.49,65184.99,60.8417
2026-08-09T14:30:00+00:00,65184.99,65222.0,65150.95,65167.64,86.9166
2026-08-09T14:45:00+00:00,65167.64,65300.0,65167.64,65260.01,63.69975
2026-08-09T15:00:00+00:00,65260.01,65264.0,65214.0,65250.7,138.52895
2026-08-09T15:15:00+00:00,65250.7,65250.7,65229.39,65236.0,148.31892
2026-08-09T15:30:00+00:00,65236.0,65236.01,65226.25,65226.26,37.3997
2026-08-09T15:45:00+00:00,65226.25,65238.0,65226.25,65228.68,39.93883
2026-08-09T16:00:00+00:00,65228.68,65266.06,65220.0,65233.54,74.512
2026-08-09T16:15:00+00:00,65233.55,65243.88,65182.36,65195.71,59.28416
2026-08-09T16:30:00+00:00,65195.71,65258.68,65195.71,65255.99,74.25508
2026-08-09T16:45:00+00:00,65255.98,65255.99,65232.14,65232.14,81.36158
2026-08-09T17:00:00+00:00,65232.15,65232.16,65222.0,65222.0,44.95714
2026-08-09T17:15:00+00:00,65222.0,65239.18,65222.0,65239.15,41.9196
2026-08-09T17:30:00+00:00,65239.16,65239.16,65229.22,65229.22,23.09635
2026-08-09T17:45:00+00:00,65229.23,65229.23,65198.68,65198.68,20.0779
2026-08-09T18:00:00+00:00,65198.68,65203.51,65198.68,65203.5,24.86679
2026-08-09T18:15:00+00:00,65203.51,65213.78,65192.0,65213.78,24.41551
2026-08-09T18:30:00+00:00,65213.78,65220.0,65213.78,65220.0,10.9543
2026-08-09T18:45:00+00:00,65220.0,65220.0,65199.68,65199.68,22.98339
2026-08-09T19:00:00+00:00,65199.69,65199.99,65190.26,65199.99,57.68082
2026-08-09T19:15:00+00:00,65199.98,65210.0,65198.87,65208.28,69.19416
2026-08-09T19:30:00+00:00,65208.27,65208.28,65197.94,65197.94,46.71164
2026-08-09T19:45:00+00:00,65197.94,65197.94,65179.72,65180.66,84.04458
2026-08-09T20:00:00+00:00,65180.66,65181.99,65046.25,65073.3,197.05171
2026-08-09T20:15:00+00:00,65073.3,65149.34,65073.29,65127.73,123.65381
2026-08-09T20:30:00+00:00,65127.73,65163.31,65127.73,65139.96,86.77377
2026-08-09T20:45:00+00:00,65139.96,65139.96,65127.53,65137.96,58.51825
2026-08-09T21:00:00+00:00,65137.96,65137.98,65126.0,65126.0,87.13496
2026-08-09T21:15:00+00:00,65126.0,65141.89,65115.05,65133.46,127.44248
2026-08-09T21:30:00+00:00,65133.47,65250.0,65133.46,65222.95,219.46638
2026-08-09T21:45:00+00:00,65222.96,65223.76,65184.38,65192.99,51.27853
2026-08-09T22:00:00+00:00,65192.99,65474.46,65192.99,65408.05,434.64401
2026-08-09T22:15:00+00:00,65408.05,65443.27,65212.15,65230.62,186.0751
2026-08-09T22:30:00+00:00,65230.62,65243.9,64971.41,65029.69,245.56397
2026-08-09T22:45:00+00:00,65029.7,65099.59,64971.5,65077.13,75.27013
2026-08-09T23:00:00+00:00,65077.13,65108.0,64989.0,65022.0,83.31855
2026-08-09T23:15:00+00:00,65022.0,65052.0,64901.0,64915.85,94.48115
2026-08-09T23:30:00+00:00,64915.84,64940.16,64851.01,64903.04,169.41398
2026-08-09T23:45:00+00:00,64903.04,64930.0,64842.59,64901.59,74.20955
2026-08-10T00:00:00+00:00,64901.59,65322.58,64846.69,65144.67,221.23192
2026-08-10T00:15:00+00:00,65144.66,65169.78,64980.59,65006.01,130.50636
2026-08-10T00:30:00+00:00,65006.0,65045.65,64826.78,64838.0,130.59077
2026-08-10T00:45:00+00:00,64838.0,65040.61,64838.0,64968.01,74.1202
2026-08-10T01:00:00+00:00,64968.21,65030.0,64900.79,65001.38,68.9855
2026-08-10T01:15:00+00:00,65001.39,65070.0,65001.38,65008.01,48.32257
2026-08-10T01:30:00+00:00,65008.0,65013.74,64900.0,64970.71,69.90152
2026-08-10T01:45:00+00:00,64970.7,65391.14,64970.7,65189.99,223.05189
2026-08-10T02:00:00+00:00,65190.0,65205.84,65078.0,65103.37,173.32611
2026-08-10T02:15:00+00:00,65103.38,65103.38,64903.54,64955.78,106.33766
2026-08-10T02:30:00+00:00,64955.78,65220.0,64955.78,65200.48,82.31983
2026-08-10T02:45:00+00:00,65200.22,65200.22,65078.01,65099.99,70.7296
2026-08-10T03:00:00+00:00,65099.99,65104.73,64962.79,64962.8,89.8858
2026-08-10T03:15:00+00:00,64962.8,65172.0,64904.99,65028.95,96.55382
2026-08-10T03:30:00+00:00,65028.94,65095.62,65004.75,65024.81,67.67867
2026-08-10T03:45:00+00:00,65024.82,65059.77,64957.01,64982.01,81.5122
2026-08-10T04:00:00+00:00,64982.0,65072.0,64960.01,65071.99,52.51353
2026-08-10T04:15:00+00:00,65071.99,65100.0,65025.53,65025.54,109.12164
2026-08-10T04:30:00+00:00,65025.53,65037.03,64924.0,65009.33,139.84948
2026-08-10T04:45:00+00:00,65009.34,65052.99,64982.25,65006.73,32.00848
2026-08-10T05:00:00+00:00,65006.74,65052.99,64979.88,64987.59,82.75752
2026-08-10T05:15:00+00:00,64987.6,65064.0,64987.6,65041.17,98.77314
2026-08-10T05:30:00+00:00,65041.18,65083.8,65028.0,65083.59,24.46611
2026-08-10T05:45:00+00:00,65083.6,65159.25,65054.75,65134.0,93.63926
2026-08-10T06:00:00+00:00,65134.0,65281.54,65130.01,65200.99,114.96058
2026-08-10T06:15:00+00:00,65200.98,65237.94,65150.0,65167.99,76.4199
2026-08-10T06:30:00+00:00,65168.0,65270.0,65167.99,65245.64,130.86059
2026-08-10T06:45:00+00:00,65245.65,65339.7,65241.92,65299.4,111.69554
2026-08-10T07:00:00+00:00,65299.4,65307.28,65258.98,65266.01,57.49581
2026-08-10T07:15:00+00:00,65266.0,65334.34,65232.58,65323.6,81.64685
2026-08-10T07:30:00+00:00,65323.6,65379.13,65312.01,65326.46,255.37658
2026-08-10T07:45:00+00:00,65326.45,65332.0,65196.53,65202.73,159.49263
2026-08-10T08:00:00+00:00,65202.72,65309.09,65202.72,65262.15,83.93622
2026-08-10T08:15:00+00:00,65262.16,65328.73,65230.0,65289.28,91.6129
2026-08-10T08:30:00+00:00,65289.29,65300.0,65192.0,65224.79,89.76189
2026-08-10T08:45:00+00:00,65224.8,65266.8,65212.0,65245.58,51.50055
2026-08-10T09:00:00+00:00,65245.59,65245.59,65186.0,65224.01,65.16937
2026-08-10T09:15:00+00:00,65224.0,65224.01,65162.0,65164.62,48.49952
2026-08-10T09:30:00+00:00,65164.61,65164.61,65040.43,65052.58,94.38818
2026-08-10T09:45:00+00:00,65052.58,65052.58,64958.87,64967.24,181.28902
2026-08-10T10:00:00+00:00,64967.25,65074.61,64967.24,65043.6,72.77537
2026-08-10T10:15:00+00:00,65043.61,65064.9,65001.04,65017.08,107.65857
2026-08-10T10:30:00+00:00,65017.08,65056.14,64999.97,65002.61,150.67128
2026-08-10T10:45:00+00:00,65002.62,65053.88,65002.61,65013.06,97.39088
2026-08-10T11:00:00+00:00,65013.07,65033.81,64977.93,65011.37,50.07603
2026-08-10T11:15:00+00:00,65011.37,65090.0,65011.36,65079.72,40.58103
2026-08-10T11:30:00+00:00,65079.72,65099.09,65059.12,65061.6,38.32679
2026-08-10T11:45:00+00:00,65061.6,65130.16,65061.6,65125.98,31.35345
2026-08-10T12:00:00+00:00,65125.99,65237.8,65106.0,65126.0,113.49348
2026-08-10T12:15:00+00:00,65126.01,65126.01,65041.45,65055.0,114.80616
2026-08-10T12:30:00+00:00,65055.0,65056.8,64911.18,65018.0,188.90806
2026-08-10T12:45:00+00:00,65018.0,65018.0,64850.0,64870.75,178.91617
2026-08-10T13:00:00+00:00,64870.74,64912.32,64848.38,64884.16,140.36
2026-08-10T13:15:00+00:00,64884.15,64973.72,64883.52,64929.45,185.21561
2026-08-10T13:30:00+00:00,64929.46,64940.31,64607.26,64646.01,648.13588
2026-08-10T13:45:00+00:00,64646.0,64685.84,64518.01,64561.98,323.5309
2026-08-10T14:00:00+00:00,64561.98,64753.6,64544.01,64752.0,285.94444
2026-08-10T14:15:00+00:00,64752.0,64829.74,64715.7,64786.01,134.64798
2026-08-10T14:30:00+00:00,64786.0,64888.32,64759.95,64828.55,108.47018
2026-08-10T14:45:00+00:00,64828.56,64861.67,64608.0,64625.77,121.23554
2026-08-10T15:00:00+00:00,64625.77,64711.43,64534.0,64562.0,160.03429
2026-08-10T15:15:00+00:00,64562.0,64639.79,64310.0,64396.0,391.31406
2026-08-10T15:30:00+00:00,64396.0,64413.46,64239.22,64338.64,250.56939
2026-08-10T15:45:00+00:00,64338.65,64357.41,64203.15,64299.99,294.42217
2026-08-10T16:00:00+00:00,64299.99,64354.0,64196.01,64218.01,296.0051
2026-08-10T16:15:00+00:00,64218.0,64218.01,63988.0,64123.63,485.07389
2026-08-10T16:30:00+00:00,64123.62,64180.71,63949.99,63966.0,312.19083
2026-08-10T16:45:00+00:00,63966.0,63972.29,63830.57,63904.65,404.79943
2026-08-10T17:00:00+00:00,63904.65,64014.0,63832.0,63996.0,365.57559
2026-08-10T17:15:00+00:00,63996.01,64004.87,63923.07,63923.08,275.03651
2026-08-10T17:30:00+00:00,63923.07,64027.12,63903.98,63949.62,292.46862
2026-08-10T17:45:00+00:00,63949.61,63976.0,63876.0,63953.04,357.47346
2026-08-10T18:00:00+00:00,63953.04,64020.64,63895.49,63938.06,278.26703
2026-08-10T18:15:00+00:00,63938.05,64003.8,63881.75,63900.13,215.30482
2026-08-10T18:30:00+00:00,63900.13,63931.18,63806.27,63888.0,307.66376
2026-08-10T18:45:00+00:00,63888.0,63928.0,63843.98,63889.39,142.82977
2026-08-10T19:00:00+00:00,63889.39,63932.0,63888.01,63927.28,132.00251
2026-08-10T19:15:00+00:00,63927.27,64025.88,63906.15,64025.87,134.0484
2026-08-10T19:30:00+00:00,64025.88,64101.34,63931.07,64031.35,176.68757
2026-08-10T19:45:00+00:00,64031.36,64049.15,63986.23,64045.7,100.52436
2026-08-10T20:00:00+00:00,64045.7,64089.97,64023.06,64051.99,74.12558
2026-08-10T20:15:00+00:00,64051.99,64122.75,64046.76,64122.75,87.22344
2026-08-10T20:30:00+00:00,64122.75,64215.21,64106.0,64176.35,77.70377
2026-08-10T20:45:00+00:00,64176.34,64176.35,64140.59,64158.5,47.28956
2026-08-10T21:00:00+00:00,64158.49,64158.5,64094.0,64113.83,52.86551
2026-08-10T21:15:00+00:00,64113.83,64119.03,64072.72,64117.16,52.92505
2026-08-10T21:30:00+00:00,64117.17,64119.03,64033.25,64040.81,65.53084
2026-08-10T21:45:00+00:00,64040.81,64045.86,63987.0,63987.0,68.36247
2026-08-10T22:00:00+00:00,63987.0,64045.42,63960.0,64040.65,100.68594
2026-08-10T22:15:00+00:00,64040.66,64055.95,64010.0,64014.51,39.6011
2026-08-10T22:30:00+00:00,64014.51,64014.52,63944.0,63986.0,57.48512
2026-08-10T22:45:00+00:00,63986.0,64016.0,63985.99,64016.0,19.19511
2026-08-10T23:00:00+00:00,64015.99,64020.0,63980.69,63984.0,67.00748
2026-08-10T23:15:00+00:00,63984.01,63998.45,63948.54,63993.01,97.92487
2026-08-10T23:30:00+00:00,63993.01,63993.01,63920.69,63968.0,95.29851
2026-08-10T23:45:00+00:00,63968.0,63984.86,63947.25,63970.01,68.10535
2026-08-11T00:00:00+00:00,63970.01,63995.01,63895.64,63995.01,267.94368
2026-08-11T00:15:00+00:00,63995.0,63999.99,63926.0,63986.18,212.45408
2026-08-11T00:30:00+00:00,63986.19,64006.03,63947.8,63973.99,117.09118
2026-08-11T00:45:00+00:00,63974.0,64058.0,63974.0,64040.0,92.77932
2026-08-11T01:00:00+00:00,64040.01,64079.88,63986.0,64061.88,64.80108
2026-08-11T01:15:00+00:00,64061.89,64080.1,63980.51,64076.23,190.3862
2026-08-11T01:30:00+00:00,64076.23,64076.23,63958.2,63991.26,46.78653
2026-08-11T01:45:00+00:00,63991.27,64073.32,63987.02,64060.8,53.10131
2026-08-11T02:00:00+00:00,64060.8,64086.0,64030.0,64030.0,165.81899
2026-08-11T02:15:00+00:00,64030.0,64070.0,64030.0,64054.54,31.54241
2026-08-11T02:30:00+00:00,64054.53,64055.72,64032.02,64045.04,32.37757
2026-08-11T02:45:00+00:00,64045.04,64052.96,64035.28,64044.59,33.50572
2026-08-11T03:00:00+00:00,64044.6,64102.0,64044.59,64100.8,57.94874
2026-08-11T03:15:00+00:00,64100.8,64176.0,64100.79,64138.0,78.37404
2026-08-11T03:30:00+00:00,64138.01,64160.01,64129.91,64129.92,51.488
2026-08-11T03:45:00+00:00,64129.93,64155.01,64119.96,64155.01,336.32435
2026-08-11T04:00:00+00:00,64155.0,64159.65,64119.99,64120.0,126.62952
2026-08-11T04:15:00+00:00,64119.99,64132.0,64106.0,64108.57,76.41081
2026-08-11T04:30:00+00:00,64108.58,64110.19,64100.34,64100.34,18.43224
2026-08-11T04:45:00+00:00,64100.35,64102.45,64021.02,64023.51,138.69992
2026-08-11T05:00:00+00:00,64023.51,64051.93,64002.0,64046.81,38.33594
2026-08-11T05:15:00+00:00,64046.8,64051.59,63964.0,63972.86,72.42604
2026-08-11T05:30:00+00:00,63972.87,64041.88,63972.85,64036.0,38.78518
2026-08-11T05:45:00+00:00,64036.0,64042.26,64000.0,64000.0,67.76531
2026-08-11T06:00:00+00:00,64000.0,64050.43,63975.0,64034.72,57.50954
2026-08-11T06:15:00+00:00,64034.72,64034.72,63936.0,63936.0,65.42223
2026-08-11T06:30:00+00:00,63936.0,63968.41,63910.0,63920.0,278.18567
2026-08-11T06:45:00+00:00,63919.99,63969.29,63852.0,63969.28,280.7597
2026-08-11T07:00:00+00:00,63969.29,64010.73,63969.28,63970.22,59.10269
2026-08-11T07:15:00+00:00,63970.22,63970.23,63911.09,63913.1,72.60797
2026-08-11T07:30:00+00:00,63913.1,64087.7,63913.09,64073.26,130.33719
2026-08-11T07:45:00+00:00,64073.26,64108.0,64047.99,64065.99,118.78258
2026-08-11T08:00:00+00:00,64066.0,64110.82,64048.99,64048.99,50.22197
2026-08-11T08:15:00+00:00,64049.0,64085.19,64044.72,64060.01,34.49481
2026-08-11T08:30:00+00:00,64060.01,64118.0,64060.0,64117.99,42.24038
2026-08-11T08:45:00+00:00,64117.99,64148.78,64096.01,64136.41,41.70323
2026-08-11T09:00:00+00:00,64136.41,64160.0,64121.51,64129.98,130.11736
2026-08-11T09:15:00+00:00,64129.98,64200.0,64129.98,64190.0,85.52313
2026-08-11T09:30:00+00:00,64190.01,64246.97,64180.6,64243.13,124.22079
2026-08-11T09:45:00+00:00,64243.13,64300.0,64243.13,64300.0,113.37875
2026-08-11T10:00:00+00:00,64300.0,64312.7,64244.0,64244.0,112.07981
2026-08-11T10:15:00+00:00,64244.0,64312.46,64200.0,64307.23,88.92306
2026-08-11T10:30:00+00:00,64307.23,64312.0,64258.61,64275.98,104.33027
2026-08-11T10:45:00+00:00,64275.99,64275.99,64219.62,64233.23,102.78722
2026-08-11T11:00:00+00:00,64233.23,64390.48,64233.23,64358.48,228.50303
2026-08-11T11:15:00+00:00,64358.48,64364.68,64339.99,64340.32,52.79131
2026-08-11T11:30:00+00:00,64340.33,64349.51,64333.46,64340.0,52.32662
2026-08-11T11:45:00+00:00,64340.0,64400.0,64330.0,64389.57,204.47686
2026-08-11T12:00:00+00:00,64389.58,64515.43,64380.0,64475.58,231.88602
2026-08-11T12:15:00+00:00,64475.59,64475.59,64294.07,64324.7,194.7674
2026-08-11T12:30:00+00:00,64324.69,64383.87,64319.08,64328.89,121.52841
2026-08-11T12:45:00+00:00,64328.88,64338.6,64274.57,64330.01,166.25382
2026-08-11T13:00:00+00:00,64330.0,64368.42,64278.61,64319.62,121.45112
2026-08-11T13:15:00+00:00,64319.61,64327.41,64174.0,64199.57,175.41014
2026-08-11T13:30:00+00:00,64199.57,64240.0,64050.0,64169.73,539.29973
2026-08-11T13:45:00+00:00,64169.73,64216.0,64051.0,64200.28,554.58691
2026-08-11T14:00:00+00:00,64200.29,64230.0,64116.0,64219.62,141.53256
2026-08-11T14:15:00+00:00,64219.63,64263.83,63918.01,64026.67,207.26005
2026-08-11T14:30:00+00:00,64026.66,64062.0,63898.29,63957.64,243.31187
2026-08-11T14:45:00+00:00,63958.0,64005.29,63714.75,63770.03,392.91865
2026-08-11T15:00:00+00:00,63770.03,63864.36,63730.0,63782.0,249.42243
2026-08-11T15:15:00+00:00,63782.0,63868.0,63710.01,63866.53,295.19261
2026-08-11T15:30:00+00:00,63866.52,63866.52,63451.0,63564.0,548.77001
2026-08-11T15:45:00+00:00,63564.0,63635.1,63475.0,63609.87,193.18732
2026-08-11T16:00:00+00:00,63609.86,63660.0,63542.22,63602.0,245.0785
2026-08-11T16:15:00+00:00,63602.01,63648.0,63579.97,63594.05,207.3992
2026-08-11T16:30:00+00:00,63594.05,63619.15,63491.83,63493.14,138.33519
2026-08-11T16:45:00+00:00,63493.15,63545.29,63459.54,63512.59,150.0146
2026-08-11T17:00:00+00:00,63512.59,63536.85,63461.88,63508.01,106.45617
2026-08-11T17:15:00+00:00,63508.01,63606.39,63492.0,63575.51,127.29867
2026-08-11T17:30:00+00:00,63575.51,63588.51,63522.3,63554.0,128.95726
2026-08-11T17:45:00+00:00,63554.0,63632.94,63536.01,63607.88,120.13028
2026-08-11T18:00:00+00:00,63607.87,63626.03,63550.0,63589.98,115.35816
2026-08-11T18:15:00+00:00,63589.98,63603.47,63475.2,63475.66,94.2259
2026-08-11T18:30:00+00:00,63475.67,63506.68,63251.59,63307.68,414.71328
2026-08-11T18:45:00+00:00,63307.67,63387.82,63306.49,63373.07,124.72173
2026-08-11T19:00:00+00:00,63373.07,63380.0,63238.0,63248.54,147.80674
2026-08-11T19:15:00+00:00,63248.53,63384.69,63248.53,63355.1,96.70257
2026-08-11T19:30:00+00:00,63355.1,63460.47,63355.1,63453.69,99.71459
2026-08-11T19:45:00+00:00,63453.69,63536.0,63388.51,63536.0,107.82389
2026-08-11T20:00:00+00:00,63536.0,63715.78,63536.0,63673.28,149.83462
2026-08-11T20:15:00+00:00,63673.27,63675.99,63610.51,63675.99,46.42957
2026-08-11T20:30:00+00:00,63676.0,63748.21,63657.26,63678.0,68.76915
2026-08-11T20:45:00+00:00,63678.01,63748.37,63678.0,63740.0,56.52386
2026-08-11T21:00:00+00:00,63740.0,63753.34,63732.36,63735.29,62.05575
2026-08-11T21:15:00+00:00,63735.29,63768.58,63653.75,63671.6,99.19535
2026-08-11T21:30:00+00:00,63671.61,63689.05,63622.0,63666.78,77.9652
2026-08-11T21:45:00+00:00,63666.78,63691.3,63648.36,63672.73,30.2007
2026-08-11T22:00:00+00:00,63672.73,63768.0,63672.72,63736.0,71.25337
2026-08-11T22:15:00+00:00,63736.01,63763.94,63703.07,63720.28,78.64126
2026-08-11T22:30:00+00:00,63720.28,63730.01,63655.0,63655.01,62.93896
2026-08-11T22:45:00+00:00,63655.0,63675.59,63626.25,63668.49,40.44576
2026-08-11T23:00:00+00:00,63668.5,63668.5,63565.21,63580.01,37.54566
2026-08-11T23:15:00+00:00,63580.0,63614.72,63543.55,63593.17,61.78777
2026-08-11T23:30:00+00:00,63593.17,63639.85,63582.0,63639.84,71.49458
2026-08-11T23:45:00+00:00,63639.85,63650.0,63600.0,63600.0,34.00081
2026-08-12T00:00:00+00:00,63600.01,63607.58,63534.01,63607.57,93.82599
2026-08-12T00:15:00+00:00,63607.57,63698.0,63578.0,63666.91,58.83592
2026-08-12T00:30:00+00:00,63666.91,63721.06,63666.91,63718.0,56.64688
2026-08-12T00:45:00+00:00,63718.0,63745.53,63717.99,63742.07,38.11218
2026-08-12T01:00:00+00:00,63742.07,63784.34,63713.4,63784.33,87.94401
2026-08-12T01:15:00+00:00,63784.34,63784.34,63742.0,63752.19,69.6662
2026-08-12T01:30:00+00:00,63752.18,63820.58,63698.18,63820.58,48.44348
2026-08-12T01:45:00+00:00,63820.58,63855.5,63789.99,63813.8,293.86989
2026-08-12T02:00:00+00:00,63813.8,63879.99,63813.8,63851.84,195.40241
2026-08-12T02:15:00+00:00,63851.84,63898.3,63782.41,63898.29,318.82149
2026-08-12T02:30:00+00:00,63898.3,63908.01,63764.29,63778.48,56.6054
2026-08-12T02:45:00+00:00,63778.47,63783.1,63730.72,63749.76,41.46202
2026-08-12T03:00:00+00:00,63749.77,63798.0,63709.85,63713.08,215.63747
2026-08-12T03:15:00+00:00,63713.08,63779.17,63709.85,63756.58,82.45341
2026-08-12T03:30:00+00:00,63756.57,63845.91,63738.08,63814.79,73.76676
2026-08-12T03:45:00+00:00,63814.79,63844.79,63780.0,63835.59,166.9961
2026-08-12T04:00:00+00:00,63835.58,63840.37,63768.0,63785.62,33.44516
2026-08-12T04:15:00+00:00,63785.63,63891.42,63785.62,63796.81,115.82729
2026-08-12T04:30:00+00:00,63796.8,63796.8,63739.99,63771.13,47.79206
2026-08-12T04:45:00+00:00,63771.12,63830.0,63749.99,63769.58,371.2948
2026-08-12T05:00:00+00:00,63769.58,63816.98,63724.25,63816.98,42.92775
2026-08-12T05:15:00+00:00,63816.98,63838.53,63814.76,63838.53,58.65749
2026-08-12T05:30:00+00:00,63838.53,63869.56,63824.72,63852.62,219.08761
2026-08-12T05:45:00+00:00,63852.63,63865.01,63821.44,63849.94,219.79275
2026-08-12T06:00:00+00:00,63849.94,63849.94,63709.58,63709.58,151.13653
2026-08-12T06:15:00+00:00,63709.58,63754.0,63622.26,63636.95,153.05352
2026-08-12T06:30:00+00:00,63636.94,63678.0,63606.15,63653.77,118.91939
2026-08-12T06:45:00+00:00,63653.77,63711.97,63630.88,63711.97,140.17761
2026-08-12T07:00:00+00:00,63711.97,63799.15,63710.0,63760.57,124.06137
2026-08-12T07:15:00+00:00,63760.57,63760.57,63729.25,63736.01,94.13094
2026-08-12T07:30:00+00:00,63736.01,63772.82,63685.13,63700.97,138.4613
2026-08-12T07:45:00+00:00,63700.97,63838.0,63644.1,63837.99,101.77675
2026-08-12T08:00:00+00:00,63838.0,63867.2,63784.01,63791.77,113.47775
2026-08-12T08:15:00+00:00,63791.77,63836.0,63791.76,63824.47,102.26529
2026-08-12T08:30:00+00:00,63824.47,63824.47,63773.98,63779.37,39.85788
2026-08-12T08:45:00+00:00,63779.37,63824.13,63779.36,63794.94,47.51867
2026-08-12T09:00:00+00:00,63794.95,63862.29,63768.01,63856.0,43.5501
2026-08-12T09:15:00+00:00,63856.0,64002.0,63855.99,63983.99,206.17201
2026-08-12T09:30:00+00:00,63983.99,64088.0,63983.99,64042.55,138.32758
2026-08-12T09:45:00+00:00,64042.55,64130.47,64034.0,64108.81,165.48017
2026-08-12T10:00:00+00:00,64108.82,64218.0,64102.4,64123.63,482.53499
2026-08-12T10:15:00+00:00,64123.64,64133.61,64059.99,64068.0,335.60202
2026-08-12T10:30:00+00:00,64068.0,64160.89,64068.0,64146.0,80.8093
2026-08-12T10:45:00+00:00,64146.0,64156.13,64080.01,64143.36,97.19127
2026-08-12T11:00:00+00:00,64143.36,64213.68,64113.5,64136.47,59.29536
2026-08-12T11:15:00+00:00,64136.47,64208.0,64130.0,64200.01,192.04592
2026-08-12T11:30:00+00:00,64200.0,64218.0,64160.0,64196.58,89.50462
2026-08-12T11:45:00+00:00,64196.58,64249.5,64195.0,64240.04,73.45841
2026-08-12T12:00:00+00:00,64240.04,64319.32,64215.0,64265.67,167.78172
2026-08-12T12:15:00+00:00,64265.67,64444.0,64262.5,64412.0,363.25121
2026-08-12T12:30:00+00:00,64412.0,64500.0,64047.82,64097.99,600.84881
2026-08-12T12:45:00+00:00,64097.99,64183.66,63976.37,64119.71,165.17773
2026-08-12T13:00:00+00:00,64119.72,64159.36,63939.4,63984.0,136.94965
2026-08-12T13:15:00+00:00,63983.99,64044.0,63912.36,63960.0,124.32446
2026-08-12T13:30:00+00:00,63960.0,64014.96,63868.0,63983.15,239.42146
2026-08-12T13:45:00+00:00,63983.14,64070.28,63840.0,63840.0,226.74541
2026-08-12T14:00:00+00:00,63840.0,63926.13,63600.0,63792.12,320.76522
2026-08-12T14:15:00+00:00,63792.12,63832.0,63649.99,63658.01,203.60958
2026-08-12T14:30:00+00:00,63658.0,63695.07,63528.86,63608.0,319.07903
2026-08-12T14:45:00+00:00,63608.0,63639.37,63362.74,63363.39,320.43045
2026-08-12T15:00:00+00:00,63363.39,63528.63,63316.0,63500.01,304.55791
2026-08-12T15:15:00+00:00,63500.01,63544.0,63438.96,63501.37,159.7543
2026-08-12T15:30:00+00:00,63501.38,63570.01,63401.0,63530.0,168.11613
2026-08-12T15:45:00+00:00,63530.01,63560.75,63419.23,63441.47,138.62728
2026-08-12T16:00:00+00:00,63441.48,63500.0,63368.35,63476.06,236.78667
2026-08-12T16:15:00+00:00,63476.06,63571.78,63466.0,63564.59,130.16972
2026-08-12T16:30:00+00:00,63564.59,63578.0,63510.0,63520.39,61.39853
2026-08-12T16:45:00+00:00,63520.39,63520.39,63468.0,63492.12,59.43727
2026-08-12T17:00:00+00:00,63492.12,63541.99,63476.25,63540.73,105.73472
2026-08-12T17:15:00+00:00,63540.72,63556.0,63426.36,63447.4,77.18268
2026-08-12T17:30:00+00:00,63447.4,63504.0,63416.4,63476.01,56.83017
2026-08-12T17:45:00+00:00,63476.01,63541.22,63455.03,63471.0,52.6202
2026-08-12T18:00:00+00:00,63470.99,63504.15,63422.77,63474.8,84.16198
2026-08-12T18:15:00+00:00,63474.8,63474.8,63380.0,63435.69,168.61288
2026-08-12T18:30:00+00:00,63435.69,63522.56,63415.82,63443.01,71.55314
2026-08-12T18:45:00+00:00,63443.02,63443.02,63373.97,63386.59,72.59457
2026-08-12T19:00:00+00:00,63386.58,63431.94,63386.15,63386.16,94.71815
2026-08-12T19:15:00+00:00,63386.16,63465.13,63310.34,63380.38,125.31809
2026-08-12T19:30:00+00:00,63380.37,63402.0,63340.32,63340.32,68.62197
2026-08-12T19:45:00+00:00,63340.32,63429.83,63322.52,63421.11,92.87492
2026-08-12T20:00:00+00:00,63421.11,63514.57,63421.11,63462.4,69.47621
2026-08-12T20:15:00+00:00,63462.4,63517.35,63427.08,63506.82,91.14498
2026-08-12T20:30:00+00:00,63506.82,63570.01,63506.82,63546.01,74.05103
2026-08-12T20:45:00+00:00,63546.0,63600.0,63528.57,63599.99,72.58977
2026-08-12T21:00:00+00:00,63600.0,63661.24,63558.6,63584.63,77.66036
2026-08-12T21:15:00+00:00,63584.62,63595.81,63468.0,63485.18,62.93155
2026-08-12T21:30:00+00:00,63485.18,63544.0,63421.61,63535.27,67.7026
2026-08-12T21:45:00+00:00,63535.27,63580.0,63456.58,63469.83,59.28194
2026-08-12T22:00:00+00:00,63469.84,63536.0,63425.08,63496.82,69.60497
2026-08-12T22:15:00+00:00,63496.82,63532.0,63485.33,63490.35,34.67227
2026-08-12T22:30:00+00:00,63490.34,63494.69,63370.0,63406.2,97.19227
2026-08-12T22:45:00+00:00,63406.2,63438.0,63396.01,63432.28,38.53945
2026-08-12T23:00:00+00:00,63432.28,63439.99,63383.54,63413.13,77.67634
2026-08-12T23:15:00+00:00,63413.14,63444.36,63378.23,63430.51,345.03131
2026-08-12T23:30:00+00:00,63430.51,63482.89,63389.99,63416.97,508.7452
2026-08-12T23:45:00+00:00,63416.96,63482.89,63406.67,63479.99,66.58869
2026-08-13T00:00:00+00:00,63479.99,63602.96,63460.32,63602.96,94.81693
2026-08-13T00:15:00+00:00,63602.96,63717.31,63584.76,63626.66,174.59962
2026-08-13T00:30:00+00:00,63626.19,63626.19,63504.59,63515.71,56.99385
2026-08-13T00:45:00+00:00,63515.71,63602.0,63501.36,63556.92,80.35969
2026-08-13T01:00:00+00:00,63556.91,63631.67,63519.89,63631.66,56.32864
2026-08-13T01:15:00+00:00,63631.66,63631.67,63400.0,63416.37,106.82363
2026-08-13T01:30:00+00:00,63416.37,63539.95,63407.67,63412.36,65.20294
2026-08-13T01:45:00+00:00,63412.35,63516.0,63382.45,63456.11,89.52923
2026-08-13T02:00:00+00:00,63456.1,63480.0,63426.58,63470.01,95.17676
2026-08-13T02:15:00+00:00,63470.0,63483.99,63426.72,63470.01,78.12268
2026-08-13T02:30:00+00:00,63470.01,63498.26,63380.0,63498.26,235.83411
2026-08-13T02:45:00+00:00,63498.26,63582.0,63478.0,63550.01,49.03135
2026-08-13T03:00:00+00:00,63550.01,63584.82,63514.21,63576.77,61.12525
2026-08-13T03:15:00+00:00,63576.77,63639.61,63559.37,63570.0,221.4286
2026-08-13T03:30:00+00:00,63570.0,63635.76,63567.86,63576.21,52.62445
2026-08-13T03:45:00+00:00,63576.22,63686.4,63576.22,63646.99,66.53989
2026-08-13T04:00:00+00:00,63647.0,63679.6,63624.97,63679.55,70.49315
2026-08-13T04:15:00+00:00,63679.55,63679.55,63591.56,63595.13,23.08273
2026-08-13T04:30:00+00:00,63595.13,63711.09,63595.12,63696.47,43.15292
2026-08-13T04:45:00+00:00,63696.48,63778.0,63691.18,63693.74,86.69604
2026-08-13T05:00:00+00:00,63693.73,63881.99,63671.64,63881.18,105.19052
2026-08-13T05:15:00+00:00,63881.19,64010.0,63881.19,63942.66,288.0558
2026-08-13T05:30:00+00:00,63942.67,63955.2,63901.45,63926.64,64.25498
2026-08-13T05:45:00+00:00,63926.63,63933.08,63878.0,63878.0,42.60752
2026-08-13T06:00:00+00:00,63878.01,63886.73,63815.28,63835.88,94.21445
2026-08-13T06:15:00+00:00,63835.88,63850.08,63814.35,63826.38,33.06276
2026-08-13T06:30:00+00:00,63826.38,63826.38,63760.88,63760.89,43.93797
2026-08-13T06:45:00+00:00,63760.88,63942.36,63757.47,63942.35,84.82201
2026-08-13T07:00:00+00:00,63942.36,63947.09,63864.81,63878.02,199.95212
2026-08-13T07:15:00+00:00,63878.02,63919.98,63862.0,63899.21,105.22704
2026-08-13T07:30:00+00:00,63899.21,63903.19,63875.51,63875.52,131.14371
2026-08-13T07:45:00+00:00,63875.52,63875.52,63856.13,63865.84,96.77298
2026-08-13T08:00:00+00:00,63865.84,63915.0,63836.0,63836.0,129.68822
2026-08-13T08:15:00+00:00,63836.01,63840.01,63774.29,63784.61,125.50131
2026-08-13T08:30:00+00:00,63784.61,63801.99,63774.99,63801.99,98.18382
2026-08-13T08:45:00+00:00,63801.99,63801.99,63742.0,63766.8,86.44533
2026-08-13T09:00:00+00:00,63766.8,63768.77,63620.0,63620.01,70.71943
2026-08-13T09:15:00+00:00,63620.0,63710.0,63587.99,63657.73,112.68737
2026-08-13T09:30:00+00:00,63657.72,63703.94,63657.72,63700.48,55.32415
2026-08-13T09:45:00+00:00,63700.47,63786.49,63700.47,63782.64,99.09231
2026-08-13T10:00:00+00:00,63782.65,63818.16,63617.36,63621.06,178.16456
2026-08-13T10:15:00+00:00,63621.07,63676.0,63617.36,63628.01,32.30559
2026-08-13T10:30:00+00:00,63628.01,63637.87,63586.0,63637.37,74.28159
2026-08-13T10:45:00+00:00,63637.37,63651.2,63637.36,63651.19,33.04808
2026-08-13T11:00:00+00:00,63651.2,63660.76,63613.96,63622.97,49.52165
2026-08-13T11:15:00+00:00,63622.96,63632.48,63442.63,63442.64,130.90173
2026-08-13T11:30:00+00:00,63442.63,63480.0,63350.0,63465.66,116.90072
2026-08-13T11:45:00+00:00,63465.66,63502.4,63460.0,63484.3,58.31128
2026-08-13T12:00:00+00:00,63484.31,63563.45,63450.0,63563.45,90.88127
2026-08-13T12:15:00+00:00,63563.45,63590.01,63555.49,63582.11,41.08982
2026-08-13T12:30:00+00:00,63582.11,63691.99,63468.0,63587.16,192.34156
2026-08-13T12:45:00+00:00,63587.16,63710.0,63564.0,63697.76,60.16029
2026-08-13T13:00:00+00:00,63697.76,63804.28,63697.76,63743.66,92.91005
2026-08-13T13:15:00+00:00,63743.67,63743.67,63570.13,63607.68,109.31027
2026-08-13T13:30:00+00:00,63607.68,63850.0,63566.0,63807.92,181.27888
2026-08-13T13:45:00+00:00,63807.92,63845.83,63690.0,63724.0,178.36589
2026-08-13T14:00:00+00:00,63723.99,63846.17,63686.0,63812.01,133.04478
2026-08-13T14:15:00+00:00,63812.0,63884.07,63768.17,63810.47,160.56078
2026-08-13T14:30:00+00:00,63810.47,63999.0,63772.0,63960.0,219.32522
2026-08-13T14:45:00+00:00,63960.0,63968.0,63854.01,63859.45,156.45134
2026-08-13T15:00:00+00:00,63859.46,63940.08,63819.19,63826.21,95.656
2026-08-13T15:15:00+00:00,63826.2,63888.0,63590.8,63627.15,156.49995
2026-08-13T15:30:00+00:00,63627.15,63752.0,63607.87,63727.29,71.46001
2026-08-13T15:45:00+00:00,63727.29,63727.29,63420.0,63420.01,181.54272
2026-08-13T16:00:00+00:00,63420.01,63509.4,63390.23,63464.29,234.00946
2026-08-13T16:15:00+00:00,63464.29,63568.97,63323.34,63361.48,264.25526
2026-08-13T16:30:00+00:00,63361.48,63438.29,62802.27,62996.0,951.80303
2026-08-13T16:45:00+00:00,62995.99,63237.0,62930.74,63160.13,302.30406
2026-08-13T17:00:00+00:00,63160.13,63160.14,63074.44,63129.78,198.89721
2026-08-13T17:15:00+00:00,63129.78,63262.0,63104.68,63184.6,179.46675
2026-08-13T17:30:00+00:00,63184.6,63264.26,63107.63,63244.7,152.2841
2026-08-13T17:45:00+00:00,63244.7,63294.61,63144.37,63144.38,113.83588
2026-08-13T18:00:00+00:00,63144.37,63288.0,63122.0,63209.63,74.9262
2026-08-13T18:15:00+00:00,63209.64,63251.3,63120.0,63120.01,72.7355
2026-08-13T18:30:00+00:00,63120.01,63200.0,63105.44,63200.0,78.88517
2026-08-13T18:45:00+00:00,63200.0,63369.63,63184.39,63310.0,99.34494
2026-08-13T19:00:00+00:00,63310.0,63519.39,63310.0,63406.17,142.659
2026-08-13T19:15:00+00:00,63406.17,63428.0,63381.45,63418.24,73.21041
2026-08-13T19:30:00+00:00,63418.25,63442.0,63388.0,63415.28,76.40809
2026-08-13T19:45:00+00:00,63415.28,63466.0,63392.93,63407.99,56.87046
2026-08-13T20:00:00+00:00,63408.0,63466.0,63368.0,63414.25,80.23356
2026-08-13T20:15:00+00:00,63414.26,63459.78,63414.26,63453.32,55.4375
2026-08-13T20:30:00+00:00,63453.31,63474.34,63408.9,63417.95,52.19995
2026-08-13T20:45:00+00:00,63417.94,63417.95,63382.5,63415.55,51.8121
2026-08-13T21:00:00+00:00,63415.56,63477.13,63390.0,63432.58,39.87423
2026-08-13T21:15:00+00:00,63432.58,63455.68,63415.76,63455.59,43.10008
2026-08-13T21:30:00+00:00,63455.59,63500.0,63449.46,63450.12,55.42543
2026-08-13T21:45:00+00:00,63450.11,63474.0,63438.4,63474.0,49.9337
2026-08-13T22:00:00+00:00,63474.0,63628.0,63473.99,63612.66,93.75293
2026-08-13T22:15:00+00:00,63612.66,63640.0,63574.0,63619.99,66.78085
2026-08-13T22:30:00+00:00,63620.0,63626.0,63554.97,63554.97,36.91412
2026-08-13T22:45:00+00:00,63554.97,63560.46,63530.0,63530.01,29.52861
2026-08-13T23:00:00+00:00,63530.01,63539.03,63450.0,63478.01,64.57693
2026-08-13T23:15:00+00:00,63478.0,63488.88,63455.41,63479.52,76.1772
2026-08-13T23:30:00+00:00,63479.51,63501.14,63448.0,63459.97,121.2049
2026-08-13T23:45:00+00:00,63459.97,63495.57,63400.0,63490.86,135.85063
2026-08-14T00:00:00+00:00,63490.86,63508.0,63421.64,63503.24,134.41493
2026-08-14T00:15:00+00:00,63503.23,63552.99,63422.77,63444.34,76.78667
2026-08-14T00:30:00+00:00,63444.34,63548.87,63410.0,63526.01,103.54218
2026-08-14T00:45:00+00:00,63526.01,63552.99,63478.46,63541.45,63.05988
2026-08-14T01:00:00+00:00,63541.45,63585.92,63482.0,63507.83,82.00556
2026-08-14T01:15:00+00:00,63507.83,63566.27,63458.0,63486.09,81.79485
2026-08-14T01:30:00+00:00,63486.09,63558.0,63468.07,63557.99,40.00075
2026-08-14T01:45:00+00:00,63557.99,63585.01,63521.12,63575.86,107.11275
2026-08-14T02:00:00+00:00,63575.86,63617.45,63502.34,63568.83,327.66299
2026-08-14T02:15:00+00:00,63568.83,63582.0,63479.85,63487.54,67.67636
2026-08-14T02:30:00+00:00,63487.55,63557.79,63487.54,63516.42,53.49822
2026-08-14T02:45:00+00:00,63516.42,63559.76,63465.38,63465.39,40.55718
2026-08-14T03:00:00+00:00,63465.39,63492.11,63418.74,63492.11,53.80073
2026-08-14T03:15:00+00:00,63492.11,63576.0,63453.3,63464.0,77.18962
2026-08-14T03:30:00+00:00,63464.0,63464.01,63357.34,63380.1,81.79477
2026-08-14T03:45:00+00:00,63380.09,63380.1,63301.58,63310.0,84.05651
2026-08-14T04:00:00+00:00,63310.0,63408.27,63276.0,63408.26,64.78443
2026-08-14T04:15:00+00:00,63408.27,63472.5,63370.75,63423.5,280.12326
2026-08-14T04:30:00+00:00,63423.49,63429.0,63383.0,63389.99,157.37453
2026-08-14T04:45:00+00:00,63390.0,63397.99,63367.72,63372.56,28.37817
2026-08-14T05:00:00+00:00,63372.56,63400.3,63332.73,63337.22,50.84911
2026-08-14T05:15:00+00:00,63337.22,63356.0,63286.67,63322.65,67.08042
2026-08-14T05:30:00+00:00,63322.64,63370.91,63306.0,63350.01,49.06989
2026-08-14T05:45:00+00:00,63350.01,63395.81,63345.95,63379.83,34.71631
2026-08-14T06:00:00+00:00,63379.83,63379.83,63294.52,63294.52,150.1424
2026-08-14T06:15:00+00:00,63294.53,63299.6,63183.87,63183.87,122.98107
2026-08-14T06:30:00+00:00,63183.88,63243.53,63174.04,63180.53,82.77298
2026-08-14T06:45:00+00:00,63180.54,63207.78,62942.0,62974.14,271.83616
2026-08-14T07:00:00+00:00,62974.14,63086.16,62952.17,63072.0,128.61582
2026-08-14T07:15:00+00:00,63072.0,63110.0,63071.99,63103.18,100.60928
2026-08-14T07:30:00+00:00,63103.18,63104.13,62965.9,63024.42,258.17048
2026-08-14T07:45:00+00:00,63024.42,63024.42,62920.0,62920.78,242.8382
2026-08-14T08:00:00+00:00,62920.78,62946.88,62900.0,62913.54,181.49299
2026-08-14T08:15:00+00:00,62913.84,62997.83,62735.2,62781.17,382.31227
2026-08-14T08:30:00+00:00,62781.17,62876.19,62700.0,62843.49,224.61963
2026-08-14T08:45:00+00:00,62843.48,62942.58,62818.08,62940.01,104.05954
2026-08-14T09:00:00+00:00,62940.01,62940.01,62856.0,62877.04,88.87721
2026-08-14T09:15:00+00:00,62877.05,62912.32,62794.98,62794.98,176.40675
2026-08-14T09:30:00+00:00,62794.99,62817.59,62744.0,62763.78,108.81967
2026-08-14T09:45:00+00:00,62763.78,62841.37,62763.78,62792.75,127.04556
2026-08-14T10:00:00+00:00,62792.75,62864.95,62739.98,62861.17,208.01337
2026-08-14T10:15:00+00:00,62861.16,62919.99,62850.29,62888.45,115.56668
2026-08-14T10:30:00+00:00,62888.45,62946.0,62858.04,62874.84,172.06127
2026-08-14T10:45:00+00:00,62874.85,62893.54,62803.1,62814.14,102.90942
2026-08-14T11:00:00+00:00,62814.14,62889.69,62814.0,62859.8,111.88136
2026-08-14T11:15:00+00:00,62859.8,62920.84,62840.59,62894.78,132.10597
2026-08-14T11:30:00+00:00,62894.79,62936.82,62842.62,62896.3,97.39458
2026-08-14T11:45:00+00:00,62896.31,62930.52,62853.83,62868.83,103.54074
2026-08-14T12:00:00+00:00,62868.83,62902.0,62764.18,62824.77,160.87788
2026-08-14T12:15:00+00:00,62824.77,62891.99,62802.01,62891.99,110.16421
2026-08-14T12:30:00+00:00,62891.99,62913.3,62761.96,62761.96,93.92921
2026-08-14T12:45:00+00:00,62761.91,62811.79,62726.26,62741.69,121.54519
2026-08-14T13:00:00+00:00,62741.68,62754.95,62605.0,62688.43,317.37351
2026-08-14T13:15:00+00:00,62688.42,62796.18,62640.5,62782.56,174.65738
2026-08-14T13:30:00+00:00,62782.56,62822.33,62612.01,62718.39,275.30501
2026-08-14T13:45:00+00:00,62718.39,62750.61,62607.02,62668.0,220.45227
2026-08-14T14:00:00+00:00,62668.0,62734.0,62600.33,62610.0,264.63218
2026-08-14T14:15:00+00:00,62610.0,62707.23,62573.23,62673.25,214.54002
2026-08-14T14:30:00+00:00,62673.26,62797.88,62658.77,62746.02,208.80932
2026-08-14T14:45:00+00:00,62746.02,62784.86,62535.24,62620.01,310.25736
2026-08-14T15:00:00+00:00,62620.01,62720.0,62612.0,62705.55,271.52611
2026-08-14T15:15:00+00:00,62705.56,62855.32,62681.29,62855.32,139.53396
2026-08-14T15:30:00+00:00,62855.32,63030.0,62792.01,63006.14,379.01364
2026-08-14T15:45:00+00:00,63006.14,63089.18,62950.78,62990.95,198.02547
2026-08-14T16:00:00+00:00,62990.94,63103.96,62966.86,63043.3,156.28021
2026-08-14T16:15:00+00:00,63043.31,63166.48,63035.51,63118.52,149.77256
2026-08-14T16:30:00+00:00,63118.51,63215.58,63096.68,63210.31,114.31204
2026-08-14T16:45:00+00:00,63210.32,63210.32,63105.26,63133.48,145.85704
2026-08-14T17:00:00+00:00,63133.49,63179.77,63116.0,63179.76,89.11308
2026-08-14T17:15:00+00:00,63179.76,63247.05,63166.14,63202.0,148.76789
2026-08-14T17:30:00+00:00,63202.0,63220.0,63075.72,63109.97,106.87441
2026-08-14T17:45:00+00:00,63109.98,63127.16,63000.0,63013.69,109.3029
2026-08-14T18:00:00+00:00,63013.7,63070.0,62958.0,63004.0,113.81893
2026-08-14T18:15:00+00:00,63004.0,63088.21,63004.0,63037.82,78.00113
2026-08-14T18:30:00+00:00,63037.81,63039.15,62948.03,62972.02,77.46779
2026-08-14T18:45:00+00:00,62972.02,62974.53,62894.85,62930.01,98.48253
2026-08-14T19:00:00+00:00,62930.01,62930.01,62852.34,62859.26,96.34406
2026-08-14T19:15:00+00:00,62859.26,62936.49,62830.0,62929.1,102.13675
2026-08-14T19:30:00+00:00,62929.1,62982.99,62888.91,62982.99,88.43663
2026-08-14T19:45:00+00:00,62982.99,62996.0,62943.39,62968.05,108.06801
2026-08-14T20:00:00+00:00,62968.06,63020.74,62964.78,62974.76,192.6101
2026-08-14T20:15:00+00:00,62974.77,62987.44,62934.0,62949.74,77.02483
2026-08-14T20:30:00+00:00,62949.73,62957.28,62912.0,62912.51,53.27144
2026-08-14T20:45:00+00:00,62912.51,62937.22,62896.85,62907.59,36.53128
2026-08-14T21:00:00+00:00,62907.59,62937.22,62898.58,62904.0,40.13328
2026-08-14T21:15:00+00:00,62904.01,62922.53,62888.0,62892.71,39.06011
2026-08-14T21:30:00+00:00,62892.71,62912.0,62873.25,62889.01,50.25102
2026-08-14T21:45:00+00:00,62889.01,62928.49,62876.89,62928.49,50.20159
2026-08-14T22:00:00+00:00,62928.49,62957.28,62833.33,62833.33,79.10094
2026-08-14T22:15:00+00:00,62833.33,62840.16,62800.0,62823.99,62.08563
2026-08-14T22:30:00+00:00,62823.99,62884.0,62823.99,62883.99,46.14339
2026-08-14T22:45:00+00:00,62884.0,62895.99,62868.53,62886.88,39.24209
2026-08-14T23:00:00+00:00,62886.87,62930.0,62884.35,62929.99,24.55807
2026-08-14T23:15:00+00:00,62930.0,62956.81,62865.03,62948.11,156.81793
2026-08-14T23:30:00+00:00,62948.11,63029.53,62905.99,63008.89,96.46606
2026-08-14T23:45:00+00:00,63008.89,63066.13,63008.88,63043.56,51.24908
2026-08-15T00:00:00+00:00,63043.56,63059.5,63008.01,63012.37,27.75528
2026-08-15T00:15:00+00:00,63012.37,63033.41,63000.0,63010.0,82.49782
2026-08-15T00:30:00+00:00,63010.0,63023.97,63000.67,63019.98,42.91884
2026-08-15T00:45:00+00:00,63019.99,63031.81,62992.91,63019.88,55.47039
2026-08-15T01:00:00+00:00,63019.89,63035.27,62993.57,63012.89,164.71868
2026-08-15T01:15:00+00:00,63012.89,63037.92,62999.89,63034.0,149.22205
2026-08-15T01:30:00+00:00,63034.0,63051.78,63015.7,63030.0,128.63789
2026-08-15T01:45:00+00:00,63030.01,63045.14,63023.64,63045.13,42.6567
2026-08-15T02:00:00+00:00,63045.14,63065.8,63035.95,63051.99,144.30663
2026-08-15T02:15:00+00:00,63052.0,63118.41,63052.0,63102.57,50.70654
2026-08-15T02:30:00+00:00,63102.58,63134.82,63102.57,63121.12,26.52992
2026-08-15T02:45:00+00:00,63121.12,63134.41,63121.12,63134.41,22.0012
2026-08-15T03:00:00+00:00,63134.41,63155.0,63134.4,63154.0,22.44777
2026-08-15T03:15:00+00:00,63154.0,63187.98,63088.0,63091.75,38.19975
2026-08-15T03:30:00+00:00,63091.75,63091.75,63046.0,63064.34,20.39171
2026-08-15T03:45:00+00:00,63064.34,63075.03,63039.99,63051.25,103.42852
2026-08-15T04:00:00+00:00,63051.25,63100.0,63051.25,63099.99,96.959
2026-08-15T04:15:00+00:00,63099.99,63130.0,63099.99,63124.57,35.87925
2026-08-15T04:30:00+00:00,63124.57,63151.64,63123.29,63151.64,20.15058
2026-08-15T04:45:00+00:00,63151.64,63151.65,63122.0,63122.0,19.3136
2026-08-15T05:00:00+00:00,63122.01,63149.54,63122.0,63149.54,12.76098
2026-08-15T05:15:00+00:00,63149.54,63155.76,63124.53,63124.54,18.68543
2026-08-15T05:30:00+00:00,63124.53,63124.54,63056.18,63075.07,28.51697
2026-08-15T05:45:00+00:00,63075.07,63094.64,63039.99,63089.0,153.31714
2026-08-15T06:00:00+00:00,63089.0,63095.32,63037.76,63037.76,78.21469
2026-08-15T06:15:00+00:00,63037.77,63067.85,63027.89,63036.5,170.81733
2026-08-15T06:30:00+00:00,63036.5,63069.29,63036.5,63069.29,27.06863
2026-08-15T06:45:00+00:00,63069.29,63134.84,63069.28,63114.68,97.65253
2026-08-15T07:00:00+00:00,63114.68,63134.83,63068.0,63134.83,315.12109
2026-08-15T07:15:00+00:00,63134.83,63134.83,63069.83,63076.75,199.78956
2026-08-15T07:30:00+00:00,63076.75,63099.48,63063.01,63079.93,80.75231
2026-08-15T07:45:00+00:00,63079.92,63082.0,63042.0,63075.43,93.06878
2026-08-15T08:00:00+00:00,63075.43,63085.8,63061.87,63061.88,68.90812
2026-08-15T08:15:00+00:00,63061.87,63065.97,63052.7,63052.71,13.58386
2026-08-15T08:30:00+00:00,63052.71,63052.72,63020.0,63020.01,18.33923
2026-08-15T08:45:00+00:00,63020.0,63057.58,62933.71,62935.72,77.16524
2026-08-15T09:00:00+00:00,62935.72,62960.27,62920.0,62956.64,38.15571
2026-08-15T09:15:00+00:00,62956.64,62982.76,62956.63,62981.37,47.35874
2026-08-15T09:30:00+00:00,62981.38,63029.15,62981.37,63026.61,57.81172
2026-08-15T09:45:00+00:00,63026.62,63045.83,63026.61,63030.38,40.66754
2026-08-15T10:00:00+00:00,63030.39,63033.25,63002.12,63018.81,19.28356
2026-08-15T10:15:00+00:00,63018.81,63020.0,63018.8,63019.99,7.51988
2026-08-15T10:30:00+00:00,63020.0,63044.0,63018.76,63035.99,23.29754
2026-08-15T10:45:00+00:00,63036.0,63051.74,63027.12,63046.1,29.48013
2026-08-15T11:00:00+00:00,63046.1,63046.11,63029.67,63030.0,48.88588
2026-08-15T11:15:00+00:00,63030.0,63044.95,63030.0,63032.54,19.78777
2026-08-15T11:30:00+00:00,63032.53,63047.78,63032.53,63047.77,13.77798
2026-08-15T11:45:00+00:00,63047.78,63054.69,62996.85,63022.01,93.26028
2026-08-15T12:00:00+00:00,63022.01,63022.01,62986.36,62986.37,30.46479
2026-08-15T12:15:00+00:00,62986.36,62987.26,62984.73,62987.26,25.52752
2026-08-15T12:30:00+00:00,62987.25,62987.26,62960.46,62960.47,16.27308
2026-08-15T12:45:00+00:00,62960.46,63055.36,62946.58,63050.13,37.46863
2026-08-15T13:00:00+00:00,63050.12,63080.88,63028.11,63073.14,43.66261
2026-08-15T13:15:00+00:00,63073.14,63078.96,63036.0,63036.01,35.82211
2026-08-15T13:30:00+00:00,63036.0,63049.6,63031.43,63031.43,20.19495
2026-08-15T13:45:00+00:00,63031.44,63060.35,63031.43,63060.35,32.61713
2026-08-15T14:00:00+00:00,63060.34,63060.35,63034.45,63055.01,66.46544
2026-08-15T14:15:00+00:00,63055.01,63055.01,62996.77,63040.0,87.00855
2026-08-15T14:30:00+00:00,63040.01,63040.08,63029.89,63040.0,32.59758
2026-08-15T14:45:00+00:00,63040.0,63051.43,63040.0,63040.0,57.96594
2026-08-15T15:00:00+00:00,63040.01,63045.7,63040.0,63040.01,42.26197
2026-08-15T15:15:00+00:00,63040.01,63078.96,63032.0,63073.55,59.63124
2026-08-15T15:30:00+00:00,63073.55,63120.09,63073.54,63115.59,93.13997
2026-08-15T15:45:00+00:00,63115.59,63115.6,63100.55,63100.55,19.34244
2026-08-15T16:00:00+00:00,63100.55,63100.56,63076.0,63083.03,78.76845
2026-08-15T16:15:00+00:00,63083.03,63121.6,63066.73,63121.59,65.1944
2026-08-15T16:30:00+00:00,63121.6,63124.99,63092.92,63096.6,40.92232
2026-08-15T16:45:00+00:00,63096.6,63096.63,63095.56,63096.63,17.95455
2026-08-15T17:00:00+00:00,63096.62,63096.63,63096.58,63096.59,17.1801
2026-08-15T17:15:00+00:00,63096.58,63100.69,63066.21,63070.5,37.35476
2026-08-15T17:30:00+00:00,63070.49,63070.5,63070.49,63070.49,27.9419
2026-08-15T17:45:00+00:00,63070.49,63070.5,63070.48,63070.5,14.08737
2026-08-15T18:00:00+00:00,63070.49,63115.58,63070.0,63097.16,58.21249
2026-08-15T18:15:00+00:00,63097.15,63097.16,63050.05,63050.05,37.29877
2026-08-15T18:30:00+00:00,63050.06,63050.06,63050.05,63050.06,13.34099
2026-08-15T18:45:00+00:00,63050.05,63057.58,63044.37,63057.58,185.93861
2026-08-15T19:00:00+00:00,63057.58,63090.98,63057.57,63086.6,243.59412
2026-08-15T19:15:00+00:00,63086.61,63125.0,63086.6,63101.31,196.83582
2026-08-15T19:30:00+00:00,63101.31,63127.4,63101.31,63115.58,62.69996
2026-08-15T19:45:00+00:00,63115.58,63126.08,63115.57,63126.08,12.93281
2026-08-15T20:00:00+00:00,63126.07,63126.08,63076.96,63078.62,21.02399
2026-08-15T20:15:00+00:00,63078.62,63078.63,63078.62,63078.63,5.14323
2026-08-15T20:30:00+00:00,63078.62,63081.17,63078.62,63081.17,15.94039
2026-08-15T20:45:00+00:00,63081.17,63103.3,63081.16,63103.29,13.21145
2026-08-15T21:00:00+00:00,63103.29,63104.57,63103.29,63104.56,11.1855
2026-08-15T21:15:00+00:00,63104.55,63154.98,63104.55,63154.97,78.43261
2026-08-15T21:30:00+00:00,63154.98,63168.17,63139.57,63168.17,46.55106
2026-08-15T21:45:00+00:00,63168.17,63168.95,63155.07,63159.04,34.83035
2026-08-15T22:00:00+00:00,63159.04,63165.53,63150.0,63150.0,14.79931
2026-08-15T22:15:00+00:00,63150.01,63152.63,63135.52,63152.62,26.44492
2026-08-15T22:30:00+00:00,63152.63,63159.33,63152.62,63158.8,31.25022
2026-08-15T22:45:00+00:00,63158.81,63175.0,63135.52,63135.52,23.07487
2026-08-15T23:00:00+00:00,63135.52,63139.96,63112.9,63134.0,35.56623
2026-08-15T23:15:00+00:00,63134.0,63134.0,63112.0,63112.0,9.18353
2026-08-15T23:30:00+00:00,63112.01,63112.01,63100.0,63102.75,21.50924
2026-08-15T23:45:00+00:00,63102.76,63104.0,63086.0,63086.01,19.07137
2026-08-16T00:00:00+00:00,63086.01,63086.01,63067.47,63071.74,21.9339
2026-08-16T00:15:00+00:00,63071.75,63071.75,63071.74,63071.75,5.93546
2026-08-16T00:30:00+00:00,63071.74,63071.75,63061.47,63070.0,24.59993
2026-08-16T00:45:00+00:00,63070.0,63085.82,63069.99,63085.82,42.10443
2026-08-16T01:00:00+00:00,63085.81,63085.82,63052.25,63052.25,22.46885
2026-08-16T01:15:00+00:00,63052.26,63078.75,63052.25,63059.68,31.4945
2026-08-16T01:30:00+00:00,63059.67,63066.94,63012.0,63066.94,52.43347
2026-08-16T01:45:00+00:00,63066.94,63084.78,63054.68,63084.78,74.15875
2026-08-16T02:00:00+00:00,63084.78,63084.78,63024.22,63024.22,24.72363
2026-08-16T02:15:00+00:00,63024.23,63120.99,63024.22,63115.01,52.33053
2026-08-16T02:30:00+00:00,63115.0,63151.59,63115.0,63151.58,118.21354
2026-08-16T02:45:00+00:00,63151.58,63151.59,63115.6,63121.91,50.08127
2026-08-16T03:00:00+00:00,63121.92,63125.0,63121.91,63122.98,29.26607
2026-08-16T03:15:00+00:00,63122.99,63122.99,63115.61,63119.99,16.99735
2026-08-16T03:30:00+00:00,63120.0,63124.04,63119.99,63124.03,17.44781
2026-08-16T03:45:00+00:00,63124.03,63130.01,63120.93,63130.0,42.23651
2026-08-16T04:00:00+00:00,63130.01,63134.73,63130.0,63134.72,22.34752
2026-08-16T04:15:00+00:00,63134.73,63158.8,63134.72,63153.56,36.63995
2026-08-16T04:30:00+00:00,63153.55,63153.56,63116.89,63116.9,28.24184
2026-08-16T04:45:00+00:00,63116.89,63124.43,63090.0,63090.01,43.09183
2026-08-16T05:00:00+00:00,63090.0,63094.0,63074.27,63093.99,21.95178
2026-08-16T05:15:00+00:00,63093.99,63094.0,63070.0,63070.01,15.47598
2026-08-16T05:30:00+00:00,63070.0,63075.0,63051.99,63053.27,65.85266
2026-08-16T05:45:00+00:00,63053.27,63070.0,63040.0,63069.43,131.84015
2026-08-16T06:00:00+00:00,63069.43,63078.41,63043.21,63044.0,89.80545
2026-08-16T06:15:00+00:00,63044.0,63072.32,63043.99,63072.32,111.37584
2026-08-16T06:30:00+00:00,63072.31,63072.32,63057.03,63058.48,55.22753
2026-08-16T06:45:00+00:00,63058.49,63083.79,63058.48,63069.31,23.90967
2026-08-16T07:00:00+00:00,63069.32,63069.32,63054.34,63054.34,18.5635
2026-08-16T07:15:00+00:00,63054.35,63061.03,63054.34,63061.02,48.5776
2026-08-16T07:30:00+00:00,63061.03,63063.03,63061.02,63061.03,54.69352
2026-08-16T07:45:00+00:00,63061.03,63061.03,63061.02,63061.02,25.10536
2026-08-16T08:00:00+00:00,63061.03,63064.11,63061.02,63064.1,34.86408
2026-08-16T08:15:00+00:00,63064.1,63079.76,63064.1,63079.76,38.74631
2026-08-16T08:30:00+00:00,63079.76,63079.76,63071.71,63072.42,17.94344
2026-08-16T08:45:00+00:00,63072.43,63072.43,63072.42,63072.42,17.36827
2026-08-16T09:00:00+00:00,63072.43,63072.43,63072.42,63072.43,11.72887
2026-08-16T09:15:00+00:00,63072.42,63072.43,63072.42,63072.42,24.34903
2026-08-16T09:30:00+00:00,63072.42,63072.43,63000.0,63000.0,131.9421
2026-08-16T09:45:00+00:00,63000.0,63008.69,62968.45,62992.69,122.91169
2026-08-16T10:00:00+00:00,62992.68,62992.69,62968.45,62987.79,71.80564
2026-08-16T10:15:00+00:00,62987.78,63013.62,62987.78,63013.62,30.58505
2026-08-16T10:30:00+00:00,63013.62,63013.62,63008.56,63008.57,16.97563
2026-08-16T10:45:00+00:00,63008.56,63008.57,63008.56,63008.57,13.92827
2026-08-16T11:00:00+00:00,63008.56,63008.57,63006.54,63006.54,35.531
2026-08-16T11:15:00+00:00,63006.55,63006.55,62981.93,62981.95,24.54324
2026-08-16T11:30:00+00:00,62981.94,63003.5,62981.94,62999.63,56.10453
2026-08-16T11:45:00+00:00,62999.64,63013.66,62983.97,63013.66,97.4383
2026-08-16T12:00:00+00:00,63013.66,63025.42,63013.65,63025.39,19.40581
2026-08-16T12:15:00+00:00,63025.4,63025.4,63025.35,63025.36,8.46539
2026-08-16T12:30:00+00:00,63025.35,63025.36,62997.77,62997.77,22.70821
2026-08-16T12:45:00+00:00,62997.77,63021.99,62997.77,63021.98,28.16371
2026-08-16T13:00:00+00:00,63021.99,63063.34,63021.98,63063.34,42.55405
2026-08-16T13:15:00+00:00,63063.34,63070.0,63058.02,63063.0,41.28661
2026-08-16T13:30:00+00:00,63063.0,63070.05,63062.99,63067.01,17.85015
2026-08-16T13:45:00+00:00,63067.02,63067.02,63060.0,63060.01,45.07117
2026-08-16T14:00:00+00:00,63060.01,63063.05,63060.0,63063.04,32.52318
2026-08-16T14:15:00+00:00,63063.05,63100.9,63063.04,63080.01,66.39491
2026-08-16T14:30:00+00:00,63080.01,63100.9,63075.18,63100.89,42.42758
2026-08-16T14:45:00+00:00,63100.89,63102.86,63100.89,63102.85,17.88906
2026-08-16T15:00:00+00:00,63102.86,63120.0,63102.86,63110.25,44.04715
2026-08-16T15:15:00+00:00,63110.26,63110.26,63110.25,63110.26,16.36346
2026-08-16T15:30:00+00:00,63110.26,63140.0,63110.25,63114.02,60.63225
2026-08-16T15:45:00+00:00,63114.01,63146.4,63114.01,63146.39,52.35054
2026-08-16T16:00:00+00:00,63146.39,63212.0,63137.35,63207.99,96.40261
2026-08-16T16:15:00+00:00,63207.99,63352.94,63206.96,63324.5,131.15937
2026-08-16T16:30:00+00:00,63324.51,63390.0,63290.0,63290.01,91.84057
2026-08-16T16:45:00+00:00,63290.01,63290.01,63205.32,63260.01,74.63933
2026-08-16T17:00:00+00:00,63260.0,63276.61,63209.4,63219.99,58.68703
2026-08-16T17:15:00+00:00,63220.0,63231.73,63185.0,63190.0,40.50121
2026-08-16T17:30:00+00:00,63190.0,63190.0,63126.0,63126.0,62.17021
2026-08-16T17:45:00+00:00,63126.0,63164.0,63120.22,63159.3,29.46122
2026-08-16T18:00:00+00:00,63159.31,63166.39,63120.0,63140.0,48.56773
2026-08-16T18:15:00+00:00,63139.99,63173.71,63139.99,63157.44,23.68634
2026-08-16T18:30:00+00:00,63157.45,63157.45,63145.14,63145.14,11.67131
2026-08-16T18:45:00+00:00,63145.15,63145.15,63140.05,63140.06,5.99633
2026-08-16T19:00:00+00:00,63140.05,63190.0,63140.05,63182.01,54.65223
2026-08-16T19:15:00+00:00,63182.01,63220.0,63182.0,63219.99,36.6818
2026-08-16T19:30:00+00:00,63219.99,63230.0,63155.86,63157.91,45.9069
2026-08-16T19:45:00+00:00,63157.91,63170.15,63100.89,63108.81,49.05077
2026-08-16T20:00:00+00:00,63108.8,63140.0,63108.8,63135.97,21.82198
2026-08-16T20:15:00+00:00,63135.96,63135.96,63094.58,63094.58,13.70413
2026-08-16T20:30:00+00:00,63094.58,63110.0,63046.0,63071.58,49.15403
2026-08-16T20:45:00+00:00,63071.57,63072.2,63027.6,63067.79,38.30368
2026-08-16T21:00:00+00:00,63067.79,63067.8,63030.0,63057.99,32.52857
2026-08-16T21:15:00+00:00,63058.0,63085.15,63031.41,63032.0,26.45061
2026-08-16T21:30:00+00:00,63032.0,63041.0,62754.0,62939.59,203.93641
2026-08-16T21:45:00+00:00,62939.59,62978.0,62886.0,62929.61,65.68424
2026-08-16T22:00:00+00:00,62929.61,62931.68,62790.05,62922.44,147.01568
2026-08-16T22:15:00+00:00,62922.45,62954.0,62834.39,62845.22,63.13432
2026-08-16T22:30:00+00:00,62845.22,62845.23,62716.0,62790.0,157.47021
2026-08-16T22:45:00+00:00,62790.0,62913.7,62742.0,62913.7,86.26719
2026-08-16T23:00:00+00:00,62913.7,62993.77,62842.69,62842.7,93.42514
2026-08-16T23:15:00+00:00,62842.69,62913.92,62830.0,62846.0,70.17925
2026-08-16T23:30:00+00:00,62845.99,62898.13,62840.0,62898.12,40.84036
2026-08-16T23:45:00+00:00,62898.13,62927.55,62880.98,62900.0,42.21573
2026-08-17T00:00:00+00:00,62900.0,62932.87,62865.0,62909.53,51.99902
2026-08-17T00:15:00+00:00,62909.53,62909.53,62760.0,62866.02,163.20151
2026-08-17T00:30:00+00:00,62866.02,62956.0,62751.1,62947.84,192.21986
2026-08-17T00:45:00+00:00,62947.84,62947.85,62846.57,62917.54,169.82237
2026-08-17T01:00:00+00:00,62917.54,63192.0,62896.0,63054.68,233.84334
2026-08-17T01:15:00+00:00,63054.68,63160.0,63028.0,63121.72,73.44745
2026-08-17T01:30:00+00:00,63121.72,63246.91,63121.72,63214.0,115.93865
2026-08-17T01:45:00+00:00,63214.0,63237.42,63116.11,63116.12,72.29075
2026-08-17T02:00:00+00:00,63116.12,63133.45,63037.09,63082.0,63.18499
2026-08-17T02:15:00+00:00,63082.0,63206.74,63049.36,63186.01,51.396
2026-08-17T02:30:00+00:00,63186.0,63359.25,63136.0,63256.69,154.15126
2026-08-17T02:45:00+00:00,63256.7,63500.0,63253.18,63403.34,191.07291
2026-08-17T03:00:00+00:00,63403.33,63447.99,63366.9,63420.0,227.06431
2026-08-17T03:15:00+00:00,63420.0,63420.16,63345.32,63355.51,40.67257
2026-08-17T03:30:00+00:00,63355.51,63382.0,63339.78,63343.0,254.76703
2026-08-17T03:45:00+00:00,63342.99,63520.0,63342.99,63429.21,115.15543
2026-08-17T04:00:00+00:00,63429.21,63520.0,63429.21,63486.53,113.6919
2026-08-17T04:15:00+00:00,63486.53,63524.41,63472.0,63518.01,144.20529
2026-08-17T04:30:00+00:00,63518.0,63520.0,63473.2,63480.0,341.18364
2026-08-17T04:45:00+00:00,63479.99,63580.0,63479.99,63532.44,115.11114
2026-08-17T05:00:00+00:00,63532.43,63552.01,63449.03,63537.01,461.45651
2026-08-17T05:15:00+00:00,63537.0,63594.76,63474.63,63482.65,234.50681
2026-08-17T05:30:00+00:00,63482.66,63500.0,63446.59,63463.18,35.54248
2026-08-17T05:45:00+00:00,63463.17,63523.25,63460.96,63520.18,39.20039
2026-08-17T06:00:00+00:00,63520.18,63616.0,63477.95,63574.03,105.55479
2026-08-17T06:15:00+00:00,63574.03,63589.72,63560.7,63583.01,42.59385
2026-08-17T06:30:00+00:00,63583.0,63604.8,63566.41,63600.14,54.78229
2026-08-17T06:45:00+00:00,63600.14,63717.17,63600.14,63667.99,109.76094
2026-08-17T07:00:00+00:00,63668.0,63668.0,63566.73,63584.65,78.05496
2026-08-17T07:15:00+00:00,63584.66,63596.92,63534.63,63596.91,180.57448
2026-08-17T07:30:00+00:00,63596.91,63596.92,63538.5,63538.5,93.40062
2026-08-17T07:45:00+00:00,63538.5,63557.7,63500.0,63514.45,344.38918
2026-08-17T08:00:00+00:00,63514.45,63545.08,63422.58,63433.77,228.70996
2026-08-17T08:15:00+00:00,63433.77,63450.61,63405.0,63418.22,128.45102
2026-08-17T08:30:00+00:00,63418.23,63435.08,63377.75,63377.75,86.28751
2026-08-17T08:45:00+00:00,63377.75,63408.01,63350.0,63380.84,76.91645
2026-08-17T09:00:00+00:00,63380.83,63423.3,63380.83,63423.29,52.99252
2026-08-17T09:15:00+00:00,63423.29,63428.0,63334.37,63381.58,72.7675
2026-08-17T09:30:00+00:00,63381.57,63381.58,63310.0,63310.11,108.40268
2026-08-17T09:45:00+00:00,63310.11,63323.99,63295.0,63323.96,77.10656
2026-08-17T10:00:00+00:00,63323.97,63338.3,63300.25,63336.9,98.38687
2026-08-17T10:15:00+00:00,63336.91,63448.0,63304.0,63447.99,99.00081
2026-08-17T10:30:00+00:00,63448.0,63646.68,63448.0,63639.99,238.34354
2026-08-17T10:45:00+00:00,63640.0,63694.26,63600.06,63692.21,247.26979
2026-08-17T11:00:00+00:00,63692.2,63705.46,63634.97,63664.5,123.32312
2026-08-17T11:15:00+00:00,63664.5,63694.18,63636.87,63660.0,107.08227
2026-08-17T11:30:00+00:00,63660.0,63693.0,63659.99,63692.99,42.05012
2026-08-17T11:45:00+00:00,63692.99,63781.69,63587.05,63631.1,155.82467
2026-08-17T12:00:00+00:00,63631.11,63680.0,63589.59,63662.95,110.28618
2026-08-17T12:15:00+00:00,63662.95,63663.82,63533.06,63579.57,127.65054
2026-08-17T12:30:00+00:00,63579.58,63644.0,63534.0,63569.71,68.1434
2026-08-17T12:45:00+00:00,63569.71,63628.0,63548.07,63554.69,99.57991
2026-08-17T13:00:00+00:00,63554.7,63578.0,63509.82,63566.01,79.2501
2026-08-17T13:15:00+00:00,63566.01,63566.01,63444.17,63499.05,90.30107
2026-08-17T13:30:00+00:00,63499.05,63799.64,63481.06,63655.83,258.50859
2026-08-17T13:45:00+00:00,63655.84,63730.0,63596.0,63672.36,157.23603
2026-08-17T14:00:00+00:00,63672.37,63730.0,63588.0,63699.42,148.45467
2026-08-17T14:15:00+00:00,63699.43,63740.0,63592.0,63623.66,140.9461
2026-08-17T14:30:00+00:00,63623.65,63704.0,63594.0,63625.04,102.18889
2026-08-17T14:45:00+00:00,63625.04,63904.76,63616.0,63902.63,191.882
2026-08-17T15:00:00+00:00,63902.63,63990.0,63864.0,63869.03,374.05596
2026-08-17T15:15:00+00:00,63869.02,64115.96,63812.35,64044.83,402.26767
2026-08-17T15:30:00+00:00,64044.83,64120.0,63988.0,64083.07,293.45965
2026-08-17T15:45:00+00:00,64083.07,64227.27,64080.45,64200.0,286.36022
2026-08-17T16:00:00+00:00,64200.0,64216.42,64060.87,64078.03,203.83136
2026-08-17T16:15:00+00:00,64078.02,64145.99,64058.0,64097.07,174.68183
2026-08-17T16:30:00+00:00,64097.08,64174.0,64080.0,64084.0,194.31425
2026-08-17T16:45:00+00:00,64084.01,64138.62,64076.1,64115.76,99.01682
2026-08-17T17:00:00+00:00,64115.76,64116.0,63984.0,63984.0,105.40307
2026-08-17T17:15:00+00:00,63984.0,64425.0,63979.3,64207.27,545.05051
2026-08-17T17:30:00+00:00,64207.28,64284.82,64066.0,64224.53,424.21167
2026-08-17T17:45:00+00:00,64224.54,64343.61,64224.53,64325.99,344.31785
2026-08-17T18:00:00+00:00,64325.99,64383.68,64280.49,64376.55,224.20352
2026-08-17T18:15:00+00:00,64376.54,64610.01,64372.37,64487.44,492.97233
2026-08-17T18:30:00+00:00,64487.64,64513.85,64398.0,64461.56,147.25966
2026-08-17T18:45:00+00:00,64461.55,64490.0,64413.03,64428.87,176.01724
2026-08-17T19:00:00+00:00,64428.88,64428.88,64320.0,64332.01,154.22372
2026-08-17T19:15:00+00:00,64332.01,64417.66,64331.28,64404.0,124.65675
2026-08-17T19:30:00+00:00,64404.01,64414.78,64340.67,64368.8,90.13096
2026-08-17T19:45:00+00:00,64368.8,64373.99,64288.35,64309.96,83.67731
2026-08-17T20:00:00+00:00,64309.95,64309.96,64266.0,64309.19,65.48855
2026-08-17T20:15:00+00:00,64309.19,64434.0,64293.54,64416.09,84.36662
2026-08-17T20:30:00+00:00,64416.1,64416.1,64354.0,64393.27,40.05333
2026-08-17T20:45:00+00:00,64393.27,64409.15,64332.0,64392.73,54.22951
2026-08-17T21:00:00+00:00,64392.72,64434.76,64364.73,64373.11,72.92368
2026-08-17T21:15:00+00:00,64373.11,64409.41,64328.24,64329.18,32.69366
2026-08-17T21:30:00+00:00,64329.18,64377.92,64296.0,64338.0,75.52135
2026-08-17T21:45:00+00:00,64338.01,64392.0,64338.0,64382.02,37.00779
2026-08-17T22:00:00+00:00,64382.02,64416.0,64310.0,64310.0,78.29845
2026-08-17T22:15:00+00:00,64310.0,64340.0,64288.91,64295.45,140.60905
2026-08-17T22:30:00+00:00,64295.44,64340.0,64283.49,64310.1,67.01822
2026-08-17T22:45:00+00:00,64310.1,64319.86,64290.35,64291.25,35.69661
2026-08-17T23:00:00+00:00,64291.26,64372.0,64288.24,64365.22,42.63266
2026-08-17T23:15:00+00:00,64365.23,64486.8,64365.22,64486.79,88.83296
2026-08-17T23:30:00+00:00,64486.8,64563.1,64460.95,64481.82,111.61059
2026-08-17T23:45:00+00:00,64481.83,64578.0,64476.42,64532.1,106.97216
2026-08-18T00:00:00+00:00,64532.11,64568.46,64420.0,64440.01,117.94267
2026-08-18T00:15:00+00:00,64440.0,64501.83,64440.0,64457.49,64.16126
2026-08-18T00:30:00+00:00,64457.49,64457.5,64388.0,64397.06,64.53168
2026-08-18T00:45:00+00:00,64397.06,64398.0,64367.27,64383.71,86.26749
2026-08-18T01:00:00+00:00,64383.72,64387.71,64296.97,64347.78,135.22668
2026-08-18T01:15:00+00:00,64347.79,64360.0,64305.39,64325.92,71.35506
2026-08-18T01:30:00+00:00,64325.92,64345.4,64243.58,64284.0,91.67237
2026-08-18T01:45:00+00:00,64284.01,64284.01,64156.0,64200.06,80.23126
2026-08-18T02:00:00+00:00,64200.06,64272.0,64191.1,64192.01,85.25658
2026-08-18T02:15:00+00:00,64192.0,64204.0,64157.68,64157.69,110.17256
2026-08-18T02:30:00+00:00,64157.68,64204.82,64128.0,64128.57,94.58969
2026-08-18T02:45:00+00:00,64128.57,64136.0,64048.0,64103.22,152.32981
2026-08-18T03:00:00+00:00,64103.22,64132.47,64088.67,64088.67,66.51481
2026-08-18T03:15:00+00:00,64088.68,64144.0,64088.68,64112.0,190.54824
2026-08-18T03:30:00+00:00,64112.0,64180.0,64047.73,64179.99,204.92708
2026-08-18T03:45:00+00:00,64179.99,64195.45,64146.0,64185.01,115.504
2026-08-18T04:00:00+00:00,64185.0,64185.01,64090.0,64148.0,410.77421
2026-08-18T04:15:00+00:00,64148.0,64155.74,64124.2,64155.73,55.85577
2026-08-18T04:30:00+00:00,64155.74,64250.69,64155.73,64216.9,211.36728
2026-08-18T04:45:00+00:00,64216.9,64226.19,64188.0,64210.32,61.25648
2026-08-18T05:00:00+00:00,64210.33,64276.0,64181.47,64225.01,583.532
2026-08-18T05:15:00+00:00,64225.01,64255.01,64199.99,64254.46,187.42159
2026-08-18T05:30:00+00:00,64254.46,64259.01,64140.0,64256.12,257.20035
2026-08-18T05:45:00+00:00,64256.13,64263.01,64200.08,64242.76,295.75418
2026-08-18T06:00:00+00:00,64242.76,64279.93,64170.0,64230.0,204.88001
2026-08-18T06:15:00+00:00,64229.99,64355.39,64229.99,64339.11,146.7714
2026-08-18T06:30:00+00:00,64339.11,64446.0,64339.11,64430.66,111.83743
2026-08-18T06:45:00+00:00,64430.67,64440.01,64272.86,64318.03,231.27686
2026-08-18T07:00:00+00:00,64318.03,64342.33,64282.9,64338.82,80.36646
2026-08-18T07:15:00+00:00,64338.82,64350.0,64280.0,64280.0,54.94625
2026-08-18T07:30:00+00:00,64280.0,64280.0,64236.0,64248.46,119.50373
2026-08-18T07:45:00+00:00,64248.46,64248.47,64164.0,64198.97,139.23883
2026-08-18T08:00:00+00:00,64198.97,64210.01,64087.98,64156.0,137.81046
2026-08-18T08:15:00+00:00,64156.0,64238.55,64155.99,64210.86,64.03056
2026-08-18T08:30:00+00:00,64210.87,64336.0,64206.57,64286.81,111.76457
2026-08-18T08:45:00+00:00,64286.82,64296.07,64244.0,64296.02,88.80115
2026-08-18T09:00:00+00:00,64296.01,64296.01,64233.39,64246.25,82.41834
2026-08-18T09:15:00+00:00,64246.25,64246.25,64150.35,64164.01,57.2374
2026-08-18T09:30:00+00:00,64164.01,64183.03,64140.0,64150.0,72.55313
2026-08-18T09:45:00+00:00,64150.0,64185.48,64140.0,64171.95,57.29006
2026-08-18T10:00:00+00:00,64171.95,64203.82,64136.39,64153.32,50.02524
2026-08-18T10:15:00+00:00,64153.32,64176.0,64123.42,64159.66,77.11009
2026-08-18T10:30:00+00:00,64159.65,64216.0,64159.65,64188.19,41.41741
2026-08-18T10:45:00+00:00,64188.19,64210.01,64185.23,64202.8,51.19977
2026-08-18T11:00:00+00:00,64202.81,64338.93,64192.42,64323.56,117.22042
2026-08-18T11:15:00+00:00,64323.56,64375.4,64323.56,64374.03,81.54978
2026-08-18T11:30:00+00:00,64374.03,64392.0,64344.17,64385.2,57.29018
2026-08-18T11:45:00+00:00,64385.2,64402.35,64340.51,64351.19,54.46621
2026-08-18T12:00:00+00:00,64351.18,64355.64,64284.52,64296.62,52.85566
2026-08-18T12:15:00+00:00,64296.62,64330.06,64284.92,64298.01,37.54207
2026-08-18T12:30:00+00:00,64298.01,64305.55,64254.0,64254.01,93.51293
2026-08-18T12:45:00+00:00,64254.0,64254.0,64218.45,64230.02,53.03427
2026-08-18T13:00:00+00:00,64230.02,64230.02,64164.84,64196.01,79.63928
2026-08-18T13:15:00+00:00,64196.02,64196.02,64061.96,64073.72,178.52288
2026-08-18T13:30:00+00:00,64073.72,64250.03,64027.85,64192.82,660.82357
2026-08-18T13:45:00+00:00,64192.81,64284.0,64124.39,64219.99,260.80152
2026-08-18T14:00:00+00:00,64219.99,64379.3,64219.99,64261.76,158.79387
2026-08-18T14:15:00+00:00,64261.76,65052.39,64259.62,64995.07,913.32628
2026-08-18T14:30:00+00:00,64995.08,65058.81,64740.0,64786.0,479.12716
2026-08-18T14:45:00+00:00,64786.01,64846.83,64668.92,64714.16,206.06728
2026-08-18T15:00:00+00:00,64714.16,64808.0,64652.0,64743.78,138.76769
2026-08-18T15:15:00+00:00,64743.79,64837.45,64722.0,64807.43,128.61147
2026-08-18T15:30:00+00:00,64807.43,64875.02,64798.26,64820.36,126.95891
2026-08-18T15:45:00+00:00,64820.37,64888.0,64800.1,64855.06,118.83656
2026-08-18T16:00:00+00:00,64855.06,64891.81,64744.0,64750.0,101.18823
2026-08-18T16:15:00+00:00,64750.01,64750.26,64696.83,64704.0,68.36418
2026-08-18T16:30:00+00:00,64704.0,64818.0,64675.5,64781.04,133.73348
2026-08-18T16:45:00+00:00,64781.03,64870.89,64780.33,64840.0,115.785
2026-08-18T17:00:00+00:00,64840.0,64840.01,64770.2,64798.82,120.70907
2026-08-18T17:15:00+00:00,64798.83,64822.33,64751.93,64822.33,101.20421
2026-08-18T17:30:00+00:00,64822.32,64825.99,64714.0,64725.4,123.34882
2026-08-18T17:45:00+00:00,64725.4,64728.55,64670.02,64670.02,54.92567
2026-08-18T18:00:00+00:00,64670.02,64734.99,64656.0,64734.34,68.868
2026-08-18T18:15:00+00:00,64734.34,64806.0,64727.99,64799.74,50.19907
2026-08-18T18:30:00+00:00,64799.75,64822.0,64760.0,64760.01,53.51354
2026-08-18T18:45:00+00:00,64760.0,64800.0,64753.52,64772.0,46.80899
2026-08-18T19:00:00+00:00,64771.99,64772.0,64716.0,64719.31,42.19589
2026-08-18T19:15:00+00:00,64719.31,64796.0,64705.89,64779.62,35.4703
2026-08-18T19:30:00+00:00,64779.62,64779.63,64676.0,64676.0,47.05733
2026-08-18T19:45:00+00:00,64676.0,64683.41,64642.36,64643.26,60.37502
2026-08-18T20:00:00+00:00,64643.27,64654.87,64592.0,64653.35,52.99588
2026-08-18T20:15:00+00:00,64653.35,64653.35,64614.1,64614.1,34.02827
2026-08-18T20:30:00+00:00,64614.11,64647.99,64601.05,64611.04,32.49577
2026-08-18T20:45:00+00:00,64611.04,64617.64,64568.0,64582.39,72.40089
2026-08-18T21:00:00+00:00,64582.38,64653.97,64582.38,64624.38,32.75072
2026-08-18T21:15:00+00:00,64624.38,64624.38,64607.68,64624.38,53.14028
2026-08-18T21:30:00+00:00,64624.38,64624.38,64571.48,64583.37,56.53466
2026-08-18T21:45:00+00:00,64583.37,64612.46,64577.32,64604.58,45.24659
2026-08-18T22:00:00+00:00,64604.58,64608.0,64568.77,64571.96,44.43234
2026-08-18T22:15:00+00:00,64571.96,64604.0,64562.25,64592.13,42.92879
2026-08-18T22:30:00+00:00,64592.14,64648.0,64592.13,64637.69,52.74342
2026-08-18T22:45:00+00:00,64637.7,64637.7,64601.8,64634.0,59.98967
2026-08-18T23:00:00+00:00,64634.0,64710.75,64631.15,64696.25,84.70299
2026-08-18T23:15:00+00:00,64696.25,64732.0,64696.24,64722.81,27.25081
2026-08-18T23:30:00+00:00,64722.81,64775.43,64722.8,64773.35,42.58166
2026-08-18T23:45:00+00:00,64773.34,64780.0,64725.41,64725.42,59.32334
2026-08-19T00:00:00+00:00,64725.42,64736.27,64582.97,64582.97,82.41993
2026-08-19T00:15:00+00:00,64582.97,64668.0,64548.0,64603.79,63.2309
2026-08-19T00:30:00+00:00,64603.79,64654.1,64549.0,64563.1,41.53524
2026-08-19T00:45:00+00:00,64563.1,64581.41,64488.0,64488.0,60.61911
2026-08-19T01:00:00+00:00,64488.0,64551.47,64436.0,64530.0,129.87277
2026-08-19T01:15:00+00:00,64530.0,64530.0,64450.0,64487.16,73.7511
2026-08-19T01:30:00+00:00,64487.16,64490.0,64396.0,64415.72,57.60006
2026-08-19T01:45:00+00:00,64415.71,64440.56,64389.27,64400.48,53.05747
2026-08-19T02:00:00+00:00,64400.47,64413.01,64360.0,64405.44,196.21797
2026-08-19T02:15:00+00:00,64405.44,64413.86,64350.0,64389.71,159.54956
2026-08-19T02:30:00+00:00,64389.71,64408.04,64373.92,64385.51,70.2364
2026-08-19T02:45:00+00:00,64385.51,64414.65,64350.28,64351.9,121.93441
2026-08-19T03:00:00+00:00,64351.86,64357.55,64278.0,64348.65,95.22193
2026-08-19T03:15:00+00:00,64348.64,64414.0,64348.64,64361.78,81.99965
2026-08-19T03:30:00+00:00,64361.77,64361.78,64330.1,64339.19,40.96658
2026-08-19T03:45:00+00:00,64339.18,64370.36,64330.0,64330.71,40.51629
2026-08-19T04:00:00+00:00,64330.7,64330.7,64293.43,64314.55,45.84923
2026-08-19T04:15:00+00:00,64314.56,64391.8,64314.55,64359.27,39.42635
2026-08-19T04:30:00+00:00,64359.28,64376.29,64330.69,64350.0,278.38048
2026-08-19T04:45:00+00:00,64349.99,64371.97,64307.92,64316.22,38.41326
2026-08-19T05:00:00+00:00,64316.22,64409.93,64316.21,64406.13,87.60761
2026-08-19T05:15:00+00:00,64406.13,64406.14,64316.0,64360.6,60.09482
2026-08-19T05:30:00+00:00,64360.6,64360.6,64316.12,64316.13,41.83895
2026-08-19T05:45:00+00:00,64316.13,64317.16,64236.0,64236.01,68.7758
2026-08-19T06:00:00+00:00,64236.01,64249.04,64166.0,64176.59,77.58705
2026-08-19T06:15:00+00:00,64176.58,64303.46,64176.58,64277.52,82.01295
2026-08-19T06:30:00+00:00,64277.53,64293.8,64261.99,64270.0,139.04819
2026-08-19T06:45:00+00:00,64270.0,64344.0,64259.99,64339.8,232.74689
2026-08-19T07:00:00+00:00,64339.8,64394.74,64271.78,64363.57,382.78272
2026-08-19T07:15:00+00:00,64363.57,64366.0,64306.73,64342.58,125.9602
2026-08-19T07:30:00+00:00,64342.59,64395.78,64340.0,64364.31,72.99845
2026-08-19T07:45:00+00:00,64364.31,64374.0,64296.0,64296.0,48.92249
2026-08-19T08:00:00+00:00,64296.01,64325.93,64262.0,64262.0,121.55118
2026-08-19T08:15:00+00:00,64262.01,64288.0,64255.0,64288.0,66.65552
2026-08-19T08:30:00+00:00,64288.0,64510.95,64287.99,64450.12,133.20136
2026-08-19T08:45:00+00:00,64450.12,64473.58,64413.95,64413.95,59.82358
2026-08-19T09:00:00+00:00,64413.95,64470.66,64391.64,64391.64,99.4826
2026-08-19T09:15:00+00:00,64391.64,64416.0,64374.0,64382.99,52.65552
2026-08-19T09:30:00+00:00,64383.0,64395.61,64360.7,64365.09,48.91948
2026-08-19T09:45:00+00:00,64365.1,64427.07,64365.09,64427.06,27.1375
2026-08-19T10:00:00+00:00,64427.07,64427.07,64377.51,64389.96,41.23528
2026-08-19T10:15:00+00:00,64389.96,64398.07,64373.24,64397.02,35.2196
2026-08-19T10:30:00+00:00,64397.02,64422.17,64381.25,64409.75,122.62513
2026-08-19T10:45:00+00:00,64409.75,64456.71,64397.9,64456.71,63.7687
2026-08-19T11:00:00+00:00,64456.71,64539.05,64454.99,64506.88,108.10321
2026-08-19T11:15:00+00:00,64506.87,64526.71,64480.35,64506.78,66.717
2026-08-19T11:30:00+00:00,64506.78,64523.86,64461.54,64471.2,53.76498
2026-08-19T11:45:00+00:00,64471.2,64527.23,64471.19,64515.63,57.43709
2026-08-19T12:00:00+00:00,64515.62,64515.63,64474.86,64505.8,41.60567
2026-08-19T12:15:00+00:00,64505.81,64505.81,64488.63,64493.52,25.32499
2026-08-19T12:30:00+00:00,64493.53,64947.49,64481.59,64943.45,429.08273
2026-08-19T12:45:00+00:00,64943.42,64988.0,64826.35,64882.15,289.08512
2026-08-19T13:00:00+00:00,64882.15,64990.1,64793.29,64920.53,223.61563
2026-08-19T13:15:00+00:00,64920.54,65035.8,64918.43,65005.36,225.23277
2026-08-19T13:30:00+00:00,65005.37,65217.86,64808.0,65044.01,728.49717
2026-08-19T13:45:00+00:00,65044.01,65180.0,64986.22,65012.12,442.1217
2026-08-19T14:00:00+00:00,65012.12,65440.0,65012.11,65407.43,628.20672
2026-08-19T14:15:00+00:00,65407.43,65473.0,65322.17,65410.89,408.29931
2026-08-19T14:30:00+00:00,65410.89,65505.48,65350.0,65456.96,422.81654
2026-08-19T14:45:00+00:00,65456.97,65970.0,65446.0,65923.21,906.24536
2026-08-19T15:00:00+00:00,65923.21,66799.66,65892.0,66654.0,1528.05429
2026-08-19T15:15:00+00:00,66654.0,69500.0,66583.22,68291.89,4033.64668
2026-08-19T15:30:00+00:00,68292.16,68865.82,67718.27,68679.98,2600.2645
2026-08-19T15:45:00+00:00,68679.62,68686.34,68234.19,68554.0,1100.90418
2026-08-19T16:00:00+00:00,68554.0,68997.0,68525.45,68565.53,684.45052
2026-08-19T16:15:00+00:00,68565.54,68921.42,68565.53,68892.66,486.12812
2026-08-19T16:30:00+00:00,68892.66,68892.67,68551.16,68589.64,311.19437
2026-08-19T16:45:00+00:00,68589.64,68704.14,68416.36,68465.27,531.81217
2026-08-19T17:00:00+00:00,68465.26,68546.22,68224.0,68242.39,619.64715
2026-08-19T17:15:00+00:00,68242.38,68314.85,67836.01,68005.9,496.54541
2026-08-19T17:30:00+00:00,68005.91,68052.06,67825.03,68045.35,324.30335
2026-08-19T17:45:00+00:00,68045.35,68261.4,68044.78,68197.29,267.96894
2026-08-19T18:00:00+00:00,68197.3,68250.76,68042.0,68193.4,246.05026
2026-08-19T18:15:00+00:00,68193.4,68320.75,68177.96,68279.63,124.6609
2026-08-19T18:30:00+00:00,68279.63,68434.0,68225.29,68431.41,130.37511
2026-08-19T18:45:00+00:00,68431.42,68453.43,68322.0,68395.99,124.92661
2026-08-19T19:00:00+00:00,68396.0,68453.86,68103.71,68122.01,222.24135
2026-08-19T19:15:00+00:00,68122.01,68392.0,68122.0,68181.99,164.41515
2026-08-19T19:30:00+00:00,68181.99,68417.81,68130.0,68399.99,207.45144
2026-08-19T19:45:00+00:00,68399.99,68483.52,68367.33,68429.44,136.41602
2026-08-19T20:00:00+00:00,68429.44,68706.71,68390.0,68683.99,227.04515
2026-08-19T20:15:00+00:00,68683.99,68813.46,68556.0,68702.02,183.22786
2026-08-19T20:30:00+00:00,68702.01,68799.63,68647.1,68671.35,123.77445
2026-08-19T20:45:00+00:00,68671.35,69579.99,68624.0,69048.06,885.18803
2026-08-19T21:00:00+00:00,69048.06,69910.37,68984.78,69434.0,911.57982
2026-08-19T21:15:00+00:00,69433.99,69760.0,69266.0,69639.28,295.39422
2026-08-19T21:30:00+00:00,69639.28,69842.73,69384.0,69671.99,292.61584
2026-08-19T21:45:00+00:00,69672.0,70000.0,69500.0,69709.46,602.93674
2026-08-19T22:00:00+00:00,69709.47,69833.99,69304.35,69304.35,432.43422
2026-08-19T22:15:00+00:00,69304.35,69405.52,69143.7,69144.01,238.99336
2026-08-19T22:30:00+00:00,69144.0,69473.14,68980.0,69344.93,323.75288
2026-08-19T22:45:00+00:00,69344.92,69344.93,69105.75,69258.9,245.47598
2026-08-19T23:00:00+00:00,69258.9,69407.5,69213.39,69356.87,259.61375
2026-08-19T23:15:00+00:00,69356.87,69453.88,69270.0,69369.06,218.79966
2026-08-19T23:30:00+00:00,69369.07,69389.58,69239.54,69317.98,225.36199
2026-08-19T23:45:00+00:00,69317.99,69334.79,69160.0,69334.79,127.04304
2026-08-20T00:00:00+00:00,69334.78,69665.84,69314.01,69572.72,607.94031
2026-08-20T00:15:00+00:00,69572.86,69793.21,69566.0,69629.96,257.87922
2026-08-20T00:30:00+00:00,69629.95,69696.0,69480.99,69571.98,258.75873
2026-08-20T00:45:00+00:00,69571.98,69715.17,69382.0,69420.0,267.93076
2026-08-20T01:00:00+00:00,69420.0,69516.0,69289.09,69382.01,223.65435
2026-08-20T01:15:00+00:00,69382.0,69440.0,69283.25,69330.0,190.00997
2026-08-20T01:30:00+00:00,69329.99,69638.0,69294.07,69634.0,184.77283
2026-08-20T01:45:00+00:00,69633.99,69894.5,69633.99,69721.92,265.80244
2026-08-20T02:00:00+00:00,69721.92,69824.0,69572.03,69678.0,358.42978
2026-08-20T02:15:00+00:00,69677.99,69700.58,69488.0,69510.01,197.47532
2026-08-20T02:30:00+00:00,69510.0,69544.0,69320.0,69320.01,189.31287
2026-08-20T02:45:00+00:00,69320.01,69366.17,69268.0,69301.27,184.37311
2026-08-20T03:00:00+00:00,69301.27,69304.21,68902.22,68986.59,348.5335
2026-08-20T03:15:00+00:00,68986.58,69197.63,68942.0,68966.07,205.56507
2026-08-20T03:30:00+00:00,68966.08,69200.0,68966.07,69190.35,205.8544
2026-08-20T03:45:00+00:00,69190.36,69340.0,69159.44,69195.64,181.82327
2026-08-20T04:00:00+00:00,69195.64,69383.03,69166.0,69369.58,231.71253
2026-08-20T04:15:00+00:00,69369.57,69403.32,69296.46,69359.93,166.32592
2026-08-20T04:30:00+00:00,69359.93,69381.46,69234.0,69346.0,150.25368
2026-08-20T04:45:00+00:00,69346.01,69599.01,69346.01,69492.01,164.06939
2026-08-20T05:00:00+00:00,69492.0,69558.61,69465.08,69471.24,185.27721
2026-08-20T05:15:00+00:00,69471.23,69668.0,69450.49,69592.0,214.50531
2026-08-20T05:30:00+00:00,69592.01,69632.42,69520.4,69552.56,305.97425
2026-08-20T05:45:00+00:00,69552.55,69552.56,69349.16,69406.54,555.71938
2026-08-20T06:00:00+00:00,69406.53,69435.26,69350.49,69370.48,639.97047
2026-08-20T06:15:00+00:00,69370.48,69694.0,69336.97,69600.09,327.28726
2026-08-20T06:30:00+00:00,69600.09,69793.63,69600.08,69782.8,194.29143
2026-08-20T06:45:00+00:00,69782.8,69927.97,69777.01,69851.99,184.92827
2026-08-20T07:00:00+00:00,69851.99,70022.0,69758.04,69804.0,586.8579
2026-08-20T07:15:00+00:00,69804.0,69804.01,69618.9,69692.43,136.59203
2026-08-20T07:30:00+00:00,69692.43,69692.43,69506.91,69602.56,717.47854
2026-08-20T07:45:00+00:00,69602.56,69816.45,69559.62,69816.45,666.21689
2026-08-20T08:00:00+00:00,69816.45,71365.02,69772.36,71300.01,1518.34479
2026-08-20T08:15:00+00:00,71300.0,71570.17,71019.67,71349.73,1175.22352
2026-08-20T08:30:00+00:00,71349.73,71667.04,71180.74,71508.62,746.9236
2026-08-20T08:45:00+00:00,71508.63,71826.26,71448.04,71592.1,733.35285
2026-08-20T09:00:00+00:00,71592.11,71979.75,71500.0,71940.52,797.8242
2026-08-20T09:15:00+00:00,71940.53,72067.46,71762.0,71828.74,1095.71539
2026-08-20T09:30:00+00:00,71828.74,72053.83,71732.92,72000.01,469.8404
2026-08-20T09:45:00+00:00,72000.0,72036.0,71678.66,71789.97,802.85326
2026-08-20T10:00:00+00:00,71789.97,72172.72,71686.58,72145.86,880.14033
2026-08-20T10:15:00+00:00,72145.86,72490.0,71975.13,72039.99,909.7412
2026-08-20T10:30:00+00:00,72039.99,72048.0,71766.0,71809.78,355.50533
2026-08-20T10:45:00+00:00,71809.79,71995.99,71809.79,71995.99,205.57774
2026-08-20T11:00:00+00:00,71995.99,72147.54,71837.56,71983.99,399.01986
2026-08-20T11:15:00+00:00,71983.99,72043.93,71872.08,71898.19,322.83743
2026-08-20T11:30:00+00:00,71898.19,72322.0,71862.77,72154.01,407.44888
2026-08-20T11:45:00+00:00,72154.01,72284.75,71820.0,71927.07,228.27862
2026-08-20T12:00:00+00:00,71927.07,71983.06,71501.0,71792.11,509.42244
2026-08-20T12:15:00+00:00,71792.11,71884.19,71690.36,71844.76,405.20636
2026-08-20T12:30:00+00:00,71844.76,72015.42,71660.0,71686.0,363.83001
2026-08-20T12:45:00+00:00,71686.0,71954.0,71502.94,71952.04,298.40521
2026-08-20T13:00:00+00:00,71952.04,72108.8,71899.86,72052.85,352.88569
2026-08-20T13:15:00+00:00,72052.85,72052.85,71847.74,71964.87,374.4334
2026-08-20T13:30:00+00:00,71964.87,71964.87,71132.0,71672.93,1004.89423
2026-08-20T13:45:00+00:00,71672.93,71843.65,71442.85,71691.99,419.69528
2026-08-20T14:00:00+00:00,71692.0,71990.09,71615.98,71822.01,471.29797
2026-08-20T14:15:00+00:00,71822.01,71828.0,71364.01,71450.16,385.83644
2026-08-20T14:30:00+00:00,71450.16,71717.14,71416.0,71548.0,333.62241
2026-08-20T14:45:00+00:00,71548.0,71830.0,71416.0,71826.85,250.28489
2026-08-20T15:00:00+00:00,71826.85,72564.01,71789.01,72246.95,1040.66842
2026-08-20T15:15:00+00:00,72246.94,72414.0,71978.53,72413.99,657.6912
2026-08-20T15:30:00+00:00,72414.0,72830.0,72174.97,72247.34,737.5102
2026-08-20T15:45:00+00:00,72247.35,72570.0,72170.0,72470.83,490.86538
2026-08-20T16:00:00+00:00,72470.84,72508.0,72275.17,72308.97,411.85389
2026-08-20T16:15:00+00:00,72308.97,72417.29,72205.88,72406.83,208.33965
2026-08-20T16:30:00+00:00,72406.82,72693.21,72284.0,72630.89,305.99924
2026-08-20T16:45:00+00:00,72630.89,72905.0,72517.22,72837.15,398.21108
2026-08-20T17:00:00+00:00,72837.15,72876.0,72534.71,72692.0,455.54777
2026-08-20T17:15:00+00:00,72692.0,72843.36,72566.0,72810.0,246.80448
2026-08-20T17:30:00+00:00,72810.01,72859.13,72666.0,72762.0,276.56835
2026-08-20T17:45:00+00:00,72761.99,72966.0,72716.0,72737.5,289.49891
2026-08-20T18:00:00+00:00,72737.51,72810.0,72470.0,72617.78,283.07131
2026-08-20T18:15:00+00:00,72617.78,72741.52,72488.09,72688.0,196.48731
2026-08-20T18:30:00+00:00,72688.01,72700.0,72394.0,72501.42,303.19854
2026-08-20T18:45:00+00:00,72501.43,72622.0,72418.0,72431.36,185.24946
2026-08-20T19:00:00+00:00,72431.35,72508.0,72330.0,72484.61,196.78556
2026-08-20T19:15:00+00:00,72484.61,72637.34,72476.74,72610.0,191.7649
2026-08-20T19:30:00+00:00,72610.01,72774.0,72544.98,72719.54,216.20445
2026-08-20T19:45:00+00:00,72719.53,72750.43,72588.0,72690.76,213.89593
2026-08-20T20:00:00+00:00,72690.76,72786.0,72630.19,72695.87,188.458
2026-08-20T20:15:00+00:00,72695.86,72919.44,72630.0,72830.0,169.47344
2026-08-20T20:30:00+00:00,72830.0,73110.7,72706.0,72763.99,379.98598
2026-08-20T20:45:00+00:00,72764.0,72792.36,72594.0,72671.75,133.7021
2026-08-20T21:00:00+00:00,72671.76,72701.87,72557.0,72701.87,203.95865
2026-08-20T21:15:00+00:00,72701.87,72848.0,72651.65,72655.45,126.09784
2026-08-20T21:30:00+00:00,72655.45,72837.16,72655.44,72742.0,105.27348
2026-08-20T21:45:00+00:00,72742.0,72776.0,72710.0,72741.81,66.54507
2026-08-20T22:00:00+00:00,72741.81,72754.62,72498.0,72610.0,148.94183
2026-08-20T22:15:00+00:00,72610.01,72827.74,72562.0,72792.0,102.96136
2026-08-20T22:30:00+00:00,72791.99,72804.0,72678.0,72692.73,102.46679
2026-08-20T22:45:00+00:00,72692.74,72878.0,72674.0,72676.22,165.89328
2026-08-20T23:00:00+00:00,72676.23,72928.0,72664.56,72927.99,84.59787
2026-08-20T23:15:00+00:00,72927.99,73400.0,72906.0,73212.0,495.57117
2026-08-20T23:30:00+00:00,73212.0,73390.15,73073.57,73108.01,189.03299
2026-08-20T23:45:00+00:00,73108.01,73155.37,72981.31,73025.15,161.59887
2026-08-21T00:00:00+00:00,73027.02,73500.0,73027.02,73495.4,371.20282
2026-08-21T00:15:00+00:00,73495.41,73899.0,73356.0,73716.0,742.71487
2026-08-21T00:30:00+00:00,73716.0,73990.0,73530.85,73690.01,565.08119
2026-08-21T00:45:00+00:00,73690.0,73850.0,73588.24,73708.02,240.94117
2026-08-21T01:00:00+00:00,73707.82,73999.0,73668.0,73990.5,243.26233
2026-08-21T01:15:00+00:00,73990.5,74866.66,73960.0,74726.77,1158.06313
2026-08-21T01:30:00+00:00,74726.78,75045.2,74540.96,74744.04,667.52614
2026-08-21T01:45:00+00:00,74744.05,75785.82,74701.95,75129.23,1104.47787
2026-08-21T02:00:00+00:00,75129.23,75197.08,74681.88,74876.05,528.33092
2026-08-21T02:15:00+00:00,74876.05,74991.7,74652.95,74970.92,485.00668
2026-08-21T02:30:00+00:00,74970.92,75095.16,74574.81,74725.27,358.71417
2026-08-21T02:45:00+00:00,74725.62,74730.62,74384.63,74439.74,344.10309
2026-08-21T03:00:00+00:00,74439.75,74500.0,74247.46,74459.31,309.48666
2026-08-21T03:15:00+00:00,74459.31,74645.08,74316.99,74609.12,229.07675
2026-08-21T03:30:00+00:00,74609.12,74733.77,74442.83,74674.56,248.27201
2026-08-21T03:45:00+00:00,74674.55,74882.24,74500.0,74510.77,252.9653
2026-08-21T04:00:00+00:00,74510.77,74900.0,74510.77,74870.82,186.20671
2026-08-21T04:15:00+00:00,74870.83,74950.0,74787.5,74818.07,179.034
2026-08-21T04:30:00+00:00,74818.07,75000.0,74783.01,74958.93,201.21635
2026-08-21T04:45:00+00:00,74958.92,75054.46,74926.0,75026.0,259.05979
2026-08-21T05:00:00+00:00,75026.0,75365.23,74918.79,75325.98,264.4673
2026-08-21T05:15:00+00:00,75325.99,75500.0,75053.0,75200.82,330.03678
2026-08-21T05:30:00+00:00,75200.81,75386.0,75096.96,75277.51,259.67412
2026-08-21T05:45:00+00:00,75277.52,75472.73,75214.0,75472.73,284.50405
2026-08-21T06:00:00+00:00,75472.73,75524.0,75274.01,75289.6,325.99819
2026-08-21T06:15:00+00:00,75289.61,75511.33,75104.0,75342.01,293.44141
2026-08-21T06:30:00+00:00,75342.0,75753.0,75324.0,75394.97,500.75232
2026-08-21T06:45:00+00:00,75394.98,75660.95,75300.0,75646.21,261.90881
2026-08-21T07:00:00+00:00,75646.2,76013.5,75620.0,75969.99,538.07333
2026-08-21T07:15:00+00:00,75970.0,76916.95,75931.79,76410.38,1284.8595
2026-08-21T07:30:00+00:00,76410.37,76809.94,76300.0,76595.89,967.74655
2026-08-21T07:45:00+00:00,76595.88,76640.06,76199.48,76308.65,984.88495
2026-08-21T08:00:00+00:00,76308.66,77200.0,76235.76,76892.01,641.05435
2026-08-21T08:15:00+00:00,76892.01,77426.83,76852.32,77240.33,745.23862
2026-08-21T08:30:00+00:00,77240.33,77800.0,77179.06,77647.34,909.98033
2026-08-21T08:45:00+00:00,77647.34,79500.0,77582.0,79258.03,2070.19976
2026-08-21T09:00:00+00:00,79258.02,79363.79,77251.0,77883.87,2035.60607
2026-08-21T09:15:00+00:00,77883.88,77945.9,77465.26,77711.09,798.52481
2026-08-21T09:30:00+00:00,77711.1,78366.65,77626.0,78194.16,608.97158
2026-08-21T09:45:00+00:00,78194.16,78367.89,77577.01,77910.71,723.97571
2026-08-21T10:00:00+00:00,77910.71,78110.0,77621.8,78048.89,504.54403
2026-08-21T10:15:00+00:00,78048.9,78250.0,77666.37,77928.54,572.09976
2026-08-21T10:30:00+00:00,77928.54,77966.73,77625.01,77844.21,260.38773
2026-08-21T10:45:00+00:00,77844.21,78000.0,77744.0,77810.02,267.15232
2026-08-21T11:00:00+00:00,77810.01,77855.78,77338.65,77551.19,322.45954
2026-08-21T11:15:00+00:00,77551.2,77675.09,77240.0,77419.01,480.48474
2026-08-21T11:30:00+00:00,77419.01,77442.44,76411.38,76836.21,1000.5981
2026-08-21T11:45:00+00:00,76836.21,77024.0,76516.57,76722.32,584.19808
2026-08-21T12:00:00+00:00,76722.31,76999.99,76538.0,76912.29,844.65783
2026-08-21T12:15:00+00:00,76912.29,76912.29,76640.0,76680.5,597.68716
2026-08-21T12:30:00+00:00,76680.5,77437.99,76620.81,77428.01,817.28956
2026-08-21T12:45:00+00:00,77428.01,77477.24,77121.45,77223.66,420.54198
2026-08-21T13:00:00+00:00,77223.66,77397.83,77051.4,77194.0,259.28519
2026-08-21T13:15:00+00:00,77194.0,77206.21,76846.0,77083.93,509.92131
2026-08-21T13:30:00+00:00,77083.94,77325.51,76243.04,77308.0,724.50457
2026-08-21T13:45:00+00:00,77308.0,77700.0,77116.59,77266.87,528.80199
2026-08-21T14:00:00+00:00,77266.88,77266.88,76701.0,76764.01,547.01595
2026-08-21T14:15:00+00:00,76764.01,77200.0,76552.74,77067.99,607.75596
2026-08-21T14:30:00+00:00,77067.99,77235.95,76856.16,77143.99,381.37109
2026-08-21T14:45:00+00:00,77143.99,77448.26,77124.0,77384.68,319.62073
2026-08-21T15:00:00+00:00,77384.69,77794.0,77328.0,77703.03,395.07002
2026-08-21T15:15:00+00:00,77703.04,77871.33,77524.0,77614.36,302.17575
2026-08-21T15:30:00+00:00,77614.36,77749.39,77487.98,77503.54,244.3111
2026-08-21T15:45:00+00:00,77503.54,77544.0,77170.0,77221.98,374.80888
2026-08-21T16:00:00+00:00,77221.98,77310.0,76858.57,76858.57,321.27712
2026-08-21T16:15:00+00:00,76858.57,77390.68,76784.81,77383.87,333.45206
2026-08-21T16:30:00+00:00,77383.88,77416.0,77239.63,77362.04,345.85614
2026-08-21T16:45:00+00:00,77362.04,77563.53,77318.0,77486.01,367.63441
2026-08-21T17:00:00+00:00,77486.01,77722.12,77468.46,77561.3,312.30592
2026-08-21T17:15:00+00:00,77561.3,77562.0,77189.95,77558.64,335.39507
2026-08-21T17:30:00+00:00,77558.64,77650.0,77349.34,77395.48,303.95154
2026-08-21T17:45:00+00:00,77395.49,77513.26,77324.0,77392.68,147.68603
2026-08-21T18:00:00+00:00,77392.69,77550.0,77278.62,77326.0,272.17379
2026-08-21T18:15:00+00:00,77326.01,77495.58,77266.0,77388.0,201.62072
2026-08-21T18:30:00+00:00,77388.0,77462.3,76860.32,76945.99,360.87194
2026-08-21T18:45:00+00:00,76946.0,77146.0,76643.72,77146.0,412.73053
2026-08-21T19:00:00+00:00,77145.99,77195.76,76856.2,77145.46,286.43828
2026-08-21T19:15:00+00:00,77145.47,77349.35,76973.72,77322.81,269.05439
2026-08-21T19:30:00+00:00,77322.8,77360.0,77106.45,77174.0,261.49526
2026-08-21T19:45:00+00:00,77173.99,77273.76,77014.32,77028.94,334.35006
2026-08-21T20:00:00+00:00,77028.94,77321.98,76863.56,77275.02,296.44017
2026-08-21T20:15:00+00:00,77275.03,77548.99,77275.03,77490.0,256.58164
2026-08-21T20:30:00+00:00,77489.99,77545.77,77354.0,77474.01,206.61439
2026-08-21T20:45:00+00:00,77474.01,77543.4,77316.0,77520.19,145.85388
2026-08-21T21:00:00+00:00,77520.19,77814.99,77388.0,77690.01,218.24297
2026-08-21T21:15:00+00:00,77690.01,78203.38,77588.0,78090.0,345.02528
2026-08-21T21:30:00+00:00,78090.0,78500.0,78000.0,78240.71,454.08258
2026-08-21T21:45:00+00:00,78240.72,78675.1,78233.0,78505.15,334.62891
2026-08-21T22:00:00+00:00,78505.14,78760.68,78178.59,78749.86,371.22535
2026-08-21T22:15:00+00:00,78749.85,78749.85,78349.99,78499.84,250.42802
2026-08-21T22:30:00+00:00,78499.84,78582.15,78081.8,78514.01,229.55113
2026-08-21T22:45:00+00:00,78514.0,78618.0,78238.85,78460.14,171.6176
2026-08-21T23:00:00+00:00,78460.13,78618.0,78344.0,78550.0,214.83741
2026-08-21T23:15:00+00:00,78550.0,78720.0,78360.0,78409.45,311.00882
2026-08-21T23:30:00+00:00,78409.44,78507.99,78100.26,78389.0,165.1275
2026-08-21T23:45:00+00:00,78389.0,78404.0,78136.0,78338.03,130.62291
2026-08-22T00:00:00+00:00,78338.03,78500.0,77738.0,77909.02,292.53621
2026-08-22T00:15:00+00:00,77909.02,78105.9,77864.0,77919.99,134.23396
2026-08-22T00:30:00+00:00,77919.99,78059.99,77755.05,77832.85,160.72623
2026-08-22T00:45:00+00:00,77832.84,77988.0,77683.37,77953.3,234.60975
2026-08-22T01:00:00+00:00,77953.3,78197.99,77908.0,78110.7,135.43714
2026-08-22T01:15:00+00:00,78110.71,78168.1,77902.0,78016.0,106.30246
2026-08-22T01:30:00+00:00,78016.0,78234.0,77896.51,77923.91,219.43364
2026-08-22T01:45:00+00:00,77923.9,78014.0,77816.66,77830.01,151.78719
2026-08-22T02:00:00+00:00,77830.01,78113.89,77791.19,78058.01,145.94573
2026-08-22T02:15:00+00:00,78058.01,78473.72,78048.0,78398.0,187.69134
2026-08-22T02:30:00+00:00,78398.0,78519.99,78172.0,78510.26,313.21107
2026-08-22T02:45:00+00:00,78510.25,78563.83,78320.92,78470.0,318.32079
2026-08-22T03:00:00+00:00,78470.0,78696.25,78380.0,78394.21,207.46507
2026-08-22T03:15:00+00:00,78394.21,78797.99,78372.0,78768.01,187.12876
2026-08-22T03:30:00+00:00,78768.01,78828.15,78561.38,78647.58,180.24731
2026-08-22T03:45:00+00:00,78647.57,78685.28,78394.01,78410.98,159.96196
2026-08-22T04:00:00+00:00,78410.98,78466.86,78244.6,78397.05,168.81729
2026-08-22T04:15:00+00:00,78397.06,78590.43,78207.61,78590.42,154.87258
2026-08-22T04:30:00+00:00,78590.43,78818.0,78522.0,78660.9,226.64137
2026-08-22T04:45:00+00:00,78660.89,78686.0,78456.0,78470.0,188.02181
2026-08-22T05:00:00+00:00,78470.0,78584.0,76500.0,77336.61,1918.97923
2026-08-22T05:15:00+00:00,77336.61,77549.52,76724.68,77305.15,1123.4272
2026-08-22T05:30:00+00:00,77305.15,77571.29,76920.62,77175.88,522.45245
2026-08-22T05:45:00+00:00,77175.88,77508.96,77074.31,77380.75,251.49312
2026-08-22T06:00:00+00:00,77380.75,77454.18,77150.01,77181.07,187.66746
2026-08-22T06:15:00+00:00,77181.07,77399.51,77181.07,77245.6,215.59003
2026-08-22T06:30:00+00:00,77245.6,77572.16,76985.14,77394.6,260.97141
2026-08-22T06:45:00+00:00,77394.61,77541.19,77383.45,77486.09,174.08369
2026-08-22T07:00:00+00:00,77486.09,77669.28,77278.0,77375.3,225.19627
2026-08-22T07:15:00+00:00,77375.3,77488.3,77220.0,77485.44,132.02587
2026-08-22T07:30:00+00:00,77485.44,77506.0,77302.0,77418.24,156.90093
2026-08-22T07:45:00+00:00,77418.24,77442.0,77274.4,77289.18,120.22646
2026-08-22T08:00:00+00:00,77289.18,77435.34,77194.0,77424.28,182.9814
2026-08-22T08:15:00+00:00,77424.28,77445.6,77115.33,77226.0,217.51144
2026-08-22T08:30:00+00:00,77226.01,77322.0,77037.42,77297.52,298.13707
2026-08-22T08:45:00+00:00,77297.52,77297.53,77117.11,77210.55,171.84618
2026-08-22T09:00:00+00:00,77210.55,77376.05,77050.0,77376.04,334.30793
2026-08-22T09:15:00+00:00,77376.05,77395.04,77176.46,77222.35,322.30648
2026-08-22T09:30:00+00:00,77222.35,77261.81,77158.0,77203.45,110.31533
2026-08-22T09:45:00+00:00,77203.45,77203.46,76851.25,77061.99,322.38014
2026-08-22T10:00:00+00:00,77062.0,77088.92,76680.0,76714.41,265.71501
2026-08-22T10:15:00+00:00,76714.42,76946.0,76533.87,76934.02,402.95067
2026-08-22T10:30:00+00:00,76934.02,77177.49,76870.0,77167.17,145.47001
2026-08-22T10:45:00+00:00,77167.18,77187.46,76884.85,76976.0,244.70005
2026-08-22T11:00:00+00:00,76976.01,77062.0,76822.0,76863.56,148.87262
2026-08-22T11:15:00+00:00,76863.56,76999.7,76772.05,76987.23,224.73768
2026-08-22T11:30:00+00:00,76987.22,77190.22,76946.89,77175.01,201.80362
2026-08-22T11:45:00+00:00,77175.02,77204.68,77061.81,77130.02,153.96611
2026-08-22T12:00:00+00:00,77130.01,77284.21,77073.86,77242.62,133.82008
2026-08-22T12:15:00+00:00,77242.63,77341.3,77199.72,77330.01,222.45132
2026-08-22T12:30:00+00:00,77330.01,77344.0,77208.13,77344.0,80.82925
2026-08-22T12:45:00+00:00,77344.0,77387.99,77258.0,77300.27,92.74347
2026-08-22T13:00:00+00:00,77300.27,77310.29,77194.55,77225.91,78.88189
2026-08-22T13:15:00+00:00,77225.92,77252.0,77126.03,77170.86,140.18881
2026-08-22T13:30:00+00:00,77170.86,77185.99,77116.0,77150.0,107.76412
2026-08-22T13:45:00+00:00,77149.99,77362.03,77149.99,77288.62,144.75258
2026-08-22T14:00:00+00:00,77288.62,77305.14,76949.56,77030.01,169.45595
2026-08-22T14:15:00+00:00,77030.0,77093.22,76957.82,77093.21,82.27323
2026-08-22T14:30:00+00:00,77093.22,77163.53,76960.0,76960.0,160.31735
2026-08-22T14:45:00+00:00,76960.01,77081.73,76930.0,77003.62,122.00359
2026-08-22T15:00:00+00:00,77003.62,77086.56,76944.77,76944.77,109.90016
2026-08-22T15:15:00+00:00,76944.77,77033.43,76880.0,76992.01,149.91735
2026-08-22T15:30:00+00:00,76992.0,77100.77,76989.79,77060.01,78.3403
2026-08-22T15:45:00+00:00,77060.0,77091.91,76922.0,76978.83,127.12981
2026-08-22T16:00:00+00:00,76978.83,77066.25,76956.36,77053.38,123.41156
2026-08-22T16:15:00+00:00,77053.39,77232.0,77046.8,77198.0,116.3976
2026-08-22T16:30:00+00:00,77198.0,77460.0,77150.45,77395.88,164.44212
2026-08-22T16:45:00+00:00,77395.87,77547.96,77288.0,77288.01,133.26931
2026-08-22T17:00:00+00:00,77288.01,77334.86,77240.0,77275.02,123.459
2026-08-22T17:15:00+00:00,77275.03,77334.57,77066.66,77084.94,74.55717
2026-08-22T17:30:00+00:00,77084.95,77220.75,77084.95,77220.74,59.4056
2026-08-22T17:45:00+00:00,77220.74,77369.99,77220.73,77278.01,110.47094
2026-08-22T18:00:00+00:00,77278.01,77360.92,77207.09,77240.25,84.19048
2026-08-22T18:15:00+00:00,77240.24,77344.0,77240.24,77295.99,41.34705
2026-08-22T18:30:00+00:00,77295.99,77320.0,77220.81,77227.9,59.95543
2026-08-22T18:45:00+00:00,77227.9,77257.87,77138.0,77257.86,60.84085
2026-08-22T19:00:00+00:00,77257.87,77337.72,77206.53,77329.77,84.65495
2026-08-22T19:15:00+00:00,77329.78,77337.69,77254.0,77281.98,66.27528
2026-08-22T19:30:00+00:00,77281.97,77422.0,77281.97,77422.0,45.47809
2026-08-22T19:45:00+00:00,77422.0,77469.64,77410.07,77418.25,64.00821
2026-08-22T20:00:00+00:00,77418.26,77467.53,77366.02,77412.25,69.68961
2026-08-22T20:15:00+00:00,77412.25,77428.1,77298.15,77298.15,118.99388
2026-08-22T20:30:00+00:00,77298.16,77408.0,77258.0,77352.18,98.76031
2026-08-22T20:45:00+00:00,77352.19,77374.62,77264.5,77311.69,64.24663
2026-08-22T21:00:00+00:00,77311.69,77311.69,77026.0,77048.0,112.92012
2026-08-22T21:15:00+00:00,77048.01,77206.8,77048.01,77183.47,60.96733
2026-08-22T21:30:00+00:00,77183.46,77196.03,76924.28,77030.33,143.42423
2026-08-22T21:45:00+00:00,77030.33,77030.33,76828.78,76856.01,155.23026
2026-08-22T22:00:00+00:00,76856.0,77155.46,76772.0,77101.69,204.8443
2026-08-22T22:15:00+00:00,77101.68,77154.01,77042.46,77048.2,172.94392
2026-08-22T22:30:00+00:00,77048.21,77090.01,76876.0,77070.01,402.71159
2026-08-22T22:45:00+00:00,77070.01,77148.0,76958.1,76997.76,153.48333
2026-08-22T23:00:00+00:00,76997.77,77084.23,76946.46,76974.79,190.45579
2026-08-22T23:15:00+00:00,76974.79,77021.57,76939.99,76939.99,90.71428
2026-08-22T23:30:00+00:00,76940.0,77034.0,76900.0,77022.58,99.98829
2026-08-22T23:45:00+00:00,77022.58,77126.53,77008.0,77074.93,61.79418
2026-08-23T00:00:00+00:00,77074.94,77143.94,77042.91,77080.01,68.37339
2026-08-23T00:15:00+00:00,77080.01,77250.0,77055.99,77227.91,62.58045
2026-08-23T00:30:00+00:00,77227.91,77356.0,77227.9,77282.47,110.73133
2026-08-23T00:45:00+00:00,77282.47,77359.53,77256.0,77302.65,180.96278
2026-08-23T01:00:00+00:00,77302.65,77400.0,77172.0,77399.99,98.77653
2026-08-23T01:15:00+00:00,77400.0,77400.0,77260.0,77268.09,44.60617
2026-08-23T01:30:00+00:00,77268.09,77318.26,77169.08,77253.04,76.90853
2026-08-23T01:45:00+00:00,77253.04,77329.42,77158.0,77190.29,95.64337
2026-08-23T02:00:00+00:00,77190.29,77211.08,77050.01,77050.02,89.43611
2026-08-23T02:15:00+00:00,77050.02,77125.02,77005.88,77114.47,59.30815
2026-08-23T02:30:00+00:00,77114.48,77207.3,77114.47,77175.95,47.69068
2026-08-23T02:45:00+00:00,77175.96,77232.55,77064.22,77079.46,76.01127
2026-08-23T03:00:00+00:00,77079.46,77114.0,77002.39,77083.77,137.51506
2026-08-23T03:15:00+00:00,77083.78,77136.78,76988.0,76988.01,90.91221
2026-08-23T03:30:00+00:00,76988.0,76988.01,76837.0,76849.99,163.99909
2026-08-23T03:45:00+00:00,76849.99,76985.01,76849.99,76927.87,149.61156
2026-08-23T04:00:00+00:00,76927.87,77025.99,76706.45,77004.3,283.86959
2026-08-23T04:15:00+00:00,77004.31,77036.58,76795.83,76961.8,137.07866
2026-08-23T04:30:00+00:00,76961.81,76974.0,76812.16,76821.23,269.69933
2026-08-23T04:45:00+00:00,76821.23,76823.4,76477.04,76602.0,451.66619
2026-08-23T05:00:00+00:00,76602.0,76730.99,75810.01,75889.21,732.76335
2026-08-23T05:15:00+00:00,75889.21,76315.2,75545.67,76228.07,798.08191
2026-08-23T05:30:00+00:00,76228.07,76333.83,76100.0,76166.88,242.14191
2026-08-23T05:45:00+00:00,76166.88,76247.08,76030.0,76053.37,248.53751
2026-08-23T06:00:00+00:00,76053.38,76148.0,75872.89,76078.02,257.61426
2026-08-23T06:15:00+00:00,76078.01,76302.4,76069.11,76226.0,238.85652
2026-08-23T06:30:00+00:00,76226.0,76357.51,76176.79,76254.89,155.22348
2026-08-23T06:45:00+00:00,76254.9,76270.76,76025.4,76096.95,136.75066
2026-08-23T07:00:00+00:00,76096.96,76318.0,76029.46,76299.99,125.37174
2026-08-23T07:15:00+00:00,76300.0,76345.31,76230.0,76230.01,89.54926
2026-08-23T07:30:00+00:00,76230.01,76231.68,76051.17,76058.72,109.56055
2026-08-23T07:45:00+00:00,76058.72,76148.0,75907.82,76007.13,173.93967
2026-08-23T08:00:00+00:00,76007.12,76300.0,75952.09,76206.13,339.76423
2026-08-23T08:15:00+00:00,76206.12,76299.0,76203.83,76236.35,150.90055
2026-08-23T08:30:00+00:00,76236.35,76654.78,76236.34,76519.75,188.04451
2026-08-23T08:45:00+00:00,76519.76,76612.39,76448.37,76486.49,94.78295
2026-08-23T09:00:00+00:00,76486.49,76639.99,76470.0,76579.18,95.61709
2026-08-23T09:15:00+00:00,76579.18,76605.32,76476.36,76556.01,67.55572
2026-08-23T09:30:00+00:00,76556.0,76576.39,76467.0,76564.5,83.29315
2026-08-23T09:45:00+00:00,76564.5,76640.21,76505.01,76549.98,99.9066
2026-08-23T10:00:00+00:00,76549.99,76732.36,76542.0,76656.55,146.50038
2026-08-23T10:15:00+00:00,76656.55,76923.52,76646.0,76757.53,180.40667
2026-08-23T10:30:00+00:00,76757.53,76924.29,76749.27,76856.67,115.66324
2026-08-23T10:45:00+00:00,76856.68,76877.19,76780.15,76790.35,91.14128
2026-08-23T11:00:00+00:00,76790.35,76892.0,76744.94,76883.38,88.17952
2026-08-23T11:15:00+00:00,76884.62,77314.0,76824.0,77170.0,343.54737
2026-08-23T11:30:00+00:00,77169.99,77393.69,77132.0,77283.25,212.81195
2026-08-23T11:45:00+00:00,77283.25,77400.0,77189.99,77311.02,140.28458
2026-08-23T12:00:00+00:00,77311.02,77311.99,76975.63,77080.02,266.37054
2026-08-23T12:15:00+00:00,77080.01,77127.72,77020.0,77047.83,55.79635
2026-08-23T12:30:00+00:00,77047.84,77248.0,77047.83,77238.1,83.41733
2026-08-23T12:45:00+00:00,77238.1,77260.0,77164.0,77206.0,41.01467
2026-08-23T13:00:00+00:00,77206.01,77341.35,77192.21,77338.87,104.18005
2026-08-23T13:15:00+00:00,77338.87,77765.8,77338.22,77438.77,572.23865
2026-08-23T13:30:00+00:00,77439.65,77629.0,77350.72,77522.0,139.92363
2026-08-23T13:45:00+00:00,77521.99,77564.0,77373.89,77487.62,139.58592
2026-08-23T14:00:00+00:00,77487.62,77617.89,77330.4,77552.72,146.63117
2026-08-23T14:15:00+00:00,77552.72,77640.58,77421.06,77452.55,154.64457
2026-08-23T14:30:00+00:00,77452.54,77487.99,76802.0,77025.14,500.57743
2026-08-23T14:45:00+00:00,77025.13,77315.01,77025.13,77186.0,213.83128
2026-08-23T15:00:00+00:00,77186.0,77336.93,77070.01,77170.0,210.26403
2026-08-23T15:15:00+00:00,77170.0,77244.0,76913.49,77199.99,190.77556
2026-08-23T15:30:00+00:00,77200.0,77324.71,77144.0,77282.01,102.36913
2026-08-23T15:45:00+00:00,77282.01,77282.01,77144.0,77156.13,58.75064
2026-08-23T16:00:00+00:00,77156.14,77303.31,77156.13,77277.66,50.54341
2026-08-23T16:15:00+00:00,77277.66,77328.0,77216.8,77327.99,83.25857
2026-08-23T16:30:00+00:00,77328.0,77440.42,77318.05,77388.0,101.85386
2026-08-23T16:45:00+00:00,77388.0,77475.0,77360.0,77429.88,67.58376
2026-08-23T17:00:00+00:00,77429.87,77443.95,77148.2,77283.26,118.734
2026-08-23T17:15:00+00:00,77283.26,77380.0,77196.18,77250.0,94.61673
2026-08-23T17:30:00+00:00,77250.0,77314.0,77161.81,77245.05,72.43921
2026-08-23T17:45:00+00:00,77245.05,77327.09,77176.41,77176.41,110.36993
2026-08-23T18:00:00+00:00,77176.41,77411.07,77116.0,77353.94,352.09173
2026-08-23T18:15:00+00:00,77353.95,77415.33,77275.18,77356.01,140.79873
2026-08-23T18:30:00+00:00,77356.01,77369.91,77311.95,77345.51,105.92373
2026-08-23T18:45:00+00:00,77345.51,77349.77,77261.16,77341.98,71.35775
2026-08-23T19:00:00+00:00,77341.99,77411.03,77255.99,77322.0,145.12498
2026-08-23T19:15:00+00:00,77322.0,77396.94,77300.83,77355.24,35.24449
2026-08-23T19:30:00+00:00,77355.25,77445.11,77257.99,77443.86,55.41926
2026-08-23T19:45:00+00:00,77443.86,77487.04,77329.27,77346.01,59.14985
2026-08-23T20:00:00+00:00,77346.0,77346.01,77200.03,77272.0,58.313
2026-08-23T20:15:00+00:00,77272.0,77410.43,77272.0,77387.19,36.98428
2026-08-23T20:30:00+00:00,77387.2,77460.0,77385.99,77428.01,40.1296
2026-08-23T20:45:00+00:00,77428.0,77434.89,77390.94,77401.6,34.55067
2026-08-23T21:00:00+00:00,77401.59,77709.87,77401.59,77697.68,157.84314
2026-08-23T21:15:00+00:00,77697.69,78052.85,77697.69,78024.18,352.48263
2026-08-23T21:30:00+00:00,78024.18,78037.99,77545.84,77622.0,218.31165
2026-08-23T21:45:00+00:00,77622.0,77864.26,77621.99,77833.23,132.9946
2026-08-23T22:00:00+00:00,77833.23,77979.0,77579.99,77703.56,252.43257
2026-08-23T22:15:00+00:00,77703.56,77808.0,77638.0,77668.0,116.80637
2026-08-23T22:30:00+00:00,77668.0,77727.16,77600.0,77648.01,104.89507
2026-08-23T22:45:00+00:00,77648.01,77704.79,77560.02,77598.88,113.23093
2026-08-23T23:00:00+00:00,77598.87,77622.86,77290.22,77470.6,189.00253
2026-08-23T23:15:00+00:00,77470.6,77670.0,77445.34,77667.51,132.43145
2026-08-23T23:30:00+00:00,77667.51,77829.7,77400.0,77483.99,215.76545
2026-08-23T23:45:00+00:00,77483.99,77793.85,77483.99,77734.0,124.00591
2026-08-24T00:00:00+00:00,77734.0,77742.0,77514.0,77627.9,121.25196
2026-08-24T00:15:00+00:00,77627.9,77643.88,77268.0,77432.0,179.93014
2026-08-24T00:30:00+00:00,77432.0,77597.84,77219.34,77236.04,143.81917
2026-08-24T00:45:00+00:00,77236.04,77679.51,77142.85,77679.5,185.62871
2026-08-24T01:00:00+00:00,77679.51,77717.28,77439.28,77439.29,171.13024
2026-08-24T01:15:00+00:00,77439.29,77464.29,77226.01,77246.01,175.49081
2026-08-24T01:30:00+00:00,77246.0,77368.0,77178.06,77213.99,169.89612
2026-08-24T01:45:00+00:00,77213.99,77264.0,76918.0,76922.1,336.95504
2026-08-24T02:00:00+00:00,76922.11,77420.0,76883.61,77372.0,275.00206
2026-08-24T02:15:00+00:00,77372.0,77509.05,77371.99,77447.93,143.80345
2026-08-24T02:30:00+00:00,77447.93,77545.08,77404.83,77453.04,102.66971
2026-08-24T02:45:00+00:00,77453.05,77528.52,77244.42,77478.69,210.96868
2026-08-24T03:00:00+00:00,77478.7,77532.37,77204.87,77204.92,453.9609
2026-08-24T03:15:00+00:00,77204.91,77273.0,77122.8,77122.81,320.50502
2026-08-24T03:30:00+00:00,77122.8,77161.36,76964.01,76987.01,384.89385
2026-08-24T03:45:00+00:00,76987.01,77152.0,76933.0,76933.02,288.13092
2026-08-24T04:00:00+00:00,76933.02,77091.16,76933.02,77009.01,409.11099
2026-08-24T04:15:00+00:00,77009.0,77247.12,77009.0,77208.45,180.32307
2026-08-24T04:30:00+00:00,77208.45,77219.85,77050.0,77098.94,157.61547
2026-08-24T04:45:00+00:00,77098.94,77122.01,76670.01,76897.44,444.31794
2026-08-24T05:00:00+00:00,76897.44,77208.6,76844.0,77208.6,288.35771
2026-08-24T05:15:00+00:00,77208.6,77226.93,76946.01,77055.03,214.64813
2026-08-24T05:30:00+00:00,77055.02,77181.72,76842.72,77079.22,204.72069
2026-08-24T05:45:00+00:00,77079.22,77177.33,76992.45,77149.4,176.79092
2026-08-24T06:00:00+00:00,77149.39,77435.64,77071.0,77396.01,259.06439
2026-08-24T06:15:00+00:00,77396.01,77470.23,77296.16,77360.91,210.81536
2026-08-24T06:30:00+00:00,77360.91,77382.7,77232.0,77351.9,125.09503
2026-08-24T06:45:00+00:00,77351.9,77525.09,77344.01,77464.33,151.00912
2026-08-24T07:00:00+00:00,77464.33,77790.19,77464.31,77760.0,216.12682
2026-08-24T07:15:00+00:00,77759.99,77760.0,77550.0,77593.27,113.24505
2026-08-24T07:30:00+00:00,77593.27,77593.28,77344.06,77344.06,161.79667
2026-08-24T07:45:00+00:00,77344.06,77425.34,77281.68,77307.15,190.16271
2026-08-24T08:00:00+00:00,77307.14,77414.88,77206.0,77248.97,154.68689
2026-08-24T08:15:00+00:00,77248.97,77248.97,76838.0,76923.67,440.19711
2026-08-24T08:30:00+00:00,76923.67,77129.97,76913.99,77129.97,161.87624
2026-08-24T08:45:00+00:00,77129.96,77145.07,77020.06,77041.47,164.7042
2026-08-24T09:00:00+00:00,77041.46,77306.87,77028.0,77288.25,101.14968
2026-08-24T09:15:00+00:00,77288.25,77420.0,77217.0,77418.79,186.92125
2026-08-24T09:30:00+00:00,77418.79,77510.09,77399.82,77467.96,94.50293
2026-08-24T09:45:00+00:00,77467.96,77602.8,77442.42,77554.08,140.43591
2026-08-24T10:00:00+00:00,77554.08,77885.23,77542.0,77846.42,298.83626
2026-08-24T10:15:00+00:00,77846.41,77946.34,77774.94,77858.35,304.38683
2026-08-24T10:30:00+00:00,77858.36,78017.0,77696.03,77726.31,340.9882
2026-08-24T10:45:00+00:00,77726.3,77827.79,77534.09,77617.22,168.87359
2026-08-24T11:00:00+00:00,77617.23,77854.0,77450.0,77819.05,188.24215
2026-08-24T11:15:00+00:00,77819.05,77896.0,77723.07,77835.23,148.21039
2026-08-24T11:30:00+00:00,77835.22,78569.99,77822.41,78568.7,682.36585
2026-08-24T11:45:00+00:00,78568.7,78600.0,78090.04,78443.65,305.64248
2026-08-24T12:00:00+00:00,78443.65,78451.69,78110.0,78154.0,280.24732
2026-08-24T12:15:00+00:00,78154.0,78517.27,77982.0,78460.01,334.43011
2026-08-24T12:30:00+00:00,78460.0,78882.0,78380.0,78729.26,496.75662
2026-08-24T12:45:00+00:00,78729.25,79326.48,78724.0,79159.99,747.40946
2026-08-24T13:00:00+00:00,79159.98,79450.0,78961.76,79223.01,650.25462
2026-08-24T13:15:00+00:00,79223.02,79238.53,78885.73,79023.99,787.78498
2026-08-24T13:30:00+00:00,79024.0,79049.36,78210.0,78288.4,1179.09017
2026-08-24T13:45:00+00:00,78288.4,78622.0,77851.9,78597.99,683.45431
2026-08-24T14:00:00+00:00,78597.99,79243.72,78597.99,79202.01,694.83802
2026-08-24T14:15:00+00:00,79202.0,79651.59,78883.01,79391.73,1126.98451
2026-08-24T14:30:00+00:00,79391.72,79841.12,79337.16,79662.16,952.99676
2026-08-24T14:45:00+00:00,79662.16,79773.77,79279.5,79510.92,455.32404
2026-08-24T15:00:00+00:00,79510.93,79733.58,79364.0,79548.83,346.57904
2026-08-24T15:15:00+00:00,79548.82,79989.0,79528.0,79895.88,734.61397
2026-08-24T15:30:00+00:00,79895.87,80000.0,79016.0,79298.3,1557.46923
2026-08-24T15:45:00+00:00,79298.3,79552.09,78824.78,79100.01,1027.51341
2026-08-24T16:00:00+00:00,79100.01,79539.27,79100.01,79488.0,593.23382
2026-08-24T16:15:00+00:00,79488.01,79877.87,79486.0,79668.0,402.15339
2026-08-24T16:30:00+00:00,79668.0,79771.91,79368.0,79371.01,236.78287
2026-08-24T16:45:00+00:00,79371.01,79389.97,78901.1,79047.6,645.11834
2026-08-24T17:00:00+00:00,79047.61,79198.0,78601.44,79103.97,705.83822
2026-08-24T17:15:00+00:00,79103.96,79173.92,78468.61,78546.0,499.52494
2026-08-24T17:30:00+00:00,78546.0,78851.25,78485.13,78635.96,265.61372
2026-08-24T17:45:00+00:00,78635.97,78825.99,78561.98,78761.14,166.95314
2026-08-24T18:00:00+00:00,78761.14,79018.0,78746.9,79012.0,230.45854
2026-08-24T18:15:00+00:00,79012.0,79077.4,78933.86,79013.99,195.16603
2026-08-24T18:30:00+00:00,79014.0,79084.22,78718.01,78968.0,200.36386
2026-08-24T18:45:00+00:00,78968.0,79080.0,78862.0,78928.35,157.8426
2026-08-24T19:00:00+00:00,78928.35,79118.42,78783.11,79030.0,270.02111
2026-08-24T19:15:00+00:00,79030.0,79045.99,78621.39,78875.95,235.76286
2026-08-24T19:30:00+00:00,78875.95,78962.54,78766.53,78886.0,226.4747
2026-08-24T19:45:00+00:00,78885.99,78892.0,78600.0,78758.0,330.80635
2026-08-24T20:00:00+00:00,78757.99,78820.0,78560.0,78686.07,148.78476
2026-08-24T20:15:00+00:00,78686.07,78792.0,78617.11,78695.56,77.96
2026-08-24T20:30:00+00:00,78695.55,78996.0,78637.95,78904.54,132.10005
2026-08-24T20:45:00+00:00,78904.53,78942.73,78824.0,78932.33,62.36486
2026-08-24T21:00:00+00:00,78932.33,79044.0,78932.32,79027.19,65.28231
2026-08-24T21:15:00+00:00,79027.19,79036.0,78853.43,78918.0,89.77017
2026-08-24T21:30:00+00:00,78918.0,79023.72,78918.0,78982.0,65.63414
2026-08-24T21:45:00+00:00,78982.0,79049.4,78922.0,78984.23,81.79003
2026-08-24T22:00:00+00:00,78984.23,78988.0,78833.33,78870.0,100.07774
2026-08-24T22:15:00+00:00,78870.0,78931.89,78753.43,78773.99,46.42852
2026-08-24T22:30:00+00:00,78774.0,78926.0,78740.44,78772.01,132.15907
2026-08-24T22:45:00+00:00,78772.0,78838.0,78692.0,78740.0,73.10493
2026-08-24T23:00:00+00:00,78740.0,78822.0,78622.13,78740.44,203.91671
2026-08-24T23:15:00+00:00,78740.44,78977.38,78739.99,78904.0,86.64923
2026-08-24T23:30:00+00:00,78904.01,78999.82,78867.17,78956.01,106.23522
2026-08-24T23:45:00+00:00,78956.01,79017.76,78823.03,78992.75,239.9183
2026-08-25T00:00:00+00:00,78992.76,79083.49,78900.83,78963.99,268.44561
2026-08-25T00:15:00+00:00,78963.99,78963.99,78715.63,78800.09,149.00254
2026-08-25T00:30:00+00:00,78800.08,79372.0,78743.32,79372.0,268.53518
2026-08-25T00:45:00+00:00,79372.0,79888.0,79336.91,79739.99,447.5113
2026-08-25T01:00:00+00:00,79739.99,79985.41,79609.84,79648.0,283.28204
2026-08-25T01:15:00+00:00,79648.0,79958.33,79478.0,79823.2,229.78106
2026-08-25T01:30:00+00:00,79823.19,79920.0,79670.27,79700.01,338.00551
2026-08-25T01:45:00+00:00,79700.01,79846.0,79512.0,79828.0,216.16558
2026-08-25T02:00:00+00:00,79828.0,79930.0,79742.0,79867.99,351.07489
2026-08-25T02:15:00+00:00,79868.0,81090.0,79826.0,81010.01,1883.65128
2026-08-25T02:30:00+00:00,81010.0,81272.62,80776.0,80827.01,629.44568
2026-08-25T02:45:00+00:00,80827.01,80866.0,80433.83,80649.63,450.73347
2026-08-25T03:00:00+00:00,80649.62,80956.0,80590.67,80791.98,381.23825
2026-08-25T03:15:00+00:00,80791.98,80820.0,80508.76,80636.69,367.34627
2026-08-25T03:30:00+00:00,80636.69,80880.17,80544.0,80592.0,322.48114
2026-08-25T03:45:00+00:00,80592.0,80674.0,80314.31,80488.01,288.4251
2026-08-25T04:00:00+00:00,80488.01,80608.0,80266.0,80496.13,215.112
2026-08-25T04:15:00+00:00,80496.13,80498.65,80233.62,80256.0,278.36729
2026-08-25T04:30:00+00:00,80256.0,80391.14,80150.0,80237.25,233.25612
2026-08-25T04:45:00+00:00,80237.25,80363.74,80214.18,80363.73,172.0767
2026-08-25T05:00:00+00:00,80363.74,80577.62,80322.0,80554.0,203.95185
2026-08-25T05:15:00+00:00,80554.0,80739.5,80486.0,80642.0,275.5649
2026-08-25T05:30:00+00:00,80641.99,80821.53,80598.0,80708.0,132.95166
2026-08-25T05:45:00+00:00,80708.01,80816.23,80640.0,80731.9,381.57151
2026-08-25T06:00:00+00:00,80731.9,80860.0,80683.25,80852.19,245.62281
2026-08-25T06:15:00+00:00,80852.19,80923.69,80747.66,80747.66,176.10134
2026-08-25T06:30:00+00:00,80747.66,80748.14,80512.01,80532.34,186.77725
2026-08-25T06:45:00+00:00,80532.35,80574.09,80420.0,80574.09,136.89741
2026-08-25T07:00:00+00:00,80574.09,80819.67,80541.67,80718.01,188.94461
2026-08-25T07:15:00+00:00,80718.0,80742.71,80606.31,80670.01,86.85876
2026-08-25T07:30:00+00:00,80670.0,80697.79,80484.0,80513.18,186.44853
2026-08-25T07:45:00+00:00,80513.17,80529.84,79369.17,79705.79,845.43193
2026-08-25T08:00:00+00:00,79705.79,79975.67,79622.0,79926.08,226.85409
2026-08-25T08:15:00+00:00,79926.07,80249.0,79926.07,80198.39,233.44235
2026-08-25T08:30:00+00:00,80198.4,80228.93,79907.45,80111.99,169.00127
2026-08-25T08:45:00+00:00,80111.99,80124.0,79840.0,79930.77,159.01788
2026-08-25T09:00:00+00:00,79930.76,79952.06,79704.28,79844.01,440.00591
2026-08-25T09:15:00+00:00,79844.0,79958.0,79776.0,79822.0,154.36889
2026-08-25T09:30:00+00:00,79821.99,79940.0,79748.0,79748.0,140.64132
2026-08-25T09:45:00+00:00,79748.01,79776.0,78888.0,79187.2,740.26898
2026-08-25T10:00:00+00:00,79187.2,79342.0,78992.0,79313.99,240.55761
2026-08-25T10:15:00+00:00,79314.0,79429.94,79219.96,79274.01,172.33016
2026-08-25T10:30:00+00:00,79274.0,79327.77,79235.09,79320.74,175.76477
2026-08-25T10:45:00+00:00,79320.75,79484.01,79306.0,79309.63,248.29414
2026-08-25T11:00:00+00:00,79309.63,79396.0,79086.52,79100.89,148.42047
2026-08-25T11:15:00+00:00,79100.9,79300.15,79064.89,79253.99,113.79207
2026-08-25T11:30:00+00:00,79253.99,79463.59,79160.74,79160.74,168.30331
2026-08-25T11:45:00+00:00,79160.75,79185.65,79044.18,79117.99,186.77847
2026-08-25T12:00:00+00:00,79118.0,79171.88,78682.0,79080.82,360.97962
2026-08-25T12:15:00+00:00,79080.83,79083.6,78640.0,78884.0,311.47025
2026-08-25T12:30:00+00:00,78883.99,79000.0,78772.0,78933.31,160.7091
2026-08-25T12:45:00+00:00,78933.32,79090.09,78898.59,78980.0,174.18173
2026-08-25T13:00:00+00:00,78980.01,79078.0,78720.0,78812.0,191.28348
2026-08-25T13:15:00+00:00,78812.0,78820.0,78571.62,78648.01,289.83801
2026-08-25T13:30:00+00:00,78648.0,79222.0,78604.89,78646.01,620.7609
2026-08-25T13:45:00+00:00,78646.01,78662.0,78120.74,78647.99,632.23981
2026-08-25T14:00:00+00:00,78648.0,79050.0,78531.55,78995.3,323.27707
2026-08-25T14:15:00+00:00,78995.31,79305.2,78909.15,79211.88,354.16214
2026-08-25T14:30:00+00:00,79211.89,79386.94,79033.01,79167.53,286.64763
2026-08-25T14:45:00+00:00,79167.52,79376.0,79158.36,79235.99,251.97844
2026-08-25T15:00:00+00:00,79236.0,79360.0,79060.28,79107.28,197.55356
2026-08-25T15:15:00+00:00,79108.0,79280.0,79020.04,79235.8,168.77698
2026-08-25T15:30:00+00:00,79235.79,79475.0,79184.0,79400.54,265.29766
2026-08-25T15:45:00+00:00,79400.53,79527.09,79263.09,79502.01,162.45442
2026-08-25T16:00:00+00:00,79502.01,79563.71,79158.22,79168.98,253.59193
2026-08-25T16:15:00+00:00,79168.99,79270.0,79067.72,79150.0,130.16079
2026-08-25T16:30:00+00:00,79149.99,79357.99,79145.05,79228.0,135.27748
2026-08-25T16:45:00+00:00,79228.01,79372.08,79092.1,79156.02,157.1485
2026-08-25T17:00:00+00:00,79156.02,79156.02,78862.0,78966.0,223.00712
2026-08-25T17:15:00+00:00,78966.0,79020.0,78752.06,78798.0,159.12643
2026-08-25T17:30:00+00:00,78798.0,79184.15,78797.99,79139.91,230.38086
2026-08-25T17:45:00+00:00,79139.92,79256.08,79139.92,79240.01,134.76762
2026-08-25T18:00:00+00:00,79240.02,79380.0,79217.51,79317.55,140.35163
2026-08-25T18:15:00+00:00,79317.56,79332.59,79237.18,79276.01,114.3689
2026-08-25T18:30:00+00:00,79276.0,79276.01,79108.0,79172.02,91.33411
2026-08-25T18:45:00+00:00,79172.02,79236.95,79048.44,79128.0,123.44618
2026-08-25T19:00:00+00:00,79128.01,79190.0,79018.0,79161.49,171.99772
2026-08-25T19:15:00+00:00,79161.49,79233.57,78909.28,78933.89,152.62226
2026-08-25T19:30:00+00:00,78933.88,78946.42,78728.35,78746.72,192.11672
2026-08-25T19:45:00+00:00,78746.72,78944.79,78737.56,78925.95,186.13203
2026-08-25T20:00:00+00:00,78925.96,78976.0,78668.15,78881.98,158.56584
2026-08-25T20:15:00+00:00,78881.99,78962.0,78768.0,78772.03,73.52896
2026-08-25T20:30:00+00:00,78772.03,78788.0,78366.0,78465.99,201.49534
2026-08-25T20:45:00+00:00,78466.0,78545.99,78165.27,78206.13,343.96082
2026-08-25T21:00:00+00:00,78206.14,78298.0,77851.0,78285.99,453.49095
2026-08-25T21:15:00+00:00,78286.0,78480.0,78208.0,78466.47,164.40781
2026-08-25T21:30:00+00:00,78466.47,78654.0,78380.86,78584.0,112.88671
2026-08-25T21:45:00+00:00,78583.99,78664.0,78542.0,78570.0,110.10336
2026-08-25T22:00:00+00:00,78569.99,78944.0,78569.99,78932.43,193.89408
2026-08-25T22:15:00+00:00,78932.43,79000.0,78606.0,78643.48,147.58633
2026-08-25T22:30:00+00:00,78643.48,78866.0,78596.0,78780.01,105.12482
2026-08-25T22:45:00+00:00,78780.0,78979.57,78777.17,78889.51,130.7331
2026-08-25T23:00:00+00:00,78889.51,78977.49,78807.97,78952.92,201.3236
2026-08-25T23:15:00+00:00,78952.91,78966.4,78630.29,78734.93,163.9243
2026-08-25T23:30:00+00:00,78734.93,78796.0,78516.45,78591.66,82.04687
2026-08-25T23:45:00+00:00,78591.66,78620.61,78396.88,78539.14,243.09871
2026-08-26T00:00:00+00:00,78539.13,78625.99,78312.0,78356.0,227.6182
2026-08-26T00:15:00+00:00,78356.0,78605.99,78338.0,78591.98,117.93252
2026-08-26T00:30:00+00:00,78591.99,78668.0,78367.29,78390.63,140.1713
2026-08-26T00:45:00+00:00,78390.62,78721.48,78369.36,78631.79,194.92836
2026-08-26T01:00:00+00:00,78631.7,78902.0,78607.29,78746.0,199.34322
2026-08-26T01:15:00+00:00,78745.99,78879.88,78693.29,78711.95,201.45964
2026-08-26T01:30:00+00:00,78711.96,78960.0,78711.96,78872.34,116.95995
2026-08-26T01:45:00+00:00,78872.35,78872.35,78764.2,78815.13,54.63493
2026-08-26T02:00:00+00:00,78815.13,78879.08,78748.56,78782.0,72.69411
2026-08-26T02:15:00+00:00,78782.01,79251.6,78762.08,79230.54,211.12038
2026-08-26T02:30:00+00:00,79230.54,79243.86,79124.0,79148.2,131.91518
2026-08-26T02:45:00+00:00,79148.2,79194.51,79044.01,79108.0,89.79838
2026-08-26T03:00:00+00:00,79108.01,79184.0,79046.0,79046.01,94.31356
2026-08-26T03:15:00+00:00,79046.0,79135.22,78993.72,79043.51,142.09959
2026-08-26T03:30:00+00:00,79043.52,79120.0,78900.0,79060.66,119.07424
2026-08-26T03:45:00+00:00,79060.66,79112.21,78950.91,79088.62,98.01892
2026-08-26T04:00:00+00:00,79088.61,79200.0,78968.95,79039.5,184.91601
2026-08-26T04:15:00+00:00,79039.51,79140.0,78980.0,79009.99,133.68197
2026-08-26T04:30:00+00:00,79010.0,79050.08,78892.11,78965.1,74.12751
2026-08-26T04:45:00+00:00,78965.1,78965.11,78790.68,78826.0,90.20878
2026-08-26T05:00:00+00:00,78826.0,78952.46,78638.0,78902.0,133.96549
2026-08-26T05:15:00+00:00,78902.0,79073.33,78752.0,79026.22,175.01513
2026-08-26T05:30:00+00:00,79026.23,79143.62,78984.82,79120.1,107.59573
2026-08-26T05:45:00+00:00,79120.09,79120.1,78956.83,79085.98,98.66054
2026-08-26T06:00:00+00:00,79085.98,79206.0,78970.0,79008.0,132.08648
2026-08-26T06:15:00+00:00,79008.0,79056.0,78817.42,78898.18,137.65398
2026-08-26T06:30:00+00:00,78898.18,78962.0,78816.0,78935.64,97.54853
2026-08-26T06:45:00+00:00,78935.64,78969.06,78866.37,78947.92,92.06871
2026-08-26T07:00:00+00:00,78947.92,79096.0,78867.0,78987.75,124.53674
2026-08-26T07:15:00+00:00,78987.75,79047.99,78900.92,78950.0,92.0694
2026-08-26T07:30:00+00:00,78950.0,79050.5,78888.88,78997.46,151.39563
2026-08-26T07:45:00+00:00,78997.46,79062.0,78920.0,78925.56,148.23941
2026-08-26T08:00:00+00:00,78925.57,79119.37,78828.0,79044.01,140.80077
2026-08-26T08:15:00+00:00,79044.01,79116.3,78914.16,78989.68,82.24641
2026-08-26T08:30:00+00:00,78989.69,79022.44,78896.02,78998.98,349.81258
2026-08-26T08:45:00+00:00,78998.97,79011.09,78600.0,78707.59,422.56717
2026-08-26T09:00:00+00:00,78707.59,78877.02,78668.48,78775.3,112.59319
2026-08-26T09:15:00+00:00,78775.31,78775.31,78387.12,78525.05,185.57217
2026-08-26T09:30:00+00:00,78525.05,78592.0,78325.0,78327.12,115.70488
2026-08-26T09:45:00+00:00,78327.11,78492.0,78244.83,78444.49,139.49797
2026-08-26T10:00:00+00:00,78444.5,78474.0,78291.09,78430.46,87.94379
2026-08-26T10:15:00+00:00,78430.46,78636.0,78424.4,78624.13,83.50303
2026-08-26T10:30:00+00:00,78624.13,78808.15,78570.77,78722.0,106.18853
2026-08-26T10:45:00+00:00,78722.01,78879.75,78700.0,78727.45,89.64846
2026-08-26T11:00:00+00:00,78727.46,78782.0,78662.44,78709.31,57.66919
2026-08-26T11:15:00+00:00,78709.31,78736.57,78617.75,78629.78,54.39677
2026-08-26T11:30:00+00:00,78629.78,78629.78,78317.0,78482.41,203.13993
2026-08-26T11:45:00+00:00,78482.4,78574.0,78380.0,78487.26,98.23504
2026-08-26T12:00:00+00:00,78487.26,78562.0,78359.12,78400.01,120.19665
2026-08-26T12:15:00+00:00,78400.01,78713.79,78288.0,78713.71,135.88262
2026-08-26T12:30:00+00:00,78713.7,78713.7,77918.25,78265.99,593.60333
2026-08-26T12:45:00+00:00,78265.99,78448.0,78206.0,78319.59,173.26665
2026-08-26T13:00:00+00:00,78319.58,78444.0,77983.74,78120.67,279.79044
2026-08-26T13:15:00+00:00,78120.68,78172.79,77913.19,78052.01,159.62405
2026-08-26T13:30:00+00:00,78052.01,78495.03,78052.0,78492.0,275.51752
2026-08-26T13:45:00+00:00,78491.99,78554.0,78116.0,78448.66,228.29086
2026-08-26T14:00:00+00:00,78448.66,78603.41,78297.71,78456.0,196.63229
2026-08-26T14:15:00+00:00,78455.99,78572.0,78202.86,78247.99,172.18107
2026-08-26T14:30:00+00:00,78247.98,78278.02,77935.0,77979.87,228.73255
2026-08-26T14:45:00+00:00,77979.86,78041.41,77774.0,77790.48,453.60104
2026-08-26T15:00:00+00:00,77790.48,77957.98,77632.58,77836.99,281.12053
2026-08-26T15:15:00+00:00,77836.99,78161.4,77732.0,78159.64,162.87616
2026-08-26T15:30:00+00:00,78159.65,78167.26,77918.0,78035.7,140.17261
2026-08-26T15:45:00+00:00,78035.7,78145.79,77974.86,78011.65,128.07189
2026-08-26T16:00:00+00:00,78011.64,78159.99,77976.5,78077.51,88.92854
2026-08-26T16:15:00+00:00,78077.51,78130.55,77984.0,78060.62,153.12294
2026-08-26T16:30:00+00:00,78060.62,78145.2,77858.0,77873.99,151.84199
2026-08-26T16:45:00+00:00,77874.0,78161.73,77874.0,77991.3,206.65439
2026-08-26T17:00:00+00:00,77991.29,78128.91,77991.29,78128.91,73.84068
2026-08-26T17:15:00+00:00,78128.9,78512.05,78128.9,78512.05,249.02495
2026-08-26T17:30:00+00:00,78512.05,78603.0,78493.54,78514.76,157.62392
2026-08-26T17:45:00+00:00,78514.77,78514.81,78368.0,78442.83,104.63369
2026-08-26T18:00:00+00:00,78442.84,78650.26,78402.8,78562.52,107.1162
2026-08-26T18:15:00+00:00,78562.52,78601.3,78442.16,78468.0,95.25291
2026-08-26T18:30:00+00:00,78468.0,78490.0,78280.01,78296.62,76.61065
2026-08-26T18:45:00+00:00,78296.62,78502.91,78293.82,78472.41,58.26513
2026-08-26T19:00:00+00:00,78472.41,78514.0,78381.27,78381.98,100.01668
2026-08-26T19:15:00+00:00,78381.98,78572.0,78292.0,78531.97,150.55103
2026-08-26T19:30:00+00:00,78531.97,78551.65,78384.01,78436.56,101.90467
2026-08-26T19:45:00+00:00,78436.57,78546.0,78436.56,78475.49,114.37896
2026-08-26T20:00:00+00:00,78475.49,78521.7,78400.0,78420.0,67.00207
2026-08-26T20:15:00+00:00,78420.0,78459.78,78200.0,78396.6,102.9255
2026-08-26T20:30:00+00:00,78396.59,78433.86,78293.85,78404.9,81.74951
2026-08-26T20:45:00+00:00,78404.9,78466.16,78388.0,78452.04,70.54718
2026-08-26T21:00:00+00:00,78452.04,78800.0,78392.19,78794.28,156.82465
2026-08-26T21:15:00+00:00,78794.28,78845.06,78707.99,78750.0,116.01176
2026-08-26T21:30:00+00:00,78750.01,78840.01,78652.15,78714.99,107.12849
2026-08-26T21:45:00+00:00,78714.99,78802.38,78669.61,78724.01,48.51949
2026-08-26T22:00:00+00:00,78724.0,78871.15,78680.0,78782.98,332.22449
2026-08-26T22:15:00+00:00,78782.97,78975.85,78763.47,78821.05,143.45808
2026-08-26T22:30:00+00:00,78821.04,78821.04,78590.0,78687.67,109.69951
2026-08-26T22:45:00+00:00,78687.66,78738.0,78554.0,78700.0,345.88005
2026-08-26T23:00:00+00:00,78700.0,78752.0,78654.0,78708.74,65.38123
2026-08-26T23:15:00+00:00,78708.73,78903.38,78670.7,78865.34,102.63883
2026-08-26T23:30:00+00:00,78865.35,79058.0,78863.65,79049.99,214.22617
2026-08-26T23:45:00+00:00,79050.0,79174.12,78999.83,79023.75,314.84187
2026-08-27T00:00:00+00:00,79023.75,79028.49,78818.0,78837.5,101.34154
2026-08-27T00:15:00+00:00,78837.5,78940.0,78819.88,78902.0,59.09525
2026-08-27T00:30:00+00:00,78902.0,78907.77,78791.99,78897.99,258.33307
2026-08-27T00:45:00+00:00,78897.99,78897.99,78690.01,78690.01,109.05739
2026-08-27T01:00:00+00:00,78690.02,78778.0,78633.3,78667.63,119.01545
2026-08-27T01:15:00+00:00,78667.63,78961.48,78546.13,78936.04,213.62255
2026-08-27T01:30:00+00:00,78936.04,78979.76,78717.97,78717.98,86.5153
2026-08-27T01:45:00+00:00,78717.97,79017.99,78708.01,78898.67,101.56415
2026-08-27T02:00:00+00:00,78898.68,78978.0,78852.0,78884.26,67.70235
2026-08-27T02:15:00+00:00,78884.27,78884.27,78727.42,78757.21,51.00218
2026-08-27T02:30:00+00:00,78757.22,78800.0,78712.0,78736.64,39.65932
2026-08-27T02:45:00+00:00,78736.64,78791.99,78704.62,78717.76,270.65796
2026-08-27T03:00:00+00:00,78717.76,78778.0,78670.0,78677.34,130.96583
2026-08-27T03:15:00+00:00,78677.34,78990.0,78643.23,78896.01,88.50233
2026-08-27T03:30:00+00:00,78896.0,78926.0,78834.51,78876.5,79.02797
2026-08-27T03:45:00+00:00,78876.51,78919.97,78775.44,78830.68,58.79466
2026-08-27T04:00:00+00:00,78830.68,78888.69,78800.0,78862.47,39.57399
2026-08-27T04:15:00+00:00,78862.46,78900.0,78785.05,78785.06,43.06633
2026-08-27T04:30:00+00:00,78785.06,78814.0,78684.18,78813.99,51.91525
2026-08-27T04:45:00+00:00,78814.0,78820.0,78708.95,78783.99,47.05835
2026-08-27T05:00:00+00:00,78783.99,78784.0,78650.0,78650.01,56.4523
2026-08-27T05:15:00+00:00,78650.01,78804.0,78629.75,78662.52,64.54783
2026-08-27T05:30:00+00:00,78662.52,78800.0,78600.0,78715.87,89.74831
2026-08-27T05:45:00+00:00,78715.88,78928.0,78707.95,78912.55,86.5801
2026-08-27T06:00:00+00:00,78912.54,78912.55,78651.73,78677.77,88.66748
2026-08-27T06:15:00+00:00,78677.77,78796.0,78604.78,78651.85,163.51639
2026-08-27T06:30:00+00:00,78651.85,78794.0,78651.84,78750.0,95.68951
2026-08-27T06:45:00+00:00,78749.99,78842.38,78749.99,78817.49,51.27665
2026-08-27T07:00:00+00:00,78817.5,78861.46,78768.87,78832.42,34.37709
2026-08-27T07:15:00+00:00,78832.41,78841.33,78754.0,78795.45,65.52024
2026-08-27T07:30:00+00:00,78795.45,78877.93,78795.44,78838.0,93.58335
2026-08-27T07:45:00+00:00,78838.0,79095.99,78838.0,79082.17,152.46048
2026-08-27T08:00:00+00:00,79082.18,79875.0,79048.0,79635.93,804.26616
2026-08-27T08:15:00+00:00,79635.94,79749.99,79442.55,79749.99,286.91577
2026-08-27T08:30:00+00:00,79749.99,79995.85,79718.0,79917.32,280.68426
2026-08-27T08:45:00+00:00,79917.32,80022.0,79700.0,79755.99,333.75598
2026-08-27T09:00:00+00:00,79756.0,79884.54,79683.09,79877.28,178.95995
2026-08-27T09:15:00+00:00,79877.27,80497.76,79787.58,80493.86,472.7806
2026-08-27T09:30:00+00:00,80493.87,80520.0,80199.53,80253.57,215.94019
2026-08-27T09:45:00+00:00,80253.57,80277.0,79919.6,79986.0,264.1991
2026-08-27T10:00:00+00:00,79986.0,80158.15,79806.17,79932.76,167.98483
2026-08-27T10:15:00+00:00,79932.76,80020.0,79342.0,79664.56,247.54901
2026-08-27T10:30:00+00:00,79664.56,79676.0,79368.5,79609.1,158.28847
2026-08-27T10:45:00+00:00,79609.11,79626.0,79496.0,79626.0,110.84944
2026-08-27T11:00:00+00:00,79625.99,79754.0,79553.23,79754.0,105.76368
2026-08-27T11:15:00+00:00,79753.99,79766.3,79496.0,79523.99,105.17836
2026-08-27T11:30:00+00:00,79524.0,79562.38,79390.0,79438.51,192.92789
2026-08-27T11:45:00+00:00,79438.5,79500.0,79172.65,79477.67,217.24453
2026-08-27T12:00:00+00:00,79477.66,79555.98,79378.0,79498.01,175.07201
2026-08-27T12:15:00+00:00,79498.01,79596.0,79394.0,79551.0,84.48899
2026-08-27T12:30:00+00:00,79551.0,79551.0,79268.77,79273.63,140.42746
2026-08-27T12:45:00+00:00,79273.62,79355.92,79266.0,79282.31,105.97672
2026-08-27T13:00:00+00:00,79282.31,79377.99,79269.52,79362.46,151.22443
2026-08-27T13:15:00+00:00,79362.5,79486.0,79300.14,79352.62,188.61732
2026-08-27T13:30:00+00:00,79352.63,79364.0,79090.27,79236.23,395.42962
2026-08-27T13:45:00+00:00,79236.24,79568.0,78920.0,79533.15,408.05051
2026-08-27T14:00:00+00:00,79533.16,79799.99,79354.47,79457.22,364.40059
2026-08-27T14:15:00+00:00,79457.23,79911.45,79395.29,79911.45,283.21208
2026-08-27T14:30:00+00:00,79911.45,80388.0,79804.0,80365.08,460.86581
2026-08-27T14:45:00+00:00,80365.09,80365.09,80004.47,80204.05,355.71332
2026-08-27T15:00:00+00:00,80204.06,80799.91,80094.0,80677.08,534.18882
2026-08-27T15:15:00+00:00,80677.09,80729.99,80397.23,80600.0,364.98004
2026-08-27T15:30:00+00:00,80600.0,80608.0,80342.1,80491.78,306.54607
2026-08-27T15:45:00+00:00,80491.78,80508.09,80299.14,80302.32,209.63471
2026-08-27T16:00:00+00:00,80302.32,80536.0,80189.39,80408.0,269.17024
2026-08-27T16:15:00+00:00,80408.0,80533.99,80392.0,80412.0,236.29069
2026-08-27T16:30:00+00:00,80412.0,80624.0,80268.0,80572.0,254.58644
2026-08-27T16:45:00+00:00,80572.01,80603.36,80350.0,80374.0,197.93321
2026-08-27T17:00:00+00:00,80374.0,80662.0,80230.0,80623.72,227.3681
2026-08-27T17:15:00+00:00,80623.71,80848.74,80593.58,80713.59,310.03487
2026-08-27T17:30:00+00:00,80713.59,80806.76,80462.0,80484.0,335.66602
2026-08-27T17:45:00+00:00,80484.0,80566.39,80432.0,80442.46,100.69176
2026-08-27T18:00:00+00:00,80442.47,80442.47,79982.38,80076.76,222.03517
2026-08-27T18:15:00+00:00,80076.76,80194.0,79749.7,79912.0,234.9064
2026-08-27T18:30:00+00:00,79911.99,80014.81,79826.9,79964.07,112.45163
2026-08-27T18:45:00+00:00,79964.06,80159.11,79910.0,80150.69,93.43224
2026-08-27T19:00:00+00:00,80150.69,80294.11,80115.45,80163.26,95.67814
2026-08-27T19:15:00+00:00,80163.26,80232.0,80042.41,80177.03,103.86491
2026-08-27T19:30:00+00:00,80177.04,80226.0,79980.0,80007.6,149.80518
2026-08-27T19:45:00+00:00,80007.61,80051.4,79886.0,79910.19,165.26029
2026-08-27T20:00:00+00:00,79910.19,80051.68,79882.86,79957.2,99.89692
2026-08-27T20:15:00+00:00,79957.21,80120.0,79952.01,79988.02,75.3055
2026-08-27T20:30:00+00:00,79988.03,80051.75,79978.0,80020.02,34.06216
2026-08-27T20:45:00+00:00,80020.01,80096.0,79966.05,80096.0,73.60795
2026-08-27T21:00:00+00:00,80096.0,80155.99,80018.0,80097.55,105.73539
2026-08-27T21:15:00+00:00,80097.55,80129.9,79992.0,80034.19,59.10351
2026-08-27T21:30:00+00:00,80034.19,80126.0,79975.74,80023.99,62.91133
2026-08-27T21:45:00+00:00,80024.0,80184.0,80008.01,80184.0,50.66519
2026-08-27T22:00:00+00:00,80184.0,80321.04,80183.99,80250.1,75.18532
2026-08-27T22:15:00+00:00,80250.11,80432.36,80204.33,80238.71,272.16209
2026-08-27T22:30:00+00:00,80238.71,80289.61,80150.0,80284.04,102.40625
2026-08-27T22:45:00+00:00,80284.03,80303.22,80218.0,80303.21,84.48707
2026-08-27T23:00:00+00:00,80303.21,80312.86,80150.0,80167.03,125.28221
2026-08-27T23:15:00+00:00,80167.02,80393.6,80134.0,80321.96,69.12175
2026-08-27T23:30:00+00:00,80321.95,80327.04,80248.0,80262.06,55.94696
2026-08-27T23:45:00+00:00,80262.06,80315.25,80192.08,80249.58,79.47439
2026-08-28T00:00:00+00:00,80249.59,80270.0,80153.99,80216.59,117.43507
2026-08-28T00:15:00+00:00,80216.59,80460.52,80216.58,80421.58,152.25704
2026-08-28T00:30:00+00:00,80421.58,80500.0,80358.61,80418.23,98.84376
2026-08-28T00:45:00+00:00,80418.22,80705.37,80349.1,80576.0,148.06109
2026-08-28T01:00:00+00:00,80575.99,80876.04,80575.99,80754.45,188.50654
2026-08-28T01:15:00+00:00,80754.45,81175.94,80692.0,81130.98,479.54479
2026-08-28T01:30:00+00:00,81130.97,81478.87,80810.81,80844.03,576.32979
2026-08-28T01:45:00+00:00,80844.03,80884.0,80434.15,80500.38,218.66977
2026-08-28T02:00:00+00:00,80500.38,80500.38,80229.04,80235.83,241.17041
2026-08-28T02:15:00+00:00,80235.83,80293.92,79917.88,79917.89,466.25028
2026-08-28T02:30:00+00:00,79917.88,80153.48,79822.4,80037.99,253.15353
2026-08-28T02:45:00+00:00,80038.0,80038.0,79723.02,79926.11,229.63087
2026-08-28T03:00:00+00:00,79926.11,79974.0,79775.61,79876.0,116.47994
2026-08-28T03:15:00+00:00,79876.0,80060.01,79874.0,79910.0,172.91101
2026-08-28T03:30:00+00:00,79910.01,79991.32,79812.0,79814.57,130.49142
2026-08-28T03:45:00+00:00,79814.56,79863.04,79778.66,79810.49,110.81216
2026-08-28T04:00:00+00:00,79810.48,79844.69,79603.81,79844.69,224.54992
2026-08-28T04:15:00+00:00,79844.68,79970.5,79816.0,79816.01,172.79041
2026-08-28T04:30:00+00:00,79816.0,79840.0,79630.05,79705.26,75.84724
2026-08-28T04:45:00+00:00,79705.26,79744.75,79617.74,79643.81,89.68035
2026-08-28T05:00:00+00:00,79643.8,79720.87,79558.11,79634.0,126.85578
2026-08-28T05:15:00+00:00,79634.0,79731.5,79574.38,79731.5,61.28888
2026-08-28T05:30:00+00:00,79731.49,79861.46,79703.83,79806.23,54.97257
2026-08-28T05:45:00+00:00,79806.23,79872.6,79647.64,79686.0,83.46381
2026-08-28T06:00:00+00:00,79686.0,79903.26,79685.99,79903.26,110.93048
2026-08-28T06:15:00+00:00,79903.26,79903.26,79800.45,79827.15,79.87914
2026-08-28T06:30:00+00:00,79827.14,79874.0,79800.0,79861.98,66.2916
2026-08-28T06:45:00+00:00,79861.99,79999.0,79861.98,79904.21,102.03108
2026-08-28T07:00:00+00:00,79904.21,79904.21,79662.13,79687.62,109.62977
2026-08-28T07:15:00+00:00,79687.62,79813.74,79678.0,79805.27,67.43658
2026-08-28T07:30:00+00:00,79805.27,79805.28,79573.36,79578.15,397.07246
2026-08-28T07:45:00+00:00,79578.15,79675.61,79575.27,79660.0,443.96761
2026-08-28T08:00:00+00:00,79660.0,79840.0,79659.99,79738.52,113.65215
2026-08-28T08:15:00+00:00,79738.51,79835.81,79738.51,79788.72,74.5468
2026-08-28T08:30:00+00:00,79788.73,79819.45,79716.48,79716.48,176.15679
2026-08-28T08:45:00+00:00,79716.48,79724.53,79480.0,79516.78,161.85222
2026-08-28T09:00:00+00:00,79516.77,79516.78,79259.43,79382.86,219.2346
2026-08-28T09:15:00+00:00,79382.86,79460.41,79377.33,79377.34,95.82538
2026-08-28T09:30:00+00:00,79377.34,79445.0,79276.0,79277.82,133.24376
2026-08-28T09:45:00+00:00,79277.81,79350.0,79273.78,79285.19,93.44069
2026-08-28T10:00:00+00:00,79285.19,79308.01,79001.01,79220.48,280.12601
2026-08-28T10:15:00+00:00,79220.49,79308.39,79152.0,79303.65,96.77274
2026-08-28T10:30:00+00:00,79303.65,79373.39,79294.57,79328.76,64.56269
2026-08-28T10:45:00+00:00,79328.75,79571.99,79316.17,79565.89,107.31007
2026-08-28T11:00:00+00:00,79565.9,79720.36,79555.22,79694.0,111.16337
2026-08-28T11:15:00+00:00,79694.0,79770.29,79650.0,79668.83,120.37439
2026-08-28T11:30:00+00:00,79668.83,79745.2,79582.9,79626.03,108.32128
2026-08-28T11:45:00+00:00,79626.03,79644.88,79560.12,79604.13,54.22033
2026-08-28T12:00:00+00:00,79604.12,79672.77,79512.34,79535.73,77.32838
2026-08-28T12:15:00+00:00,79535.73,79727.36,79526.0,79526.0,99.12629
2026-08-28T12:30:00+00:00,79526.0,79532.52,79306.11,79416.88,144.62704
2026-08-28T12:45:00+00:00,79416.88,79440.0,79356.07,79421.05,78.97146
2026-08-28T13:00:00+00:00,79421.04,79477.67,79288.0,79371.28,82.21118
2026-08-28T13:15:00+00:00,79371.28,79375.24,79070.0,79199.22,143.97492
2026-08-28T13:30:00+00:00,79199.21,79356.08,79034.56,79088.0,199.38694
2026-08-28T13:45:00+00:00,79087.99,79635.01,79072.56,79330.75,417.65166
2026-08-28T14:00:00+00:00,79330.34,79706.64,78423.03,78626.0,1379.32754
2026-08-28T14:15:00+00:00,78626.0,79030.9,78512.0,78946.08,461.39121
2026-08-28T14:30:00+00:00,78946.07,79703.11,78848.0,79416.87,750.76635
2026-08-28T14:45:00+00:00,79416.88,79599.26,79100.0,79542.44,338.64492
2026-08-28T15:00:00+00:00,79542.44,79838.73,79290.0,79306.13,289.66389
2026-08-28T15:15:00+00:00,79306.13,79512.0,79236.92,79334.0,143.85819
2026-08-28T15:30:00+00:00,79334.0,79346.0,78774.42,78789.09,427.38201
2026-08-28T15:45:00+00:00,78789.09,78908.97,78312.64,78331.13,394.11185
2026-08-28T16:00:00+00:00,78331.13,78404.0,77816.57,77825.73,801.7568
2026-08-28T16:15:00+00:00,77825.73,77856.0,76888.0,77530.5,1376.26539
2026-08-28T16:30:00+00:00,77530.5,77965.6,77512.0,77800.03,498.52056
2026-08-28T16:45:00+00:00,77800.03,77993.15,77778.0,77788.46,279.07363
2026-08-28T17:00:00+00:00,77788.45,78000.0,77642.78,78000.0,299.95225
2026-08-28T17:15:00+00:00,78000.0,78131.86,77832.0,77940.01,160.43253
2026-08-28T17:30:00+00:00,77940.01,77997.4,77698.0,77783.58,120.88003
2026-08-28T17:45:00+00:00,77783.58,77986.0,77783.57,77904.0,141.49533
2026-08-28T18:00:00+00:00,77904.0,77935.5,77742.0,77744.0,89.12873
2026-08-28T18:15:00+00:00,77744.0,77793.27,77500.01,77592.0,149.92578
2026-08-28T18:30:00+00:00,77592.01,77621.61,77332.21,77408.13,206.02184
2026-08-28T18:45:00+00:00,77408.14,77554.0,77270.0,77554.0,130.28724
2026-08-28T19:00:00+00:00,77554.0,77742.0,77522.0,77678.18,139.48161
2026-08-28T19:15:00+00:00,77678.17,77797.35,77633.28,77705.07,116.24536
2026-08-28T19:30:00+00:00,77705.07,77708.48,77536.79,77536.79,91.80598
2026-08-28T19:45:00+00:00,77536.79,77595.6,77376.0,77580.03,153.51905
2026-08-28T20:00:00+00:00,77580.03,77609.83,77480.0,77562.7,107.12877
2026-08-28T20:15:00+00:00,77562.71,77562.71,77406.41,77510.72,51.93373
2026-08-28T20:30:00+00:00,77510.71,77510.71,77310.24,77402.01,59.6204
2026-08-28T20:45:00+00:00,77402.01,77470.0,77346.0,77407.34,45.42436
2026-08-28T21:00:00+00:00,77407.34,77437.74,77328.44,77405.15,47.0622
2026-08-28T21:15:00+00:00,77405.15,77432.0,77325.37,77412.9,192.53376
2026-08-28T21:30:00+00:00,77412.9,77537.33,77412.86,77476.0,53.91312
2026-08-28T21:45:00+00:00,77476.0,77476.0,77255.69,77364.0,98.87807
2026-08-28T22:00:00+00:00,77364.0,77454.5,77342.0,77448.8,58.87244
2026-08-28T22:15:00+00:00,77448.8,77594.48,77403.33,77573.0,66.0696
2026-08-28T22:30:00+00:00,77572.99,77746.0,77565.24,77738.72,83.61638
2026-08-28T22:45:00+00:00,77738.73,77773.2,77686.0,77758.69,130.5841
2026-08-28T23:00:00+00:00,77758.69,77807.18,77678.76,77774.76,324.25087
2026-08-28T23:15:00+00:00,77774.76,77774.78,77666.45,77684.41,119.75423
2026-08-28T23:30:00+00:00,77684.41,77720.07,77666.02,77696.07,88.15459
2026-08-28T23:45:00+00:00,77696.07,77846.72,77640.74,77845.87,67.38548
2026-08-29T00:00:00+00:00,77845.88,77895.94,77776.0,77818.24,76.24269
2026-08-29T00:15:00+00:00,77818.24,77963.92,77818.24,77903.85,89.2265
2026-08-29T00:30:00+00:00,77903.86,77903.86,77772.07,77788.72,62.00949
2026-08-29T00:45:00+00:00,77788.72,77818.12,77722.0,77733.63,94.33111
2026-08-29T01:00:00+00:00,77733.63,77733.63,77631.28,77637.65,81.7842
2026-08-29T01:15:00+00:00,77637.65,77789.5,77637.65,77789.49,38.83826
2026-08-29T01:30:00+00:00,77789.49,77832.67,77758.1,77828.38,45.41771
2026-08-29T01:45:00+00:00,77828.39,77849.29,77759.14,77794.11,69.02951
2026-08-29T02:00:00+00:00,77794.11,77829.72,77748.0,77748.01,43.99965
2026-08-29T02:15:00+00:00,77748.01,77748.01,77584.53,77629.44,68.78965
2026-08-29T02:30:00+00:00,77629.43,77677.78,77596.0,77618.04,178.1561
2026-08-29T02:45:00+00:00,77618.04,77717.78,77618.04,77671.18,76.67539
2026-08-29T03:00:00+00:00,77671.18,77731.43,77671.18,77680.96,50.68851
2026-08-29T03:15:00+00:00,77680.97,77715.56,77634.81,77684.45,64.01002
2026-08-29T03:30:00+00:00,77684.45,77707.09,77580.01,77622.73,64.82605
2026-08-29T03:45:00+00:00,77622.72,77622.72,77507.16,77507.17,59.36729
2026-08-29T04:00:00+00:00,77507.17,77597.2,77507.17,77583.76,45.766
2026-08-29T04:15:00+00:00,77583.76,77615.13,77583.75,77602.46,37.92012
2026-08-29T04:30:00+00:00,77602.46,77646.6,77590.27,77620.49,52.52952
2026-08-29T04:45:00+00:00,77620.49,77678.67,77613.9,77648.91,93.69034
2026-08-29T05:00:00+00:00,77648.91,77716.12,77624.81,77701.35,65.1655
2026-08-29T05:15:00+00:00,77701.36,77702.6,77634.47,77660.01,38.74636
2026-08-29T05:30:00+00:00,77660.01,77714.0,77634.71,77688.35,54.47363
2026-08-29T05:45:00+00:00,77688.35,77694.0,77604.06,77632.53,36.93704
2026-08-29T06:00:00+00:00,77632.52,77632.53,77478.61,77478.62,59.38446
2026-08-29T06:15:00+00:00,77478.61,77516.78,77382.37,77409.86,97.87323
2026-08-29T06:30:00+00:00,77409.86,77491.16,77409.86,77446.12,79.83301
2026-08-29T06:45:00+00:00,77446.13,77475.84,77427.24,77466.82,67.93852
2026-08-29T07:00:00+00:00,77466.83,77536.68,77438.01,77466.65,75.74597
2026-08-29T07:15:00+00:00,77466.65,77530.6,77450.34,77524.73,88.38904
2026-08-29T07:30:00+00:00,77524.73,77660.04,77514.41,77655.14,304.97792
2026-08-29T07:45:00+00:00,77655.15,77672.0,77625.63,77626.01,464.78559
2026-08-29T08:00:00+00:00,77626.01,77626.01,77487.73,77525.99,115.00495
2026-08-29T08:15:00+00:00,77525.99,77593.06,77516.58,77589.75,54.35824
2026-08-29T08:30:00+00:00,77589.76,77590.03,77514.04,77580.0,53.21745
2026-08-29T08:45:00+00:00,77580.0,77634.0,77538.0,77633.99,59.09785
2026-08-29T09:00:00+00:00,77634.0,77679.58,77566.01,77644.0,80.85817
2026-08-29T09:15:00+00:00,77644.0,77664.28,77612.07,77626.5,34.98559
2026-08-29T09:30:00+00:00,77626.49,77754.23,77626.49,77661.84,54.0561
2026-08-29T09:45:00+00:00,77661.85,77674.0,77650.02,77650.03,42.62805
2026-08-29T10:00:00+00:00,77650.02,77650.03,77526.0,77581.67,66.55137
2026-08-29T10:15:00+00:00,77581.67,77720.0,77581.66,77671.51,61.42052
2026-08-29T10:30:00+00:00,77671.5,77724.55,77671.47,77688.47,54.22283
2026-08-29T10:45:00+00:00,77688.48,77732.0,77635.16,77635.17,45.96734
2026-08-29T11:00:00+00:00,77635.17,77720.0,77627.03,77720.0,39.40644
2026-08-29T11:15:00+00:00,77720.0,77724.99,77679.53,77700.01,45.9548
2026-08-29T11:30:00+00:00,77700.0,77702.0,77643.0,77643.01,32.67134
2026-08-29T11:45:00+00:00,77643.0,77668.0,77573.32,77584.67,151.57256
2026-08-29T12:00:00+00:00,77584.66,77612.0,77567.49,77596.58,124.53415
2026-08-29T12:15:00+00:00,77596.59,77657.99,77538.0,77584.0,71.61946
2026-08-29T12:30:00+00:00,77583.99,77600.0,77506.63,77575.05,44.39541
2026-08-29T12:45:00+00:00,77575.05,77596.0,77554.0,77583.74,75.82731
2026-08-29T13:00:00+00:00,77583.74,77668.0,77559.45,77658.54,46.84398
2026-08-29T13:15:00+00:00,77658.54,77722.0,77642.34,77659.14,63.73244
2026-08-29T13:30:00+00:00,77659.14,77714.0,77640.0,77662.0,43.21944
2026-08-29T13:45:00+00:00,77662.01,77720.96,77658.0,77704.32,41.78913
2026-08-29T14:00:00+00:00,77704.32,77722.0,77663.83,77686.7,57.61062
2026-08-29T14:15:00+00:00,77686.7,77756.4,77671.87,77694.52,59.23666
2026-08-29T14:30:00+00:00,77694.52,78034.4,77687.38,77926.01,193.2252
2026-08-29T14:45:00+00:00,77926.0,78150.0,77926.0,78014.37,146.34916
2026-08-29T15:00:00+00:00,78014.37,78014.37,77857.93,77935.92,85.46461
2026-08-29T15:15:00+00:00,77935.92,77989.8,77864.0,77903.95,115.58952
2026-08-29T15:30:00+00:00,77903.84,77903.84,77811.04,77834.73,53.99614
2026-08-29T15:45:00+00:00,77834.74,77936.85,77806.9,77865.36,59.82517
2026-08-29T16:00:00+00:00,77865.36,77988.0,77858.29,77987.99,80.6378
2026-08-29T16:15:00+00:00,77988.0,78130.43,77914.0,77946.0,98.15526
2026-08-29T16:30:00+00:00,77946.0,78027.02,77894.01,78018.0,70.47238
2026-08-29T16:45:00+00:00,78018.0,78099.99,78000.0,78027.17,81.21802
2026-08-29T17:00:00+00:00,78027.17,78086.81,78019.65,78048.43,72.16354
2026-08-29T17:15:00+00:00,78048.43,78100.0,77989.52,77990.77,30.09468
2026-08-29T17:30:00+00:00,77990.78,78029.66,77896.0,78020.0,46.94221
2026-08-29T17:45:00+00:00,78020.0,78100.0,77990.05,78100.0,60.90583
2026-08-29T18:00:00+00:00,78099.99,78158.0,78069.31,78072.89,52.30475
2026-08-29T18:15:00+00:00,78072.89,78099.4,78028.08,78053.27,45.2407
2026-08-29T18:30:00+00:00,78053.27,78212.81,78018.02,78145.99,108.29144
2026-08-29T18:45:00+00:00,78145.99,78250.0,78145.99,78158.01,47.09857
2026-08-29T19:00:00+00:00,78158.01,78309.16,78158.0,78309.16,68.43371
2026-08-29T19:15:00+00:00,78309.15,78330.0,78240.87,78240.9,57.19474
2026-08-29T19:30:00+00:00,78240.9,78260.44,78193.59,78252.29,53.47439
2026-08-29T19:45:00+00:00,78252.3,78260.0,78138.87,78182.0,52.24282
2026-08-29T20:00:00+00:00,78181.99,78298.0,78170.72,78227.99,43.575
2026-08-29T20:15:00+00:00,78227.99,78263.51,78182.0,78182.01,28.75615
2026-08-29T20:30:00+00:00,78182.0,78182.0,78117.95,78137.64,39.94149
2026-08-29T20:45:00+00:00,78137.63,78153.22,78117.95,78129.92,20.02024
2026-08-29T21:00:00+00:00,78129.92,78188.65,78062.0,78154.91,64.66462
2026-08-29T21:15:00+00:00,78154.92,78175.01,78102.0,78107.61,24.16801
2026-08-29T21:30:00+00:00,78107.61,78119.53,78070.0,78098.96,20.87599
2026-08-29T21:45:00+00:00,78098.97,78198.0,78098.54,78161.63,22.32889
2026-08-29T22:00:00+00:00,78161.62,78220.0,78110.0,78137.37,143.42131
2026-08-29T22:15:00+00:00,78137.38,78158.0,78086.0,78146.78,57.7543
2026-08-29T22:30:00+00:00,78146.79,78184.92,78134.99,78180.0,78.16912
2026-08-29T22:45:00+00:00,78180.0,78239.4,78179.99,78228.34,18.88343
2026-08-29T23:00:00+00:00,78228.33,78250.0,78200.58,78241.68,27.05302
2026-08-29T23:15:00+00:00,78241.67,78265.27,78190.0,78261.43,68.11325
2026-08-29T23:30:00+00:00,78261.44,78283.7,78218.48,78218.49,137.70698
2026-08-29T23:45:00+00:00,78218.49,78282.53,78218.49,78230.0,93.21955
2026-08-30T00:00:00+00:00,78230.0,78238.22,78147.17,78177.5,53.68268
2026-08-30T00:15:00+00:00,78177.5,78330.0,78177.49,78216.52,58.36094
2026-08-30T00:30:00+00:00,78216.52,78299.79,78194.24,78209.3,42.56271
2026-08-30T00:45:00+00:00,78209.29,78251.93,78179.85,78179.86,30.59591
2026-08-30T01:00:00+00:00,78179.86,78190.0,78070.0,78072.01,56.19425
2026-08-30T01:15:00+00:00,78072.01,78072.01,77995.81,78016.17,102.84265
2026-08-30T01:30:00+00:00,78016.17,78069.97,77994.02,78061.66,48.65624
2026-08-30T01:45:00+00:00,78061.65,78131.99,78044.9,78081.5,49.35957
2026-08-30T02:00:00+00:00,78081.49,78129.98,78066.64,78086.33,32.46553
2026-08-30T02:15:00+00:00,78086.32,78087.92,78018.06,78042.5,24.26685
2026-08-30T02:30:00+00:00,78042.49,78121.9,78014.74,78102.45,26.1111
2026-08-30T02:45:00+00:00,78102.45,78178.02,78090.57,78106.01,36.80118
2026-08-30T03:00:00+00:00,78106.0,78127.85,78066.46,78084.93,40.91716
2026-08-30T03:15:00+00:00,78084.93,78168.0,78065.99,78168.0,71.25263
2026-08-30T03:30:00+00:00,78168.0,78233.7,78146.22,78190.43,65.57603
2026-08-30T03:45:00+00:00,78190.44,78191.37,78144.68,78144.68,76.65871
2026-08-30T04:00:00+00:00,78144.68,78220.0,78144.68,78157.21,45.15818
2026-08-30T04:15:00+00:00,78157.22,78173.04,78093.01,78122.04,44.72811
2026-08-30T04:30:00+00:00,78122.03,78122.04,78020.06,78021.62,83.58421
2026-08-30T04:45:00+00:00,78021.63,78109.75,77990.0,78109.75,42.06376
2026-08-30T05:00:00+00:00,78109.74,78214.0,78109.74,78146.01,74.89223
2026-08-30T05:15:00+00:00,78146.0,78146.01,78136.78,78140.0,17.6756
2026-08-30T05:30:00+00:00,78140.0,78140.0,78122.0,78126.23,32.68598
2026-08-30T05:45:00+00:00,78126.23,78135.28,78121.81,78127.71,36.03932
2026-08-30T06:00:00+00:00,78127.72,78146.0,78106.07,78123.32,32.5835
2026-08-30T06:15:00+00:00,78123.33,78194.0,78123.32,78177.41,40.69926
2026-08-30T06:30:00+00:00,78177.41,78298.59,78177.41,78245.91,69.21992
2026-08-30T06:45:00+00:00,78245.91,78310.71,78233.67,78280.34,66.17754
2026-08-30T07:00:00+00:00,78280.34,78291.27,78256.0,78256.01,22.05437
2026-08-30T07:15:00+00:00,78256.01,78256.01,78230.0,78230.0,15.70499
2026-08-30T07:30:00+00:00,78230.01,78230.01,78146.0,78146.01,46.62663
2026-08-30T07:45:00+00:00,78146.01,78162.0,78118.0,78118.0,53.11951
2026-08-30T08:00:00+00:00,78118.0,78195.57,78118.0,78148.07,53.19358
2026-08-30T08:15:00+00:00,78148.06,78207.22,78148.06,78154.09,33.87079
2026-08-30T08:30:00+00:00,78154.09,78154.1,78040.0,78062.0,32.28082
2026-08-30T08:45:00+00:00,78061.99,78086.0,78034.0,78074.01,24.33075
2026-08-30T09:00:00+00:00,78074.01,78100.0,78074.01,78100.0,14.66228
2026-08-30T09:15:00+00:00,78099.99,78118.87,77986.0,77991.65,65.39114
2026-08-30T09:30:00+00:00,77991.65,78052.76,77989.03,78035.03,53.33151
2026-08-30T09:45:00+00:00,78035.02,78060.0,78000.0,78000.01,31.88302
2026-08-30T10:00:00+00:00,78000.01,78072.01,77962.49,78017.51,51.50675
2026-08-30T10:15:00+00:00,78017.51,78122.44,77998.0,78050.0,71.1085
2026-08-30T10:30:00+00:00,78050.01,78122.12,78050.0,78112.5,28.06701
2026-08-30T10:45:00+00:00,78112.51,78145.29,78112.5,78145.29,17.62288
2026-08-30T11:00:00+00:00,78145.29,78198.26,78144.18,78167.75,27.46661
2026-08-30T11:15:00+00:00,78167.76,78220.0,78153.18,78220.0,21.42599
2026-08-30T11:30:00+00:00,78219.99,78242.0,78153.18,78190.9,56.63165
2026-08-30T11:45:00+00:00,78190.9,78190.9,78117.11,78166.0,66.51669
2026-08-30T12:00:00+00:00,78165.99,78725.98,78165.99,78660.0,303.95076
2026-08-30T12:15:00+00:00,78660.0,78660.0,78496.69,78627.99,173.04102
2026-08-30T12:30:00+00:00,78627.99,78850.81,78550.0,78658.01,205.99026
2026-08-30T12:45:00+00:00,78658.01,78785.54,78590.04,78785.06,131.12778
2026-08-30T13:00:00+00:00,78785.06,78826.0,78625.54,78633.85,143.06821
2026-08-30T13:15:00+00:00,78633.86,78729.9,78590.14,78729.9,74.20527
2026-08-30T13:30:00+00:00,78729.89,78821.59,78680.0,78790.92,82.2608
2026-08-30T13:45:00+00:00,78790.93,78966.76,78790.92,78860.0,189.28592
2026-08-30T14:00:00+00:00,78860.01,78945.94,78778.0,78929.01,169.19501
2026-08-30T14:15:00+00:00,78929.02,78939.2,78800.0,78868.74,111.30926
2026-08-30T14:30:00+00:00,78868.75,78935.71,78722.0,78761.96,88.16714
2026-08-30T14:45:00+00:00,78761.96,78825.6,78724.0,78783.71,70.65836
2026-08-30T15:00:00+00:00,78783.7,78876.11,78646.88,78665.63,215.69277
2026-08-30T15:15:00+00:00,78665.64,78841.58,78626.0,78791.68,193.37325
2026-08-30T15:30:00+00:00,78791.67,78860.0,78787.3,78859.99,67.3181
2026-08-30T15:45:00+00:00,78860.0,78912.94,78790.79,78823.63,77.43696
2026-08-30T16:00:00+00:00,78823.62,79187.5,78750.0,79124.0,218.18932
2026-08-30T16:15:00+00:00,79124.0,79250.0,79012.0,79043.77,190.6572
2026-08-30T16:30:00+00:00,79043.78,79266.85,79014.92,79204.0,114.53335
2026-08-30T16:45:00+00:00,79204.0,79400.0,79144.0,79337.93,144.18401
2026-08-30T17:00:00+00:00,79337.93,79337.93,79137.35,79178.49,108.46875
2026-08-30T17:15:00+00:00,79178.49,79178.49,78774.85,78940.62,217.958
2026-08-30T17:30:00+00:00,78940.61,79060.0,78882.0,79044.82,71.38907
2026-08-30T17:45:00+00:00,79044.81,79080.01,78962.83,79021.02,62.91103
2026-08-30T18:00:00+00:00,79021.02,79074.0,78776.0,78839.29,133.67586
2026-08-30T18:15:00+00:00,78839.3,79009.61,78839.29,79009.61,42.20752
2026-08-30T18:30:00+00:00,79009.61,79181.99,79009.61,79088.56,79.09085
2026-08-30T18:45:00+00:00,79088.55,79088.56,79020.0,79036.69,38.80447
2026-08-30T19:00:00+00:00,79036.68,79041.96,78942.0,79035.59,63.23976
2026-08-30T19:15:00+00:00,79035.58,79038.09,78912.3,78917.24,53.96651
2026-08-30T19:30:00+00:00,78917.24,78944.0,78778.0,78794.0,62.99281
2026-08-30T19:45:00+00:00,78794.0,78871.46,78721.98,78856.39,51.9921
2026-08-30T20:00:00+00:00,78856.39,78918.01,78838.02,78864.01,44.20898
2026-08-30T20:15:00+00:00,78864.02,78931.49,78842.0,78842.0,34.77519
2026-08-30T20:30:00+00:00,78842.0,78887.02,78438.23,78475.99,132.85143
2026-08-30T20:45:00+00:00,78476.0,78742.31,78476.0,78597.33,82.3778
2026-08-30T21:00:00+00:00,78597.32,78597.33,78229.82,78503.59,288.70229
2026-08-30T21:15:00+00:00,78503.59,78667.87,78476.0,78644.0,62.94196
2026-08-30T21:30:00+00:00,78644.0,78733.77,78602.0,78635.87,64.53251
2026-08-30T21:45:00+00:00,78635.87,78690.0,78550.47,78653.0,45.23412
2026-08-30T22:00:00+00:00,78653.0,78804.0,78530.0,78571.28,98.42671
2026-08-30T22:15:00+00:00,78571.28,78571.28,78304.47,78382.11,116.00897
2026-08-30T22:30:00+00:00,78382.11,78540.0,78280.0,78460.01,72.3353
2026-08-30T22:45:00+00:00,78460.0,78508.0,78380.0,78422.01,103.65269
2026-08-30T23:00:00+00:00,78422.01,78454.0,78311.6,78366.16,285.21214
2026-08-30T23:15:00+00:00,78366.16,78404.0,77646.28,77678.09,484.47443
2026-08-30T23:30:00+00:00,77678.1,77882.16,77350.0,77476.77,463.05852
2026-08-30T23:45:00+00:00,77476.78,77734.61,77000.0,77682.0,567.68231
2026-08-31T00:00:00+00:00,77682.0,77827.99,77436.4,77754.7,315.10082
2026-08-31T00:15:00+00:00,77754.71,77971.47,77720.88,77901.33,148.64341
2026-08-31T00:30:00+00:00,77901.34,78185.89,77892.0,78032.01,156.06934
2026-08-31T00:45:00+00:00,78032.02,78034.01,77922.0,77937.04,91.62022
2026-08-31T01:00:00+00:00,77937.03,77993.03,77565.08,77660.16,235.00852
2026-08-31T01:15:00+00:00,77660.17,77851.41,77578.0,77775.26,103.48453
2026-08-31T01:30:00+00:00,77775.27,77953.99,77654.0,77750.0,140.96556
2026-08-31T01:45:00+00:00,77749.99,77854.0,77622.0,77640.94,87.80197
2026-08-31T02:00:00+00:00,77640.93,78000.0,77526.01,77952.8,150.07212
2026-08-31T02:15:00+00:00,77952.81,77954.0,77824.0,77875.05,193.19567
2026-08-31T02:30:00+00:00,77875.05,77931.78,77716.41,77716.42,91.46011
2026-08-31T02:45:00+00:00,77716.42,77764.0,77392.0,77473.99,138.67144
2026-08-31T03:00:00+00:00,77474.0,77691.56,77394.0,77658.01,104.73812
2026-08-31T03:15:00+00:00,77658.0,77756.5,77590.01,77731.11,60.11133
2026-08-31T03:30:00+00:00,77731.1,77838.0,77676.0,77818.31,50.32444
2026-08-31T03:45:00+00:00,77818.31,77872.0,77752.0,77756.71,63.75147
2026-08-31T04:00:00+00:00,77756.7,77769.11,77572.25,77590.42,116.93962
2026-08-31T04:15:00+00:00,77590.42,77604.28,77492.03,77514.01,149.62476
2026-08-31T04:30:00+00:00,77514.0,77583.01,77458.83,77568.0,174.16676
2026-08-31T04:45:00+00:00,77568.0,77651.86,77471.99,77622.28,109.29659
2026-08-31T05:00:00+00:00,77622.29,77800.0,77514.0,77762.0,105.49547
2026-08-31T05:15:00+00:00,77762.0,78156.78,77758.01,77998.84,190.45981
2026-08-31T05:30:00+00:00,77998.83,78061.99,77872.66,77974.02,118.9279
2026-08-31T05:45:00+00:00,77974.01,78062.88,77949.01,78016.0,97.03773
2026-08-31T06:00:00+00:00,78016.01,78079.18,77864.16,78023.13,161.5845
2026-08-31T06:15:00+00:00,78023.13,78122.0,77972.0,78007.99,256.74174
2026-08-31T06:30:00+00:00,78007.99,78156.77,77924.0,78084.0,128.82149
2026-08-31T06:45:00+00:00,78084.01,78123.8,78011.74,78093.87,420.87437
2026-08-31T07:00:00+00:00,78093.88,78170.0,78034.01,78127.9,313.70595
2026-08-31T07:15:00+00:00,78127.91,78322.56,78127.9,78213.01,139.13129
2026-08-31T07:30:00+00:00,78213.0,78290.0,78128.0,78270.72,160.80892
2026-08-31T07:45:00+00:00,78270.72,78289.86,78194.0,78196.01,102.38762
2026-08-31T08:00:00+00:00,78196.01,78348.88,78048.0,78157.6,124.583
2026-08-31T08:15:00+00:00,78157.59,78157.6,77982.0,78094.0,130.51146
2026-08-31T08:30:00+00:00,78094.0,78464.0,78077.44,78324.0,234.71026
2026-08-31T08:45:00+00:00,78323.99,78521.89,78320.0,78480.8,292.94074
2026-08-31T09:00:00+00:00,78480.79,78802.0,78396.35,78652.0,263.976
2026-08-31T09:15:00+00:00,78652.01,78799.78,78596.01,78652.06,158.97332
2026-08-31T09:30:00+00:00,78652.07,78715.96,78597.21,78699.26,105.73606
2026-08-31T09:45:00+00:00,78699.25,78800.0,78511.02,78511.03,96.08148
2026-08-31T10:00:00+00:00,78511.03,78525.39,78316.91,78519.99,151.26074
2026-08-31T10:15:00+00:00,78519.99,78520.0,78402.0,78438.16,67.84825
2026-08-31T10:30:00+00:00,78438.16,78547.38,78376.0,78534.1,185.44502
2026-08-31T10:45:00+00:00,78534.1,78732.0,78510.01,78710.01,172.16433
2026-08-31T11:00:00+00:00,78710.02,78710.02,78567.1,78623.71,136.51081
2026-08-31T11:15:00+00:00,78623.71,78640.01,78472.0,78480.08,109.79825
2026-08-31T11:30:00+00:00,78480.09,78482.97,78356.43,78387.85,147.56948
2026-08-31T11:45:00+00:00,78387.86,78419.86,78302.0,78315.43,88.47718
2026-08-31T12:00:00+00:00,78315.43,78543.86,78276.0,78410.01,169.35561
2026-08-31T12:15:00+00:00,78410.0,78482.0,78060.0,78092.01,219.404
2026-08-31T12:30:00+00:00,78092.0,78158.2,77675.04,77885.56,268.8835
2026-08-31T12:45:00+00:00,77885.55,77930.4,77776.48,77930.39,158.96947
2026-08-31T13:00:00+00:00,77930.4,78200.0,77930.4,78086.55,183.2141
2026-08-31T13:15:00+00:00,78086.55,78086.56,77892.52,78055.64,148.43832
2026-08-31T13:30:00+00:00,78055.65,78282.0,77838.0,78000.0,368.76546
2026-08-31T13:45:00+00:00,78000.01,78060.0,77716.75,77867.39,382.85372
2026-08-31T14:00:00+00:00,77867.39,78072.65,77806.0,77902.01,251.702
2026-08-31T14:15:00+00:00,77902.01,78080.0,77746.6,78030.08,237.26194
2026-08-31T14:30:00+00:00,78030.08,78686.94,77970.0,78517.19,406.49581
2026-08-31T14:45:00+00:00,78517.18,78657.51,78378.0,78600.14,473.20299
2026-08-31T15:00:00+00:00,78601.93,78695.4,78317.46,78325.59,436.4835
2026-08-31T15:15:00+00:00,78325.59,78543.56,78212.3,78462.94,251.28445
2026-08-31T15:30:00+00:00,78462.94,78777.9,78408.0,78718.0,270.08015
2026-08-31T15:45:00+00:00,78718.01,78770.51,78542.0,78580.42,161.80841
2026-08-31T16:00:00+00:00,78580.43,78794.94,78530.45,78675.99,170.32251
2026-08-31T16:15:00+00:00,78675.98,78752.0,78524.0,78647.2,146.22853
2026-08-31T16:30:00+00:00,78647.2,78766.0,78581.45,78726.0,106.29431
2026-08-31T16:45:00+00:00,78726.0,78884.48,78638.0,78639.57,153.41917
2026-08-31T17:00:00+00:00,78639.57,78808.0,78616.0,78737.22,124.59099
2026-08-31T17:15:00+00:00,78737.23,78743.52,78494.0,78534.26,116.89011
2026-08-31T17:30:00+00:00,78534.25,79019.86,78534.25,78911.33,219.74356
2026-08-31T17:45:00+00:00,78911.34,78960.0,78840.68,78897.36,143.47386
2026-08-31T18:00:00+00:00,78897.35,78956.93,78779.24,78956.93,65.24546
2026-08-31T18:15:00+00:00,78956.92,79087.38,78844.03,78908.0,128.92084
2026-08-31T18:30:00+00:00,78908.0,79212.0,78885.59,79188.07,146.41553
2026-08-31T18:45:00+00:00,79188.08,79188.08,78992.49,79016.0,132.93408
2026-08-31T19:00:00+00:00,79016.01,79250.0,79016.0,79188.08,129.58231
2026-08-31T19:15:00+00:00,79188.08,79188.08,79025.0,79090.01,88.35554
2026-08-31T19:30:00+00:00,79090.01,79140.0,78930.0,78981.99,101.05777
2026-08-31T19:45:00+00:00,78981.99,79100.0,78851.93,78898.06,104.46773
2026-08-31T20:00:00+00:00,78898.06,78966.0,78864.0,78960.51,71.423
2026-08-31T20:15:00+00:00,78960.51,79172.0,78923.07,78923.08,104.8067
2026-08-31T20:30:00+00:00,78923.07,78950.0,78784.32,78883.68,85.91991
2026-08-31T20:45:00+00:00,78883.69,78920.21,78832.0,78864.72,104.5338
2026-08-31T21:00:00+00:00,78864.73,78890.87,78732.22,78838.0,126.84674
2026-08-31T21:15:00+00:00,78838.0,78964.0,78817.01,78960.38,99.61326
2026-08-31T21:30:00+00:00,78960.39,79066.32,78960.39,79054.0,90.19622
2026-08-31T21:45:00+00:00,79054.0,79071.12,78958.0,78964.32,88.05491
2026-08-31T22:00:00+00:00,78964.33,79015.83,78894.0,78894.0,88.89042
2026-08-31T22:15:00+00:00,78894.01,78894.01,78746.56,78761.92,77.32197
2026-08-31T22:30:00+00:00,78761.91,78769.0,78654.72,78665.36,90.74129
2026-08-31T22:45:00+00:00,78665.37,78665.37,78579.3,78593.15,89.25945
2026-08-31T23:00:00+00:00,78593.15,78593.16,78405.01,78457.56,122.65077
2026-08-31T23:15:00+00:00,78457.57,78593.61,78457.56,78580.57,74.03735
2026-08-31T23:30:00+00:00,78580.57,78586.0,78504.6,78559.41,100.29967
2026-08-31T23:45:00+00:00,78559.42,78582.0,78550.3,78581.29,79.55486
2026-09-01T00:00:00+00:00,78581.3,78796.51,78562.0,78754.74,140.45653
2026-09-01T00:15:00+00:00,78754.73,78900.01,78742.42,78872.73,104.91977
2026-09-01T00:30:00+00:00,78872.73,78891.93,78678.0,78707.98,148.33588
2026-09-01T00:45:00+00:00,78707.97,78808.0,78584.0,78652.0,128.99695
2026-09-01T01:00:00+00:00,78652.0,78797.99,78530.0,78545.83,132.92059
2026-09-01T01:15:00+00:00,78545.83,78643.46,78412.7,78421.38,132.05394
2026-09-01T01:30:00+00:00,78421.38,78585.01,78375.83,78575.99,95.39319
2026-09-01T01:45:00+00:00,78575.99,78576.0,78388.0,78410.62,80.57658
2026-09-01T02:00:00+00:00,78410.62,78410.62,78189.93,78293.99,151.81638
2026-09-01T02:15:00+00:00,78293.99,78329.62,78200.01,78215.99,146.97069
2026-09-01T02:30:00+00:00,78215.99,78407.28,78215.99,78362.0,124.45478
2026-09-01T02:45:00+00:00,78362.0,78457.55,78340.91,78449.99,101.65308
2026-09-01T03:00:00+00:00,78449.99,78500.0,78406.29,78430.86,72.28172
2026-09-01T03:15:00+00:00,78430.86,78506.01,78400.18,78477.87,47.37197
2026-09-01T03:30:00+00:00,78477.87,78874.0,78477.87,78792.91,238.94404
2026-09-01T03:45:00+00:00,78792.9,78794.0,78670.95,78679.01,183.60867
2026-09-01T04:00:00+00:00,78679.01,78800.0,78653.96,78672.6,151.42147
2026-09-01T04:15:00+00:00,78672.6,78915.09,78672.59,78829.54,88.33907
2026-09-01T04:30:00+00:00,78829.53,78853.45,78708.07,78720.01,56.12955
2026-09-01T04:45:00+00:00,78720.01,78778.0,78683.88,78727.11,148.23639
2026-09-01T05:00:00+00:00,78727.11,78970.82,78727.11,78858.76,113.88273
2026-09-01T05:15:00+00:00,78858.76,79000.0,78792.0,78993.19,119.34966
2026-09-01T05:30:00+00:00,78993.19,79177.18,78968.78,79167.51,179.65824
2026-09-01T05:45:00+00:00,79167.5,79220.61,79091.96,79179.99,134.07258
2026-09-01T06:00:00+00:00,79179.99,79179.99,78974.0,79030.64,124.99459
2026-09-01T06:15:00+00:00,79030.64,79030.64,78821.67,78897.64,128.55557
2026-09-01T06:30:00+00:00,78897.64,78950.34,78865.44,78878.0,107.14134
2026-09-01T06:45:00+00:00,78878.0,78886.45,78745.38,78745.39,104.01386
2026-09-01T07:00:00+00:00,78745.39,78806.0,78718.6,78724.46,75.05025
2026-09-01T07:15:00+00:00,78724.46,78797.53,78707.42,78781.5,63.61578
2026-09-01T07:30:00+00:00,78781.5,78796.0,78500.0,78622.71,198.08687
2026-09-01T07:45:00+00:00,78622.71,78686.0,78594.0,78632.37,68.9601
2026-09-01T08:00:00+00:00,78632.37,78658.01,78272.72,78309.99,171.25754
2026-09-01T08:15:00+00:00,78309.99,78338.5,77870.5,77888.0,324.17691
2026-09-01T08:30:00+00:00,77887.99,78052.64,77835.77,77979.87,269.13662
2026-09-01T08:45:00+00:00,77979.87,78040.0,77820.0,77883.28,174.53958
2026-09-01T09:00:00+00:00,77883.28,77928.22,77786.18,77827.28,183.15273
2026-09-01T09:15:00+00:00,77827.27,77977.61,77804.07,77931.29,318.15478
2026-09-01T09:30:00+00:00,77931.3,78062.24,77852.04,78062.24,280.24266
2026-09-01T09:45:00+00:00,78062.23,78062.24,77910.0,77915.0,169.79228
2026-09-01T10:00:00+00:00,77915.0,77999.16,77806.0,77881.88,112.17362
2026-09-01T10:15:00+00:00,77881.88,78048.0,77758.69,78005.85,123.20551
2026-09-01T10:30:00+00:00,78005.85,78196.0,78005.84,78136.01,117.29529
2026-09-01T10:45:00+00:00,78136.01,78174.29,77987.49,78029.67,71.26713
2026-09-01T11:00:00+00:00,78029.67,78054.0,77922.79,77989.14,82.89195
2026-09-01T11:15:00+00:00,77989.14,78023.86,77890.0,78009.12,76.49378
2026-09-01T11:30:00+00:00,78009.12,78202.52,77958.0,78106.55,100.76482
2026-09-01T11:45:00+00:00,78106.54,78198.65,78056.72,78098.97,77.29677
2026-09-01T12:00:00+00:00,78098.96,78156.0,77954.0,78031.99,98.38269
2026-09-01T12:15:00+00:00,78032.0,78100.96,77913.86,77994.01,95.84924
2026-09-01T12:30:00+00:00,77994.0,77994.01,77742.01,77970.53,164.38534
2026-09-01T12:45:00+00:00,77970.52,78074.68,77928.48,78004.0,115.83899
2026-09-01T13:00:00+00:00,78004.01,78016.01,77515.07,77818.91,334.39022
2026-09-01T13:15:00+00:00,77818.9,77897.69,77732.0,77888.39,140.97532
2026-09-01T13:30:00+00:00,77888.39,78038.8,77510.0,77924.0,511.48744
2026-09-01T13:45:00+00:00,77924.01,78202.0,77858.43,78071.99,298.35956
2026-09-01T14:00:00+00:00,78072.0,78420.0,78052.0,78269.11,268.81167
2026-09-01T14:15:00+00:00,78269.1,78411.8,78147.16,78262.15,239.63457
2026-09-01T14:30:00+00:00,78262.14,78405.0,78232.36,78399.99,135.37944
2026-09-01T14:45:00+00:00,78400.0,78424.0,78144.0,78167.99,156.73015
2026-09-01T15:00:00+00:00,78168.0,78169.69,77727.61,77826.25,259.32068
2026-09-01T15:15:00+00:00,77826.24,77886.0,77762.11,77869.21,103.55405
2026-09-01T15:30:00+00:00,77869.22,78023.12,77811.73,78018.45,114.22075
2026-09-01T15:45:00+00:00,78018.44,78104.0,77918.96,77919.06,83.0106
2026-09-01T16:00:00+00:00,77919.07,77976.0,77647.45,77668.9,120.8652
2026-09-01T16:15:00+00:00,77668.89,77746.61,77468.0,77623.13,228.95048
2026-09-01T16:30:00+00:00,77623.12,77623.13,77318.0,77443.01,256.86125
2026-09-01T16:45:00+00:00,77443.01,77652.0,77430.57,77596.01,85.5614
2026-09-01T17:00:00+00:00,77596.01,77652.0,77504.73,77523.04,80.70164
2026-09-01T17:15:00+00:00,77523.04,77620.0,77416.83,77513.92,129.20444
2026-09-01T17:30:00+00:00,77513.93,77721.26,77508.33,77520.0,99.63392
2026-09-01T17:45:00+00:00,77520.0,77520.01,77241.12,77265.79,175.22204
2026-09-01T18:00:00+00:00,77265.79,77319.64,77141.09,77224.15,163.19856
2026-09-01T18:15:00+00:00,77224.16,77248.0,76737.0,77057.21,530.27758
2026-09-01T18:30:00+00:00,77057.21,77122.0,76577.0,76577.01,438.69675
2026-09-01T18:45:00+00:00,76577.0,77157.52,76420.0,77153.9,353.72546
2026-09-01T19:00:00+00:00,77153.89,77306.22,77112.0,77204.16,152.46941
2026-09-01T19:15:00+00:00,77204.16,77466.55,77138.0,77362.45,121.34963
2026-09-01T19:30:00+00:00,77362.45,77385.53,77298.0,77309.79,95.00819
2026-09-01T19:45:00+00:00,77309.79,77332.0,77200.0,77312.0,76.21545
2026-09-01T20:00:00+00:00,77312.0,77425.99,77236.48,77425.99,85.66131
2026-09-01T20:15:00+00:00,77425.99,77469.87,77325.12,77400.0,74.84068
2026-09-01T20:30:00+00:00,77400.0,77471.9,77340.36,77386.72,57.86059
2026-09-01T20:45:00+00:00,77386.72,77469.01,77349.66,77448.45,48.01369
2026-09-01T21:00:00+00:00,77448.46,77516.3,77068.24,77114.44,139.41036
2026-09-01T21:15:00+00:00,77114.43,77268.0,76920.36,77188.68,142.77815
2026-09-01T21:30:00+00:00,77188.69,77225.73,77035.12,77146.1,90.12781
2026-09-01T21:45:00+00:00,77146.1,77272.72,77135.0,77211.32,42.67078
2026-09-01T22:00:00+00:00,77211.32,77312.0,77188.0,77295.35,58.30387
2026-09-01T22:15:00+00:00,77295.35,77295.35,77072.0,77072.0,88.3188
2026-09-01T22:30:00+00:00,77072.01,77189.23,77030.0,77151.43,95.55764
2026-09-01T22:45:00+00:00,77151.44,77364.01,77151.43,77274.02,93.11813
2026-09-01T23:00:00+00:00,77274.02,77320.0,77218.0,77262.01,53.46458
2026-09-01T23:15:00+00:00,77262.0,77396.84,77262.0,77396.84,59.97528
2026-09-01T23:30:00+00:00,77396.83,77591.82,77383.99,77537.5,94.49212
2026-09-01T23:45:00+00:00,77537.5,77638.18,77418.0,77439.0,133.66881
2026-09-02T00:00:00+00:00,77439.01,77512.0,77358.0,77397.03,124.66593
2026-09-02T00:15:00+00:00,77397.02,77462.0,77255.86,77262.9,72.75931
2026-09-02T00:30:00+00:00,77262.91,77338.22,77132.0,77229.31,98.56312
2026-09-02T00:45:00+00:00,77229.31,77273.41,77182.79,77213.25,56.52883
2026-09-02T01:00:00+00:00,77213.24,77372.0,77154.37,77351.46,130.59503
2026-09-02T01:15:00+00:00,77351.46,77351.46,77150.0,77150.0,148.7651
2026-09-02T01:30:00+00:00,77150.01,77188.0,76848.0,76886.93,156.90703
2026-09-02T01:45:00+00:00,76886.93,77044.0,76718.48,77020.68,225.32995
2026-09-02T02:00:00+00:00,77020.67,77210.0,76948.97,77088.4,145.95603
2026-09-02T02:15:00+00:00,77088.39,77343.74,77080.73,77325.48,130.0862
2026-09-02T02:30:00+00:00,77325.47,77325.47,77171.51,77226.0,86.81678
2026-09-02T02:45:00+00:00,77225.99,77329.2,77204.0,77329.2,74.32044
2026-09-02T03:00:00+00:00,77329.2,77600.0,77314.51,77512.0,169.5729
2026-09-02T03:15:00+00:00,77512.0,77792.0,77494.0,77660.56,215.24278
2026-09-02T03:30:00+00:00,77660.56,77660.56,77514.0,77552.0,99.14923
2026-09-02T03:45:00+00:00,77552.0,77640.0,77508.02,77563.5,134.40962
2026-09-02T04:00:00+00:00,77563.5,77563.5,77359.99,77376.39,105.3585
2026-09-02T04:15:00+00:00,77376.38,77446.64,77294.56,77431.27,85.94115
2026-09-02T04:30:00+00:00,77431.27,77591.82,77431.27,77589.32,71.92097
2026-09-02T04:45:00+00:00,77589.31,77612.84,77537.31,77561.82,36.70648
2026-09-02T05:00:00+00:00,77561.82,77600.02,77438.0,77600.02,67.27657
2026-09-02T05:15:00+00:00,77600.02,77761.93,77600.02,77744.78,97.90236
2026-09-02T05:30:00+00:00,77744.78,77749.24,77672.1,77704.68,60.07931
2026-09-02T05:45:00+00:00,77704.68,77756.51,77567.8,77651.07,116.57026
2026-09-02T06:00:00+00:00,77651.08,77724.0,77576.51,77581.73,106.23978
2026-09-02T06:15:00+00:00,77581.73,77666.9,77545.93,77545.93,72.6544
2026-09-02T06:30:00+00:00,77545.94,77683.47,77462.0,77614.0,146.70899
2026-09-02T06:45:00+00:00,77614.01,77620.01,77500.0,77611.54,71.4482
2026-09-02T07:00:00+00:00,77611.53,77765.99,77594.0,77671.0,99.12515
2026-09-02T07:15:00+00:00,77670.99,77696.81,77594.0,77598.0,82.3819
2026-09-02T07:30:00+00:00,77598.01,77631.58,77560.0,77560.01,130.81168
2026-09-02T07:45:00+00:00,77560.0,77599.76,77473.84,77473.85,203.58837
2026-09-02T08:00:00+00:00,77473.86,77546.0,77381.65,77417.57,166.53775
2026-09-02T08:15:00+00:00,77417.58,77475.14,77248.01,77248.01,110.70583
2026-09-02T08:30:00+00:00,77248.02,77248.02,76945.35,76970.87,188.14746
2026-09-02T08:45:00+00:00,76970.88,77046.93,76746.81,76854.11,239.72355
2026-09-02T09:00:00+00:00,76854.11,77049.4,76852.88,76945.13,147.14558
2026-09-02T09:15:00+00:00,76945.13,76968.0,76600.0,76891.96,254.27031
2026-09-02T09:30:00+00:00,76891.96,76897.98,76517.24,76563.51,276.92836
2026-09-02T09:45:00+00:00,76563.52,76760.0,76484.64,76752.26,357.70807
2026-09-02T10:00:00+00:00,76752.26,76753.83,76569.56,76640.01,155.08546
2026-09-02T10:15:00+00:00,76640.0,76703.12,76571.8,76571.8,124.98758
2026-09-02T10:30:00+00:00,76571.8,76610.0,76478.0,76605.99,139.91154
2026-09-02T10:45:00+00:00,76605.98,76695.4,76264.0,76680.88,504.90969
2026-09-02T11:00:00+00:00,76680.88,76727.47,76519.99,76727.46,202.78241
2026-09-02T11:15:00+00:00,76727.47,76758.0,76356.0,76502.0,133.06851
2026-09-02T11:30:00+00:00,76502.0,76738.98,76488.0,76646.1,148.65309
2026-09-02T11:45:00+00:00,76646.1,76848.73,76600.0,76828.76,157.25514
2026-09-02T12:00:00+00:00,76828.75,76841.9,76677.76,76827.99,175.54655
2026-09-02T12:15:00+00:00,76827.99,77049.4,76772.0,76988.5,142.30573
2026-09-02T12:30:00+00:00,76988.49,76991.83,76800.0,76822.56,111.15413
2026-09-02T12:45:00+00:00,76822.55,76825.18,76611.67,76613.88,152.90808
2026-09-02T13:00:00+00:00,76613.87,76881.23,76613.87,76744.02,124.76383
2026-09-02T13:15:00+00:00,76744.01,76960.02,76712.0,76881.11,133.32489
2026-09-02T13:30:00+00:00,76881.12,77400.56,76625.0,77381.65,310.83286
2026-09-02T13:45:00+00:00,77381.66,77443.61,76996.0,77146.0,243.91069
2026-09-02T14:00:00+00:00,77146.0,77346.84,77010.24,77346.83,186.45619
2026-09-02T14:15:00+00:00,77346.83,77490.0,77232.28,77336.51,149.975
2026-09-02T14:30:00+00:00,77336.52,77396.97,77110.0,77324.96,120.66932
2026-09-02T14:45:00+00:00,77324.97,77334.2,77066.42,77066.42,98.30028
2026-09-02T15:00:00+00:00,77066.42,77182.0,76748.01,76819.99,327.00015
2026-09-02T15:15:00+00:00,76819.99,77147.7,76816.87,77039.92,145.66993
2026-09-02T15:30:00+00:00,77039.91,77386.0,76994.01,77369.78,197.84436
2026-09-02T15:45:00+00:00,77369.78,77372.0,77140.0,77288.98,154.42369
2026-09-02T16:00:00+00:00,77288.97,77396.0,77210.0,77356.01,216.1706
2026-09-02T16:15:00+00:00,77356.01,77582.0,77332.66,77464.02,605.58493
2026-09-02T16:30:00+00:00,77464.03,77567.42,77264.28,77264.28,262.83694
2026-09-02T16:45:00+00:00,77264.29,77330.0,77171.5,77171.5,95.33157
2026-09-02T17:00:00+00:00,77171.51,77246.0,77066.42,77128.83,151.60676
2026-09-02T17:15:00+00:00,77128.83,77162.12,76950.56,77100.0,107.81276
2026-09-02T17:30:00+00:00,77099.99,77308.91,77083.76,77308.9,109.94672
2026-09-02T17:45:00+00:00,77308.91,77406.0,77308.91,77381.66,95.65535
2026-09-02T18:00:00+00:00,77381.65,77442.85,77326.05,77411.84,78.09635
2026-09-02T18:15:00+00:00,77411.85,77524.0,77382.0,77447.28,133.99367
2026-09-02T18:30:00+00:00,77447.28,77454.78,77298.0,77314.0,119.6648
2026-09-02T18:45:00+00:00,77314.01,77413.8,77296.52,77377.76,43.24031
2026-09-02T19:00:00+00:00,77377.76,77401.88,77328.0,77391.78,82.12494
2026-09-02T19:15:00+00:00,77391.77,77416.0,77168.66,77168.66,61.90845
2026-09-02T19:30:00+00:00,77168.66,77249.55,77124.0,77230.12,72.30999
2026-09-02T19:45:00+00:00,77230.12,77354.08,77152.0,77341.47,73.07042
2026-09-02T20:00:00+00:00,77341.48,77520.0,77287.02,77364.33,92.58268
2026-09-02T20:15:00+00:00,77364.34,77464.18,77207.47,77382.36,96.46958
2026-09-02T20:30:00+00:00,77382.35,77481.41,77320.0,77369.99,97.47431
2026-09-02T20:45:00+00:00,77369.99,77474.62,77300.0,77406.01,95.60869
2026-09-02T21:00:00+00:00,77406.0,77406.01,77316.0,77328.0,85.39221
2026-09-02T21:15:00+00:00,77328.01,77332.76,77243.0,77283.48,33.60952
2026-09-02T21:30:00+00:00,77283.49,77431.78,77242.0,77426.69,60.07534
2026-09-02T21:45:00+00:00,77426.68,77426.69,77268.4,77284.0,111.98744
2026-09-02T22:00:00+00:00,77284.01,77284.01,77076.0,77158.8,66.49248
2026-09-02T22:15:00+00:00,77158.8,77171.51,77023.11,77024.53,43.68101
2026-09-02T22:30:00+00:00,77024.52,77157.58,77024.52,77124.28,36.40816
2026-09-02T22:45:00+00:00,77124.29,77124.29,77032.76,77034.03,41.61863
2026-09-02T23:00:00+00:00,77034.03,77221.82,77007.36,77221.82,81.95771
2026-09-02T23:15:00+00:00,77221.82,77221.82,77142.0,77195.08,36.09957
2026-09-02T23:30:00+00:00,77195.09,77258.0,77112.28,77145.99,34.39378
2026-09-02T23:45:00+00:00,77145.99,77372.62,77145.99,77340.01,40.48417
2026-09-03T00:00:00+00:00,77340.01,77394.0,77171.5,77171.51,78.6084
2026-09-03T00:15:00+00:00,77171.5,77171.51,77035.87,77035.87,109.10576
2026-09-03T00:30:00+00:00,77035.88,77134.37,76980.01,77109.48,85.39067
2026-09-03T00:45:00+00:00,77109.48,77138.0,77032.83,77068.01,54.22044
2026-09-03T01:00:00+00:00,77068.0,77428.0,76968.0,77417.64,154.98037
2026-09-03T01:15:00+00:00,77417.63,77442.86,77288.41,77438.0,137.82744
2026-09-03T01:30:00+00:00,77438.0,77546.8,77324.0,77350.47,170.25765
2026-09-03T01:45:00+00:00,77350.47,77468.0,77295.05,77356.7,70.22099
2026-09-03T02:00:00+00:00,77356.69,77488.0,77238.89,77488.0,125.8229
2026-09-03T02:15:00+00:00,77487.99,77617.64,77432.09,77598.67,116.27266
2026-09-03T02:30:00+00:00,77598.66,77900.0,77558.0,77772.25,200.17179
2026-09-03T02:45:00+00:00,77772.25,77873.08,77734.85,77816.01,121.25269
2026-09-03T03:00:00+00:00,77816.02,77860.0,77704.88,77834.0,126.29267
2026-09-03T03:15:00+00:00,77834.01,77880.0,77718.91,77750.0,122.15047
2026-09-03T03:30:00+00:00,77750.01,77776.0,77647.93,77670.53,90.10437
2026-09-03T03:45:00+00:00,77670.54,77741.99,77642.09,77708.0,47.38584
2026-09-03T04:00:00+00:00,77708.01,77833.1,77618.5,77644.27,152.18361
2026-09-03T04:15:00+00:00,77644.26,77658.0,77550.0,77576.15,70.09224
2026-09-03T04:30:00+00:00,77576.15,77623.66,77547.16,77557.55,38.3319
2026-09-03T04:45:00+00:00,77557.56,77792.24,77557.55,77776.0,75.54751
2026-09-03T05:00:00+00:00,77775.99,77824.0,77608.0,77636.35,126.58751
2026-09-03T05:15:00+00:00,77636.34,77648.0,77101.01,77200.01,202.38997
2026-09-03T05:30:00+00:00,77200.01,77514.0,77172.11,77486.74,109.72937
2026-09-03T05:45:00+00:00,77486.73,77829.8,77407.43,77809.91,178.82301
2026-09-03T06:00:00+00:00,77809.91,77856.16,77698.75,77709.85,122.53183
2026-09-03T06:15:00+00:00,77709.85,77790.0,77706.27,77748.46,113.09375
2026-09-03T06:30:00+00:00,77748.46,77828.67,77724.0,77828.67,93.84891
2026-09-03T06:45:00+00:00,77828.66,77852.0,77770.4,77835.19,78.65682
2026-09-03T07:00:00+00:00,77835.2,78183.91,77812.0,78061.84,307.65177
2026-09-03T07:15:00+00:00,78061.83,78061.84,77887.13,77954.01,112.53316
2026-09-03T07:30:00+00:00,77954.02,78070.0,77862.05,77900.0,142.45354
2026-09-03T07:45:00+00:00,77900.01,77938.9,77600.0,77663.15,133.58119
2026-09-03T08:00:00+00:00,77663.14,78066.0,77663.14,77928.0,150.09341
2026-09-03T08:15:00+00:00,77928.0,77979.14,77826.18,77979.13,60.9534
2026-09-03T08:30:00+00:00,77979.14,77993.46,77872.33,77882.78,71.61608
2026-09-03T08:45:00+00:00,77882.77,77910.93,77766.0,77843.34,80.56623
2026-09-03T09:00:00+00:00,77843.34,77975.46,77807.99,77874.35,85.08718
2026-09-03T09:15:00+00:00,77874.36,77913.76,77742.66,77742.67,60.78108
2026-09-03T09:30:00+00:00,77742.66,77779.89,77660.63,77724.36,95.68322
2026-09-03T09:45:00+00:00,77724.36,77783.57,77608.0,77615.24,99.45709
2026-09-03T10:00:00+00:00,77615.25,77680.8,77540.0,77562.89,125.48206
2026-09-03T10:15:00+00:00,77562.9,77708.0,77528.73,77630.96,73.51753
2026-09-03T10:30:00+00:00,77630.97,77650.59,77478.0,77508.66,113.02175
2026-09-03T10:45:00+00:00,77508.65,77773.26,77502.33,77735.88,94.37126
2026-09-03T11:00:00+00:00,77735.88,77822.89,77709.52,77822.89,79.69078
2026-09-03T11:15:00+00:00,77822.89,77959.03,77822.88,77927.21,97.50011
2026-09-03T11:30:00+00:00,77927.21,77982.0,77838.01,77929.91,119.82536
2026-09-03T11:45:00+00:00,77929.91,78004.94,77884.0,77948.39,99.75275
2026-09-03T12:00:00+00:00,77948.39,78100.0,77896.07,78085.0,139.64774
2026-09-03T12:15:00+00:00,78085.01,78142.01,77948.96,77970.09,92.56135
2026-09-03T12:30:00+00:00,77970.09,78446.54,77970.09,78308.0,358.78982
2026-09-03T12:45:00+00:00,78307.99,78782.75,78239.77,78652.38,388.94331
2026-09-03T13:00:00+00:00,78652.37,78712.0,78516.0,78548.6,219.56971
2026-09-03T13:15:00+00:00,78548.61,78600.0,78450.25,78494.83,131.69314
2026-09-03T13:30:00+00:00,78494.84,78926.0,78458.36,78896.01,397.7253
2026-09-03T13:45:00+00:00,78896.01,79000.0,78729.78,78840.52,303.75562
2026-09-03T14:00:00+00:00,78840.52,79000.0,78704.0,78990.0,268.65329
2026-09-03T14:15:00+00:00,78990.0,79678.77,78988.66,79664.01,699.59169
2026-09-03T14:30:00+00:00,79664.0,79875.0,79599.99,79764.72,552.13692
2026-09-03T14:45:00+00:00,79764.71,80561.0,79760.45,80549.97,993.1263
2026-09-03T15:00:00+00:00,80549.97,80966.63,80354.65,80557.84,1512.26035
2026-09-03T15:15:00+00:00,80557.83,80782.53,80465.54,80743.75,474.13173
2026-09-03T15:30:00+00:00,80743.76,81000.0,80690.0,80861.2,423.23456
2026-09-03T15:45:00+00:00,80861.2,81370.33,80731.18,81348.0,646.5587
2026-09-03T16:00:00+00:00,81348.0,81360.0,80782.69,80944.5,505.22632
2026-09-03T16:15:00+00:00,80944.5,80952.49,80613.52,80765.96,302.00656
2026-09-03T16:30:00+00:00,80765.96,80942.4,80765.61,80801.01,214.70723
2026-09-03T16:45:00+00:00,80801.01,81035.99,80777.03,80969.37,217.84564
2026-09-03T17:00:00+00:00,80969.37,81112.06,80886.0,81109.5,262.72341
2026-09-03T17:15:00+00:00,81109.5,81145.88,80932.0,80997.23,297.32804
2026-09-03T17:30:00+00:00,80997.24,81165.0,80997.23,81078.58,158.248
2026-09-03T17:45:00+00:00,81078.58,81188.17,81006.0,81042.0,157.19589
2026-09-03T18:00:00+00:00,81042.0,81333.33,81019.57,81259.55,223.8755
2026-09-03T18:15:00+00:00,81259.55,81281.07,80948.0,80948.0,125.73756
2026-09-03T18:30:00+00:00,80948.01,81046.0,80904.0,80979.49,127.20484
2026-09-03T18:45:00+00:00,80979.5,81263.63,80963.24,81254.32,118.80592
2026-09-03T19:00:00+00:00,81254.31,81640.0,81171.98,81199.99,352.5209
2026-09-03T19:15:00+00:00,81200.0,81606.96,81177.69,81546.71,164.74721
2026-09-03T19:30:00+00:00,81546.71,81613.57,81377.69,81540.0,185.04886
2026-09-03T19:45:00+00:00,81540.0,81790.0,81460.92,81755.41,400.64926
2026-09-03T20:00:00+00:00,81755.41,81780.0,81401.99,81412.3,191.53548
2026-09-03T20:15:00+00:00,81412.3,81595.95,81392.74,81535.58,121.31776
2026-09-03T20:30:00+00:00,81535.57,81632.0,81407.81,81470.01,99.69282
2026-09-03T20:45:00+00:00,81470.01,81576.02,81416.01,81473.0,188.98966
2026-09-03T21:00:00+00:00,81473.0,81620.67,81288.0,81598.01,186.23308
2026-09-03T21:15:00+00:00,81598.01,81777.75,81506.55,81762.0,176.13143
2026-09-03T21:30:00+00:00,81762.0,82300.0,81522.54,81522.54,770.55841
2026-09-03T21:45:00+00:00,81522.54,81748.0,81416.0,81590.0,159.64829
2026-09-03T22:00:00+00:00,81590.0,81604.65,81260.99,81378.35,184.95508
2026-09-03T22:15:00+00:00,81378.35,81399.39,81124.51,81131.82,158.78476
2026-09-03T22:30:00+00:00,81131.81,81239.6,80905.05,81194.93,249.77409
2026-09-03T22:45:00+00:00,81194.94,81272.0,81064.04,81140.0,119.05812
2026-09-03T23:00:00+00:00,81140.0,81213.01,81078.0,81172.02,114.45743
2026-09-03T23:15:00+00:00,81172.01,81282.0,81160.0,81281.99,109.13886
2026-09-03T23:30:00+00:00,81281.99,81338.0,81126.0,81234.0,99.69722
2026-09-03T23:45:00+00:00,81234.01,81328.76,81181.95,81270.37,84.69882
2026-09-04T00:00:00+00:00,81270.37,81270.38,81084.0,81244.0,140.48996
2026-09-04T00:15:00+00:00,81244.0,81349.1,81148.01,81148.01,134.5267
2026-09-04T00:30:00+00:00,81148.0,81427.75,81126.0,81224.0,181.4931
2026-09-04T00:45:00+00:00,81224.0,81240.0,80960.0,80972.12,186.69156
2026-09-04T01:00:00+00:00,80972.11,81097.92,80906.43,80944.19,135.74465
2026-09-04T01:15:00+00:00,80944.19,81022.0,80786.44,80827.07,155.73813
2026-09-04T01:30:00+00:00,80827.08,80931.4,80759.52,80785.0,136.3888
2026-09-04T01:45:00+00:00,80785.01,81031.63,80774.39,80968.01,77.69437
2026-09-04T02:00:00+00:00,80968.01,80968.01,80777.98,80799.5,97.91507
2026-09-04T02:15:00+00:00,80799.51,80871.16,80685.0,80716.65,164.38603
2026-09-04T02:30:00+00:00,80716.64,80846.25,80686.0,80744.01,86.01612
2026-09-04T02:45:00+00:00,80744.01,80831.99,80669.45,80831.99,85.45782
2026-09-04T03:00:00+00:00,80832.0,81021.8,80831.99,80931.78,157.79567
2026-09-04T03:15:00+00:00,80931.78,80947.99,80842.0,80842.01,131.58971
2026-09-04T03:30:00+00:00,80842.0,80887.18,80806.0,80873.69,119.14946
2026-09-04T03:45:00+00:00,80873.7,80969.84,80850.0,80850.0,115.2822
2026-09-04T04:00:00+00:00,80850.01,80973.99,80820.0,80973.99,100.21683
2026-09-04T04:15:00+00:00,80973.99,81288.0,80962.12,81267.64,187.86935
2026-09-04T04:30:00+00:00,81267.65,81275.58,81019.0,81039.29,194.44022
2026-09-04T04:45:00+00:00,81039.3,81142.0,81028.31,81070.54,119.93841
2026-09-04T05:00:00+00:00,81070.54,81079.69,80974.45,80980.01,141.90194
2026-09-04T05:15:00+00:00,80980.01,81143.3,80951.0,81024.32,162.59794
2026-09-04T05:30:00+00:00,81024.16,81024.16,80905.05,80985.99,147.37249
2026-09-04T05:45:00+00:00,80986.0,81060.0,80863.03,80996.15,141.86007
2026-09-04T06:00:00+00:00,80996.15,81090.0,80910.0,81018.28,102.15406
2026-09-04T06:15:00+00:00,81018.27,81036.0,80700.0,80725.38,106.36217
2026-09-04T06:30:00+00:00,80725.37,80856.36,80573.21,80847.84,139.34656
2026-09-04T06:45:00+00:00,80847.84,80859.05,80700.02,80797.39,87.75246
2026-09-04T07:00:00+00:00,80797.4,80966.75,80789.61,80938.02,130.82517
2026-09-04T07:15:00+00:00,80938.01,80964.76,80846.0,80862.05,84.53322
2026-09-04T07:30:00+00:00,80862.05,80905.06,80744.0,80769.91,228.11488
2026-09-04T07:45:00+00:00,80769.92,80785.36,80641.65,80656.87,262.36155
2026-09-04T08:00:00+00:00,80656.86,80773.97,80502.87,80773.96,169.61377
2026-09-04T08:15:00+00:00,80773.96,80997.36,80773.96,80982.57,95.72139
2026-09-04T08:30:00+00:00,80982.57,81154.4,80974.0,81048.29,246.75687
2026-09-04T08:45:00+00:00,81048.29,81237.0,81000.0,81147.16,241.95351
2026-09-04T09:00:00+00:00,81147.16,81230.0,81081.94,81091.16,171.59307
2026-09-04T09:15:00+00:00,81091.16,81310.0,80934.24,81037.65,287.61586
2026-09-04T09:30:00+00:00,81037.66,81224.76,80984.0,81169.09,190.19661
2026-09-04T09:45:00+00:00,81169.09,81223.97,81031.96,81056.63,319.46791
2026-09-04T10:00:00+00:00,81056.63,81124.0,80887.28,80963.99,142.85985
2026-09-04T10:15:00+00:00,80964.0,80976.0,80831.14,80961.18,101.80404
2026-09-04T10:30:00+00:00,80961.18,81116.9,80906.26,81069.83,148.81933
2026-09-04T10:45:00+00:00,81069.84,81194.0,81028.0,81179.63,89.91317
2026-09-04T11:00:00+00:00,81179.64,81229.3,81080.01,81187.15,120.34852
2026-09-04T11:15:00+00:00,81187.14,81423.03,81134.0,81336.21,147.58523
2026-09-04T11:30:00+00:00,81336.2,81336.2,81200.0,81247.99,100.0237
2026-09-04T11:45:00+00:00,81247.99,81351.56,81208.0,81224.86,144.48991
2026-09-04T12:00:00+00:00,81224.86,81273.99,81138.0,81250.38,194.1859
2026-09-04T12:15:00+00:00,81250.38,81350.0,81130.0,81340.0,128.87629
2026-09-04T12:30:00+00:00,81340.0,81340.0,79414.0,79686.0,2502.7825
2026-09-04T12:45:00+00:00,79686.0,79690.78,79177.77,79453.96,865.352
2026-09-04T13:00:00+00:00,79453.95,79583.97,79189.0,79233.99,499.70924
2026-09-04T13:15:00+00:00,79233.99,79492.84,79205.9,79312.0,353.28753
2026-09-04T13:30:00+00:00,79312.0,79545.15,79000.0,79401.99,672.55793
2026-09-04T13:45:00+00:00,79401.99,79704.0,79237.54,79378.67,402.28714
2026-09-04T14:00:00+00:00,79378.66,79572.0,79250.0,79414.01,382.27736
2026-09-04T14:15:00+00:00,79414.0,79508.95,79080.55,79378.58,387.15259
2026-09-04T14:30:00+00:00,79378.59,79470.0,78868.58,79036.05,406.71165
2026-09-04T14:45:00+00:00,79036.05,79144.0,78660.0,78915.71,640.59189
2026-09-04T15:00:00+00:00,78915.71,79199.0,78800.0,79198.84,298.51266
2026-09-04T15:15:00+00:00,79198.84,79436.3,79172.0,79413.03,248.60582
2026-09-04T15:30:00+00:00,79413.03,79543.47,79361.18,79520.97,219.02449
2026-09-04T15:45:00+00:00,79520.96,79555.32,79388.97,79429.33,176.63684
2026-09-04T16:00:00+00:00,79429.33,79530.43,79378.19,79454.0,161.1807
2026-09-04T16:15:00+00:00,79454.0,79586.09,79440.0,79549.34,254.14059
2026-09-04T16:30:00+00:00,79549.35,79862.46,79543.3,79852.96,349.49217
2026-09-04T16:45:00+00:00,79852.96,79877.07,79730.47,79745.73,295.02158
2026-09-04T17:00:00+00:00,79745.72,79752.92,79616.0,79616.0,148.86438
2026-09-04T17:15:00+00:00,79616.01,79648.98,79511.58,79511.59,79.81282
2026-09-04T17:30:00+00:00,79511.59,79582.0,79439.21,79479.45,92.15484
2026-09-04T17:45:00+00:00,79479.46,79518.0,79383.0,79472.22,71.68288
2026-09-04T18:00:00+00:00,79472.22,79592.0,79472.22,79527.54,83.91167
2026-09-04T18:15:00+00:00,79527.55,79614.0,79527.54,79534.55,62.47127
2026-09-04T18:30:00+00:00,79534.56,79650.0,79534.56,79638.01,67.66493
2026-09-04T18:45:00+00:00,79638.0,79655.86,79594.9,79618.15,49.29329
2026-09-04T19:00:00+00:00,79618.15,79728.0,79618.14,79706.0,65.17424
2026-09-04T19:15:00+00:00,79705.99,79819.99,79691.65,79808.23,133.87055
2026-09-04T19:30:00+00:00,79808.23,79808.23,79636.95,79682.72,82.05227
2026-09-04T19:45:00+00:00,79682.73,79810.0,79642.0,79793.34,110.87533
2026-09-04T20:00:00+00:00,79793.35,79862.15,79768.28,79815.59,90.80273
2026-09-04T20:15:00+00:00,79815.59,79837.98,79747.76,79759.46,41.17138
2026-09-04T20:30:00+00:00,79759.46,79777.53,79700.0,79724.01,53.97082
2026-09-04T20:45:00+00:00,79724.02,79769.25,79667.99,79697.04,66.22701
2026-09-04T21:00:00+00:00,79697.03,79789.98,79697.03,79769.59,51.4184
2026-09-04T21:15:00+00:00,79769.6,79811.98,79736.01,79772.57,65.74906
2026-09-04T21:30:00+00:00,79772.56,79819.3,79746.74,79762.26,293.8452
2026-09-04T21:45:00+00:00,79762.27,79800.0,79512.0,79624.0,234.52912
2026-09-04T22:00:00+00:00,79624.0,79692.56,79624.0,79692.56,127.84134
2026-09-04T22:15:00+00:00,79692.56,79713.88,79604.0,79706.0,183.42233
2026-09-04T22:30:00+00:00,79706.0,79716.0,79662.0,79662.01,102.52059
2026-09-04T22:45:00+00:00,79662.0,79679.87,79622.58,79636.09,85.21312
2026-09-04T23:00:00+00:00,79636.09,79650.0,79600.89,79611.11,42.98137
2026-09-04T23:15:00+00:00,79611.12,79758.0,79611.11,79736.03,55.901
2026-09-04T23:30:00+00:00,79736.02,79736.03,79668.01,79668.01,24.83473
2026-09-04T23:45:00+00:00,79668.02,79668.02,79617.16,79660.77,29.21254
2026-09-05T00:00:00+00:00,79660.77,79721.57,79616.58,79672.68,38.09247
2026-09-05T00:15:00+00:00,79672.68,79672.68,79600.0,79652.71,38.83577
2026-09-05T00:30:00+00:00,79652.72,79699.68,79624.0,79627.21,40.17141
2026-09-05T00:45:00+00:00,79627.21,79649.23,79562.0,79573.36,62.44013
2026-09-05T01:00:00+00:00,79573.37,79682.05,79550.75,79626.03,62.61816
2026-09-05T01:15:00+00:00,79626.02,79700.0,79604.0,79693.99,50.82516
2026-09-05T01:30:00+00:00,79693.99,79710.0,79610.0,79635.74,63.19919
2026-09-05T01:45:00+00:00,79635.74,79664.0,79533.34,79533.34,74.634
2026-09-05T02:00:00+00:00,79533.34,79578.0,79472.22,79564.0,93.15685
2026-09-05T02:15:00+00:00,79564.01,79596.8,79512.0,79521.56,60.33114
2026-09-05T02:30:00+00:00,79521.55,79622.0,79521.55,79619.45,44.93815
2026-09-05T02:45:00+00:00,79619.44,79619.45,79538.58,79569.09,28.12324
2026-09-05T03:00:00+00:00,79569.09,79569.09,79510.93,79545.75,35.061
2026-09-05T03:15:00+00:00,79545.76,79614.0,79545.75,79584.0,92.65582
2026-09-05T03:30:00+00:00,79584.01,79630.0,79584.0,79622.75,44.10923
2026-09-05T03:45:00+00:00,79622.75,79630.74,79581.57,79582.0,50.35297
2026-09-05T04:00:00+00:00,79581.99,79589.84,79513.29,79539.99,59.15723
2026-09-05T04:15:00+00:00,79540.0,79576.0,79539.99,79558.28,40.60011
2026-09-05T04:30:00+00:00,79558.28,79560.12,79530.0,79533.28,40.4304
2026-09-05T04:45:00+00:00,79533.29,79559.88,79500.0,79500.01,143.771
2026-09-05T05:00:00+00:00,79500.01,79558.73,79442.0,79558.73,157.98511
2026-09-05T05:15:00+00:00,79558.73,79586.04,79520.0,79586.04,170.2383
2026-09-05T05:30:00+00:00,79586.04,79594.0,79522.0,79522.01,33.70382
2026-09-05T05:45:00+00:00,79522.01,79600.01,79493.82,79577.53,124.63355
2026-09-05T06:00:00+00:00,79577.53,79635.97,79576.0,79626.54,63.25981
2026-09-05T06:15:00+00:00,79626.54,79645.45,79613.4,79643.03,55.52302
2026-09-05T06:30:00+00:00,79643.03,79715.72,79630.0,79664.0,62.82879
2026-09-05T06:45:00+00:00,79664.0,79684.78,79644.0,79644.01,74.15322
2026-09-05T07:00:00+00:00,79644.01,79698.0,79639.22,79692.44,79.60953
2026-09-05T07:15:00+00:00,79692.44,79717.59,79672.68,79717.58,51.25829
2026-09-05T07:30:00+00:00,79717.58,79749.7,79708.14,79730.74,84.52359
2026-09-05T07:45:00+00:00,79731.17,79763.41,79694.71,79709.96,57.88614
2026-09-05T08:00:00+00:00,79709.96,79709.96,79633.38,79662.01,77.19173
2026-09-05T08:15:00+00:00,79662.01,79727.95,79608.22,79639.43,88.72061
2026-09-05T08:30:00+00:00,79639.44,79639.44,79568.0,79615.3,109.76188
2026-09-05T08:45:00+00:00,79615.29,79667.99,79600.0,79650.0,102.25462
2026-09-05T09:00:00+00:00,79650.01,79735.97,79650.0,79719.41,111.56626
2026-09-05T09:15:00+00:00,79719.41,79719.41,79693.15,79697.72,72.63975
2026-09-05T09:30:00+00:00,79697.72,79708.35,79657.34,79689.48,108.87572
2026-09-05T09:45:00+00:00,79689.48,79689.48,79612.0,79631.28,98.14335
2026-09-05T10:00:00+00:00,79631.29,79636.91,79619.55,79622.0,97.22428
2026-09-05T10:15:00+00:00,79622.0,79660.0,79600.02,79615.99,92.55074
2026-09-05T10:30:00+00:00,79615.99,79664.0,79600.0,79600.01,74.31512
2026-09-05T10:45:00+00:00,79600.0,79656.23,79593.92,79618.01,60.00344
2026-09-05T11:00:00+00:00,79618.0,79673.96,79618.0,79649.5,84.56018
2026-09-05T11:15:00+00:00,79649.5,79649.5,79620.0,79623.95,24.93771
2026-09-05T11:30:00+00:00,79623.94,79640.48,79608.0,79608.0,52.97243
2026-09-05T11:45:00+00:00,79608.01,79674.33,79608.0,79609.28,61.5322
2026-09-05T12:00:00+00:00,79609.29,79673.99,79609.28,79662.46,28.82504
2026-09-05T12:15:00+00:00,79662.46,79679.99,79654.96,79654.97,51.98804
2026-09-05T12:30:00+00:00,79654.97,79774.0,79612.25,79726.91,133.2542
2026-09-05T12:45:00+00:00,79726.91,79765.14,79698.85,79704.14,136.19159
2026-09-05T13:00:00+00:00,79704.13,79721.96,79657.27,79721.96,126.41204
2026-09-05T13:15:00+00:00,79721.96,79762.0,79680.9,79754.06,80.84333
2026-09-05T13:30:00+00:00,79754.06,79755.57,79642.44,79654.31,116.67999
2026-09-05T13:45:00+00:00,79654.31,79695.92,79545.96,79613.67,164.96281
2026-09-05T14:00:00+00:00,79613.67,79686.0,79613.67,79664.76,54.92947
2026-09-05T14:15:00+00:00,79664.75,79734.49,79664.75,79730.03,52.04585
2026-09-05T14:30:00+00:00,79730.03,79756.32,79697.92,79707.3,92.72661
2026-09-05T14:45:00+00:00,79707.3,79755.94,79707.29,79719.76,92.58008
2026-09-05T15:00:00+00:00,79719.75,79762.79,79702.45,79724.01,148.62937
2026-09-05T15:15:00+00:00,79724.01,79774.86,79678.62,79693.36,91.33927
2026-09-05T15:30:00+00:00,79693.36,79785.43,79693.36,79751.23,96.48986
2026-09-05T15:45:00+00:00,79751.23,79816.0,79736.0,79806.01,47.31077
2026-09-05T16:00:00+00:00,79806.0,79847.46,79754.0,79784.11,96.63439
2026-09-05T16:15:00+00:00,79784.11,79901.59,79780.0,79891.99,164.47486
2026-09-05T16:30:00+00:00,79891.99,79989.02,79891.98,79936.74,208.5872
2026-09-05T16:45:00+00:00,79936.74,80200.0,79930.0,80042.0,246.82912
2026-09-05T17:00:00+00:00,80041.99,80162.29,80011.32,80131.99,268.41484
2026-09-05T17:15:00+00:00,80132.0,80152.0,79973.85,80029.29,125.64723
2026-09-05T17:30:00+00:00,80029.3,80134.15,79984.02,80043.33,181.75464
2026-09-05T17:45:00+00:00,80043.34,80087.66,80020.0,80058.6,318.8836
2026-09-05T18:00:00+00:00,80058.6,80078.0,79974.0,80001.99,180.79008
2026-09-05T18:15:00+00:00,80001.99,80024.0,79954.71,79954.71,64.10012
2026-09-05T18:30:00+00:00,79954.71,80045.11,79936.0,79965.99,53.46049
2026-09-05T18:45:00+00:00,79965.99,80000.0,79930.0,79999.98,34.45998
2026-09-05T19:00:00+00:00,79999.99,79999.99,79928.0,79940.01,40.5681
2026-09-05T19:15:00+00:00,79940.0,79985.86,79906.0,79962.93,34.84755
2026-09-05T19:30:00+00:00,79962.93,79970.92,79760.83,79855.36,87.69015
2026-09-05T19:45:00+00:00,79855.35,79856.41,79712.86,79754.0,80.12331
2026-09-05T20:00:00+00:00,79753.99,79840.25,79720.59,79737.99,85.27064
2026-09-05T20:15:00+00:00,79737.99,79830.0,79694.0,79719.99,90.82155
2026-09-05T20:30:00+00:00,79720.0,79778.92,79694.0,79778.91,269.77453
2026-09-05T20:45:00+00:00,79778.91,79793.37,79730.1,79737.83,205.77344
2026-09-05T21:00:00+00:00,79737.83,79792.86,79724.87,79788.0,44.7429
2026-09-05T21:15:00+00:00,79788.0,79878.0,79775.15,79858.13,25.01099
2026-09-05T21:30:00+00:00,79858.13,79930.03,79834.77,79918.01,55.7408
2026-09-05T21:45:00+00:00,79918.01,79938.0,79864.0,79906.02,38.78664
2026-09-05T22:00:00+00:00,79906.02,79939.16,79856.69,79930.0,47.15145
2026-09-05T22:15:00+00:00,79930.01,79947.99,79770.0,79811.99,58.46036
2026-09-05T22:30:00+00:00,79812.0,79857.99,79759.46,79769.99,158.1219
2026-09-05T22:45:00+00:00,79769.99,79814.67,79749.41,79783.99,253.83476
2026-09-05T23:00:00+00:00,79783.99,79784.0,79716.0,79755.0,37.93691
2026-09-05T23:15:00+00:00,79755.01,79825.27,79748.68,79803.94,42.58397
2026-09-05T23:30:00+00:00,79803.93,79843.96,79706.04,79820.68,352.38872
2026-09-05T23:45:00+00:00,79820.67,79912.83,79784.0,79831.75,152.01004
2026-09-06T00:00:00+00:00,79831.75,79915.15,79829.98,79910.0,36.05489
2026-09-06T00:15:00+00:00,79910.01,79936.0,79870.14,79927.37,25.51453
2026-09-06T00:30:00+00:00,79927.37,79940.68,79874.0,79880.01,39.57888
2026-09-06T00:45:00+00:00,79880.0,79932.57,79860.84,79868.0,46.66091
2026-09-06T01:00:00+00:00,79868.01,79999.48,79868.01,79962.01,83.70184
2026-09-06T01:15:00+00:00,79962.0,79991.34,79900.0,79922.0,53.3711
2026-09-06T01:30:00+00:00,79922.0,80067.45,79922.0,79981.37,101.91824
2026-09-06T01:45:00+00:00,79981.38,80013.29,79932.44,79951.39,66.01801
2026-09-06T02:00:00+00:00,79951.38,80019.11,79896.0,79997.86,106.0664
2026-09-06T02:15:00+00:00,79997.86,79997.87,79910.0,79911.46,74.48705
2026-09-06T02:30:00+00:00,79911.46,79952.9,79878.05,79878.05,43.4891
2026-09-06T02:45:00+00:00,79878.05,79914.95,79876.0,79907.28,34.20246
2026-09-06T03:00:00+00:00,79907.28,79937.08,79898.83,79937.08,35.48011
2026-09-06T03:15:00+00:00,79937.07,79968.16,79893.86,79899.13,80.68215
2026-09-06T03:30:00+00:00,79899.13,80107.99,79899.13,80107.99,77.55273
2026-09-06T03:45:00+00:00,80107.99,80107.99,80010.32,80028.01,54.9977
2026-09-06T04:00:00+00:00,80028.01,80028.01,79957.03,79971.13,57.54876
2026-09-06T04:15:00+00:00,79971.14,79986.0,79877.99,79932.0,58.16721
2026-09-06T04:30:00+00:00,79931.99,79932.0,79901.58,79913.0,48.42538
2026-09-06T04:45:00+00:00,79912.99,79948.0,79854.0,79866.01,198.22599
2026-09-06T05:00:00+00:00,79866.01,79900.0,79794.04,79804.0,96.48265
2026-09-06T05:15:00+00:00,79804.0,79875.99,79796.0,79845.0,327.29754
2026-09-06T05:30:00+00:00,79845.0,80107.99,79845.0,80020.0,157.76328
2026-09-06T05:45:00+00:00,80020.0,80030.0,79948.0,79989.13,60.67705
2026-09-06T06:00:00+00:00,79989.12,79989.13,79925.12,79925.12,56.89923
2026-09-06T06:15:00+00:00,79925.12,79925.13,79829.57,79834.46,66.17147
2026-09-06T06:30:00+00:00,79834.46,79847.38,79764.63,79824.25,71.86982
2026-09-06T06:45:00+00:00,79824.25,79824.26,79676.66,79784.65,95.4756
2026-09-06T07:00:00+00:00,79784.65,79799.05,79577.0,79678.51,119.45953
2026-09-06T07:15:00+00:00,79678.51,79850.0,79677.66,79823.23,83.96433
2026-09-06T07:30:00+00:00,79823.23,79865.89,79782.61,79846.0,81.25132
2026-09-06T07:45:00+00:00,79846.0,79854.44,79805.0,79805.0,54.55588
2026-09-06T08:00:00+00:00,79804.68,79889.99,79804.68,79873.5,228.40527
2026-09-06T08:15:00+00:00,79873.51,79873.51,79798.09,79804.0,42.28004
2026-09-06T08:30:00+00:00,79804.0,79814.02,79752.7,79779.74,256.27394
2026-09-06T08:45:00+00:00,79779.74,79876.0,79762.0,79837.17,51.31444
2026-09-06T09:00:00+00:00,79837.17,79927.75,79806.01,79927.74,78.95171
2026-09-06T09:15:00+00:00,79927.75,79989.57,79917.11,79967.93,87.44518
2026-09-06T09:30:00+00:00,79967.94,79990.0,79840.25,79856.05,283.71994
2026-09-06T09:45:00+00:00,79856.05,79905.1,79848.5,79885.77,234.04924
2026-09-06T10:00:00+00:00,79885.78,79938.01,79885.77,79921.87,48.38717
2026-09-06T10:15:00+00:00,79921.86,79984.12,79921.86,79973.57,56.94963
2026-09-06T10:30:00+00:00,79973.56,80014.65,79968.94,80013.02,60.70392
2026-09-06T10:45:00+00:00,80013.02,80020.0,79978.41,80003.93,57.34026
2026-09-06T11:00:00+00:00,80003.92,80003.93,79922.14,79979.33,59.88939
2026-09-06T11:15:00+00:00,79979.34,79990.0,79896.0,79902.77,62.03737
2026-09-06T11:30:00+00:00,79902.77,79971.99,79890.0,79953.92,63.29851
2026-09-06T11:45:00+00:00,79953.91,79963.62,79908.0,79919.17,38.85525
2026-09-06T12:00:00+00:00,79919.17,79942.0,79858.1,79930.0,63.62412
2026-09-06T12:15:00+00:00,79930.0,80004.01,79929.99,79972.04,85.61638
2026-09-06T12:30:00+00:00,79972.04,80010.0,79938.01,79938.01,62.87589
2026-09-06T12:45:00+00:00,79938.02,80000.0,79920.06,79922.04,57.67804
2026-09-06T13:00:00+00:00,79922.04,79968.0,79874.0,79886.0,94.49741
2026-09-06T13:15:00+00:00,79886.01,79886.01,79790.03,79794.07,60.55933
2026-09-06T13:30:00+00:00,79794.07,79857.99,79760.39,79794.23,127.09408
2026-09-06T13:45:00+00:00,79794.23,79845.17,79772.59,79829.98,98.13834
2026-09-06T14:00:00+00:00,79829.99,79840.25,79744.0,79750.0,98.39628
2026-09-06T14:15:00+00:00,79749.99,79796.0,79591.39,79671.82,175.64399
2026-09-06T14:30:00+00:00,79671.82,79756.76,79233.0,79718.18,339.8263
2026-09-06T14:45:00+00:00,79718.18,79718.18,79528.0,79543.06,85.82847
2026-09-06T15:00:00+00:00,79543.07,79585.95,79383.32,79538.51,164.39027
2026-09-06T15:15:00+00:00,79538.51,79662.0,79538.51,79635.92,51.30073
2026-09-06T15:30:00+00:00,79635.92,79716.0,79596.36,79692.01,40.20002
2026-09-06T15:45:00+00:00,79692.0,79734.59,79656.22,79716.5,86.21
2026-09-06T16:00:00+00:00,79716.51,79734.58,79606.04,79698.0,68.47929
2026-09-06T16:15:00+00:00,79698.01,79725.0,79641.62,79712.85,47.79233
2026-09-06T16:30:00+00:00,79712.85,79786.0,79691.28,79720.24,55.40391
2026-09-06T16:45:00+00:00,79720.24,79722.95,79645.02,79682.0,50.61579
2026-09-06T17:00:00+00:00,79682.0,79682.0,79584.73,79626.0,50.55929
2026-09-06T17:15:00+00:00,79626.0,79773.88,79625.99,79696.42,69.63835
2026-09-06T17:30:00+00:00,79696.42,79766.0,79676.59,79748.22,49.13549
2026-09-06T17:45:00+00:00,79748.22,79766.0,79732.0,79745.34,35.74258
2026-09-06T18:00:00+00:00,79745.34,79871.0,79745.34,79835.97,62.38992
2026-09-06T18:15:00+00:00,79835.97,79919.63,79826.71,79916.45,48.49527
2026-09-06T18:30:00+00:00,79916.46,79970.0,79916.45,79953.06,67.0845
2026-09-06T18:45:00+00:00,79953.07,79959.1,79902.62,79955.34,40.3743
2026-09-06T19:00:00+00:00,79955.34,79955.34,79866.34,79867.66,49.1678
2026-09-06T19:15:00+00:00,79867.66,79868.0,79822.41,79850.63,53.21578
2026-09-06T19:30:00+00:00,79850.62,79850.63,79806.62,79807.92,51.4425
2026-09-06T19:45:00+00:00,79807.92,79830.0,79799.52,79829.99,59.67546
2026-09-06T20:00:00+00:00,79830.0,79830.0,79776.59,79809.56,36.89557
2026-09-06T20:15:00+00:00,79809.56,79951.69,79809.56,79934.01,59.91393
2026-09-06T20:30:00+00:00,79934.0,79969.83,79916.0,79953.99,80.21136
2026-09-06T20:45:00+00:00,79954.0,79973.56,79899.35,79912.0,58.81763
2026-09-06T21:00:00+00:00,79912.0,80016.0,79912.0,80003.7,104.15188
2026-09-06T21:15:00+00:00,80003.7,80034.0,79900.0,79907.72,106.99164
2026-09-06T21:30:00+00:00,79907.72,79986.02,79875.24,79910.6,94.54432
2026-09-06T21:45:00+00:00,79910.6,80000.0,79893.68,79944.38,75.45247
2026-09-06T22:00:00+00:00,79944.39,79944.8,79676.03,79753.25,120.76825
2026-09-06T22:15:00+00:00,79753.25,79837.47,79647.04,79824.0,111.43259
2026-09-06T22:30:00+00:00,79823.99,80015.84,79816.01,79972.98,120.466
2026-09-06T22:45:00+00:00,79972.97,80093.79,79947.51,80055.17,134.06894
2026-09-06T23:00:00+00:00,80055.18,80352.18,80010.0,80191.67,240.66157
2026-09-06T23:15:00+00:00,80191.66,80280.0,80100.0,80122.0,157.95015
2026-09-06T23:30:00+00:00,80121.99,80487.49,80121.99,80383.25,238.12948
2026-09-06T23:45:00+00:00,80383.25,80559.99,80298.58,80341.83,259.35788
2026-09-07T00:00:00+00:00,80341.83,80443.99,80230.29,80328.0,171.05551
2026-09-07T00:15:00+00:00,80328.01,80336.0,80061.9,80199.89,113.3951
2026-09-07T00:30:00+00:00,80199.89,80272.0,80103.9,80150.01,90.8927
2026-09-07T00:45:00+00:00,80150.0,80198.21,80059.11,80160.01,97.89389
2026-09-07T01:00:00+00:00,80160.01,80243.81,79947.27,79958.55,149.05357
2026-09-07T01:15:00+00:00,79958.55,80014.07,79856.15,79918.56,140.09442
2026-09-07T01:30:00+00:00,79918.57,79992.0,79829.68,79854.46,74.94653
2026-09-07T01:45:00+00:00,79854.46,79986.47,79826.28,79926.14,65.12738
2026-09-07T02:00:00+00:00,79926.14,79939.17,79800.0,79837.03,60.48807
2026-09-07T02:15:00+00:00,79837.04,80041.61,79837.03,80032.01,88.13531
2026-09-07T02:30:00+00:00,80032.01,80426.0,80003.74,80264.0,157.27918
2026-09-07T02:45:00+00:00,80264.0,80280.0,79827.89,79874.24,105.33106
2026-09-07T03:00:00+00:00,79874.25,79986.02,79768.18,79792.78,105.71259
2026-09-07T03:15:00+00:00,79792.79,79836.63,79727.77,79729.42,71.55264
2026-09-07T03:30:00+00:00,79729.42,79769.99,79587.08,79631.88,95.48756
2026-09-07T03:45:00+00:00,79631.88,79687.04,79568.6,79596.39,151.47865
2026-09-07T04:00:00+00:00,79596.38,79683.96,79554.85,79683.95,156.24603
2026-09-07T04:15:00+00:00,79683.95,79693.88,79605.15,79605.15,272.64572
2026-09-07T04:30:00+00:00,79605.16,79682.49,79540.38,79680.85,118.53326
2026-09-07T04:45:00+00:00,79680.85,79732.15,79648.0,79724.0,132.93523
2026-09-07T05:00:00+00:00,79724.01,79778.92,79666.79,79778.91,300.79173
2026-09-07T05:15:00+00:00,79778.91,79926.04,79768.0,79855.99,120.23577
2026-09-07T05:30:00+00:00,79856.0,79869.63,79808.89,79865.1,93.2496
2026-09-07T05:45:00+00:00,79865.11,79865.48,79759.46,79759.47,111.01292
2026-09-07T06:00:00+00:00,79759.47,79825.7,79748.84,79812.77,101.0893
2026-09-07T06:15:00+00:00,79812.77,79813.06,79702.0,79717.44,99.29956
2026-09-07T06:30:00+00:00,79717.44,79739.98,79644.55,79680.0,276.47004
2026-09-07T06:45:00+00:00,79680.0,79682.0,79659.27,79659.27,87.17656
2026-09-07T07:00:00+00:00,79659.28,79691.06,79588.0,79618.82,86.69522
2026-09-07T07:15:00+00:00,79618.82,79629.99,79404.71,79424.32,166.93776
2026-09-07T07:30:00+00:00,79424.33,79522.89,79001.1,79284.0,432.40522
2026-09-07T07:45:00+00:00,79284.0,79410.89,79284.0,79397.83,181.84708
2026-09-07T08:00:00+00:00,79397.83,79509.9,79397.83,79466.34,111.24629
2026-09-07T08:15:00+00:00,79466.34,79522.87,79453.92,79466.13,103.58068
2026-09-07T08:30:00+00:00,79466.13,79530.47,79433.93,79480.62,88.69953
2026-09-07T08:45:00+00:00,79480.62,79500.0,79423.56,79437.38,63.87014
2026-09-07T09:00:00+00:00,79437.39,79550.0,79420.0,79528.39,98.96059
2026-09-07T09:15:00+00:00,79528.39,79537.25,79430.0,79480.0,148.33988
2026-09-07T09:30:00+00:00,79479.99,79480.0,79326.0,79392.27,66.85108
2026-09-07T09:45:00+00:00,79392.26,79453.99,79291.15,79313.85,70.21844
2026-09-07T10:00:00+00:00,79313.85,79408.71,79313.85,79377.32,97.4605
2026-09-07T10:15:00+00:00,79377.31,79429.35,79370.0,79421.75,62.91167
2026-09-07T10:30:00+00:00,79421.76,79447.99,79388.58,79447.98,62.82506
2026-09-07T10:45:00+00:00,79447.98,79459.5,79350.0,79360.0,116.9484
2026-09-07T11:00:00+00:00,79360.0,79411.99,79282.0,79411.99,94.04839
2026-09-07T11:15:00+00:00,79411.98,79468.73,79402.03,79445.71,55.13662
2026-09-07T11:30:00+00:00,79445.72,79487.01,79414.01,79414.02,63.02622
2026-09-07T11:45:00+00:00,79414.02,79438.55,79374.0,79420.16,109.95776
2026-09-07T12:00:00+00:00,79420.16,79500.0,79400.48,79425.61,57.60005
2026-09-07T12:15:00+00:00,79425.61,79530.92,79413.91,79530.0,71.05517
2026-09-07T12:30:00+00:00,79529.99,79530.0,79459.98,79472.82,50.74705
2026-09-07T12:45:00+00:00,79472.82,79627.43,79472.81,79606.84,99.20785
2026-09-07T13:00:00+00:00,79606.84,79643.5,79530.0,79623.99,123.68983
2026-09-07T13:15:00+00:00,79624.0,79643.22,79578.18,79643.21,72.51104
2026-09-07T13:30:00+00:00,79643.21,79643.22,79318.92,79374.99,239.59508
2026-09-07T13:45:00+00:00,79375.0,79417.7,79324.0,79352.01,102.07879
2026-09-07T14:00:00+00:00,79352.0,79396.36,79119.13,79176.33,181.19474
2026-09-07T14:15:00+00:00,79176.33,79222.0,79046.0,79053.8,157.58074
2026-09-07T14:30:00+00:00,79053.79,79104.0,78956.94,79030.17,246.22184
2026-09-07T14:45:00+00:00,79030.17,79276.94,79028.0,79191.95,144.96529
2026-09-07T15:00:00+00:00,79191.96,79191.96,79036.01,79048.0,100.65133
2026-09-07T15:15:00+00:00,79048.01,79138.0,78832.0,79027.84,214.62319
2026-09-07T15:30:00+00:00,79027.84,79034.0,78680.0,78776.42,298.54974
2026-09-07T15:45:00+00:00,78776.43,78861.44,78700.0,78821.99,176.33385
2026-09-07T16:00:00+00:00,78822.0,78920.0,78817.01,78911.99,124.01
2026-09-07T16:15:00+00:00,78911.99,78911.99,78807.69,78832.0,93.42901
2026-09-07T16:30:00+00:00,78832.0,79035.23,78831.99,78999.01,116.49883
2026-09-07T16:45:00+00:00,78999.02,79028.88,78970.32,79028.87,95.06118
2026-09-07T17:00:00+00:00,79028.88,79152.0,79018.0,79152.0,76.39578
2026-09-07T17:15:00+00:00,79152.0,79157.54,79094.77,79121.43,71.14091
2026-09-07T17:30:00+00:00,79121.44,79172.63,79076.1,79153.02,47.34433
2026-09-07T17:45:00+00:00,79153.01,79223.53,79144.0,79185.73,56.49435
2026-09-07T18:00:00+00:00,79185.74,79215.33,79148.78,79174.96,103.74432
2026-09-07T18:15:00+00:00,79174.95,79207.64,79133.44,79141.91,74.93318
2026-09-07T18:30:00+00:00,79141.91,79163.41,79096.0,79158.9,85.6197
2026-09-07T18:45:00+00:00,79158.9,79244.0,79144.0,79196.16,43.94823
2026-09-07T19:00:00+00:00,79196.15,79196.16,79150.0,79165.98,38.04583
2026-09-07T19:15:00+00:00,79165.99,79243.43,79165.98,79243.43,36.22608
2026-09-07T19:30:00+00:00,79243.43,79419.17,79240.44,79342.39,92.37676
2026-09-07T19:45:00+00:00,79342.38,79382.98,79342.38,79365.82,63.84304
2026-09-07T20:00:00+00:00,79365.81,79394.92,79212.0,79236.76,82.74692
2026-09-07T20:15:00+00:00,79236.75,79259.51,79184.2,79213.97,34.83917
2026-09-07T20:30:00+00:00,79213.96,79241.28,79188.41,79188.42,26.38506
2026-09-07T20:45:00+00:00,79188.41,79261.33,79168.01,79238.0,68.6533
2026-09-07T21:00:00+00:00,79238.0,79266.0,79207.99,79266.0,36.18576
2026-09-07T21:15:00+00:00,79266.0,79278.0,79215.64,79232.01,42.43831
2026-09-07T21:30:00+00:00,79232.0,79235.0,79168.02,79192.72,49.47876
2026-09-07T21:45:00+00:00,79192.72,79216.0,79164.0,79164.0,35.5892
2026-09-07T22:00:00+00:00,79164.01,79218.18,79077.93,79154.47,88.99114
2026-09-07T22:15:00+00:00,79154.47,79200.0,79028.05,79104.0,144.39282
2026-09-07T22:30:00+00:00,79104.01,79104.01,78781.07,78812.96,155.07195
2026-09-07T22:45:00+00:00,78812.96,78965.93,78812.96,78952.19,69.54913
2026-09-07T23:00:00+00:00,78952.18,79166.0,78938.38,79132.01,104.74643
2026-09-07T23:15:00+00:00,79132.0,79140.33,78969.99,79013.0,76.07007
2026-09-07T23:30:00+00:00,79012.99,79120.0,78988.52,79119.99,45.65428
2026-09-07T23:45:00+00:00,79119.99,79210.0,79107.95,79112.01,66.36913
2026-09-08T00:00:00+00:00,79112.0,79114.0,78986.14,79053.78,122.90815
2026-09-08T00:15:00+00:00,79053.79,79146.0,78972.51,79030.0,66.48131
